{
  "skills": [
    "git",
    "css",
    "agile",
    "reactjs",
    "html",
    "linux",
    "full stack development",
    "ubuntu",
    "bitbucket",
    "mysql",
    "oracle",
    "project management",
    "jquery",
    "sql",
    "magento",
    "stack",
    "javascript",
    "apache",
    "database",
    "database design",
    "couchdb",
    "laravel",
    "nginx",
    "mvc",
    "bootstrap",
    "docker",
    "object oriented",
    "lifecycle",
    "php",
    "backend development",
    "mongodb",
    "centos",
    "management",
    "aws",
    "restful"
  ],
  "fulltext": "Hoang Minh DungE-mail: itmanvn07@gmail.com Website: itmanvn07.com Phone: VN:+84967217522Thai: +6618271941Binh Thanh district, Ho Chi Minh cityPROFESSIONAL SUMMARY- Object Oriented PHP Developer- Project management and supervisory experience, Scrum, Agile- Linux server managament- PHP, Node.js, MVC, Git / Subversion toolset, Docker, Drush, Drupal console- CMS: Drupal 7, Drupal 8, Magento 1.9- Framework: Yii , CodeIgniter, Laravel, Zend, Nodejs(exrepss)- Database : Database design, MS SQL, My SQL, Oracle, MongoDB- Front-end: Jquery, HTML, CSS, Reactjs, Bootstrap- Tools: Photosop, Netbean, Sublimetext, Smartgit,..- Others: AWS EC2, Restful API, Linux , Amazon API, Digital Ocean, Facebook APIs, Google APIsWORK EXPERIENCEAleph Labs, BangKok2017 PresentSenior Full Stack Developer- Participating in the full development lifecycle, including architecture, design,development.- Developed mock server used Node.js- Work with third-parties involved with application development- Mainly using Drupal 8 to developed websites (Using Views, custom module, customtheme, Restful API ,..)- Used Drush, Docker, GIT, Bitbucket- Used agile and scrum methodologies to develop Drupal applications.- Setup Ubuntu, CentOS server, Nginx, Apache, PHP, MySQL...- Support Junior team members DBIZ Group, Ho Chi Minh2014 2016PHP Team Leader- Created and developed new site capabilities and features- Work on Drupal, Magento, Laravel front and back end development, along withtheming.- Developed and maintained websites based on Drupal, Magento and Laravel- Worked with Google API, Facebook API- Coordinate with project manager to estimate.- Setup Ubuntu, Centos server as well as Memcache, Nginx, Apache, ...- Code review SutrixMedia, Ho Chi Minh2011 2013Hoang Minh Dung1Software EngineeringEDUCATIONUniversity of Information Technology (Vietnam National University)PHP developer- Created coding for websites- Wrote code in Drupal , Magento , Zend Framework, CodeIgniter,JavaScript, HTML, MySql, Couchdb- Worked with Facebook API to login, gather user informantion,.- Wrote stored procedure, view, function in PL/SQl Oracle- Maintained developed websites INTERESTSFootball, BilliardsHoang Minh Dung2",
  "educations": [
    {
      "id": 4468,
      "gpa": null,
      "major": "Software technology",
      "school": "University of Information Technology (Vietnam National University)",
      "diploma": "Bachelors",
      "end_time": null,
      "conf_score": 0.773087465715418,
      "start_time": null,
      "picklist_major": "IT - Hardware/Networking",
      "major categories": "Computer and information technology",
      "major_categories_detail": "Computer"
    }
  ],
  "experiences": [
    {
      "id": 14887,
      "detail": "- Participating in the full development lifecycle, including architecture, design, development.- Developed mock server used Node.js - Work with third-parties involved with application development- Mainly using Drupal 8 to developed websites (Using Views, custom module, custom theme , Restful API , ..) - Used Drush, Docker, GIT, Bitbucket - Used agile and scrum methodologies to develop Drupal applications.- Setup Ubuntu, CentOS server, Nginx, Apache, PHP, MySQL... - Support Junior team members",
      "company": "Aleph Labs",
      "end_time": "2023-04-13T00:00:00Z",
      "industry": "Other",
      "position": "Senior Full Stack Developer",
      "conf_score": 0.9149979763506044,
      "start_time": "2017-01-01T00:00:00Z"
    },
    {
      "id": 14888,
      "detail": "- Created and developed new site capabilities and features- Work on Drupal, Magento, Laravel front and back end development, along with theming.- Developed and maintained websites based on Drupal, Magento and Laravel - Worked with Google API, Facebook API - Coordinate with project manager to estimate.- Setup Ubuntu, Centos server as well as Memcache, Nginx, Apache, ... - Code review",
      "company": "DBIZ Group",
      "end_time": "2016-01-31T00:00:00Z",
      "industry": "Other",
      "position": "PHP Team Leader",
      "conf_score": 0.9166396554468658,
      "start_time": "2014-01-01T00:00:00Z"
    },
    {
      "id": 14889,
      "detail": "- Created coding for websites- Wrote code in Drupal , Magento , Zend Framework, CodeIgniter, JavaScript, HTML, MySql, Couchdb - Worked with Facebook API to login, gather user informantion,.- Wrote stored procedure, view, function in PL/SQl Oracle - Maintained developed websites",
      "company": "SutrixMedia",
      "end_time": "2013-01-31T00:00:00Z",
      "industry": "Other",
      "position": "PHP developer",
      "conf_score": 0.8397249037156924,
      "start_time": "2011-01-01T00:00:00Z"
    }
  ],
  "address": "Binh Thanh district, Ho Chi Minh city"
}