{
  "skills": [
    "angular",
    "java",
    "sql",
    "management",
    "studio",
    "excel",
    "redux",
    "entity framework",
    "git",
    "svn",
    "sell",
    "typescript",
    "android",
    "ionic",
    "asp",
    "website development",
    "sql",
    "jira",
    "visual studio",
    "bug fixing",
    "testing",
    "communication skills",
    "uiautomator",
    "database",
    "angular 2",
    "database design",
    "cell phone",
    "teamwork",
    "bootstrap",
    "sql server",
    "mysql",
    "jquery"
  ],
  "fulltext": "Nguyen Nhut ThanhAngular DeveloperDate of birth: August,7 1993Gender: MalePhone: 0985493463Email: Nhutthanh0893@gmail.comAddress: Go vap district, Ho Chi Minh city, VietNamWebsite: https://www.facebook.com/nhutthanh.nguyen.54OBJECTIVENow, I 'm working as a web developer. Within 2 years of experience in Front End + .Net. I can use Redux,Angular2, ASP.NET.. website programmingEDUCATIONOct 2011 - July 2015Cuu Long UniversityInformation TechnologyGPA: 7.46 / 10WORK EXPERIENCEFebruary-2018 - NowSmartlog Vietnam logistics solution corporationAngular developerMain responsibilities: - Code Angular2, 4- Nodejs Loopback , Api, MySql. - Using Android studio, Visual Studio CodeVNNGIT Company LimitedDecember 2016 -DeveloperFebruary-2018Main responsibilities: - Code Angular2, Redux, Svelte . - Learning Angular2, Redux, Node Js- Using Android studio, Visual Studio CodeMarch 2016 - December 2016Sieu Viet Company LimitedDeveloper- Programming website design. - Website design based on ASP.NET MVC5, MSSQL- Support S.E.O for the company's website.- Programming ERD and CMR - Website design work management associated with work managementsoftware on the basis of Visual Basic - Integrate website interact with customer's ERD software.LanguageEnglish, VietnameseComputerWord, Excel, PowerpointPersonal skills- Organizational skills - Communication skills - Group skillOther skills- Use Git, Android Studio, Visual Studio, Jira, Scrum, visual code..SKILLSINTERESTSI like soccer, music..ADDITIONAL INFORMATION- Programming on the basic Java, Testing Android application software using UIAutomator,- Basic Android programming.,- Website programming on the basis of ASP.NET MVC5 basic.- Ability to work in a team and adapt to a good working environment.- Relative English. Relative presentation skills.- Programming of Visual Basic, ERP software- Using MS SQL Server. - Angular 2, Nodejs, ReduxPROJECTSZDEAL(March 2016 - December 2016)CustomerProduct of CompanyDescriptionReal Estate Website.Team size3My positionDeveloperMy responsibilities- Design database- Develop website using ASP.NET MVC5 and SQL. - Bug Fixing.Technologies used- Visual Studio 2015, MSSQL- ASP.NET MVC5- Git- Entity FrameworkVNNG-SWAP-EZ(December 2016 - February-2018)CustomerProduct of CompanyDescriptionAn Ecommerce platform to support people buy, sell and exchange (Cell phone) ,Tablet,..).Team size8My positionDeveloperMy responsibilities+ Create and develop new features, fix bugs.+ Develop website using Angular2, Redux, JQuery,.+ Front-end website using bootstrap,sematic UI.+ Teamwork. Using Git deploy code.+ Bug Fixing.Technologies usedAngular 2 NodeJs GITRedux.SEM(February-2018 - Now)CustomerProduct of CompanyDescriptionLogistics ExpressTeam size6My positionDeveloperMy responsibilities+ Create and develop new features, fix bugs. + Develop platform using Angular4, TypeScript, Nodejs and MySql.+ Build mobile app using Ionic2.3. + Teamwork, Using SVN deploy code.+ Bug Fixing.Technologies usedAngular 4NodeJs loopbackSVNIONIC 2.3MYSQL topcv.vn",
  "educations": [
    {
      "id": 4471,
      "gpa": "7.46",
      "major": "Information technology",
      "school": "Cuu Long University",
      "diploma": "Bachelors",
      "end_time": "2015-07-01T00:00:00Z",
      "conf_score": 0.8413267261986577,
      "start_time": "2011-10-01T00:00:00Z",
      "picklist_major": "IT - Hardware/Networking",
      "major categories": "Computer and information technology",
      "major_categories_detail": "Information technology"
    }
  ],
  "experiences": [
    {
      "id": 14895,
      "detail": "ain responsibilities:- Code Angular2, 4 - Nodejs Loopback , Api, MySql. - Using Android studio, Visual Studio Code",
      "company": "Smartlog Vietnam logistics solution corporation",
      "end_time": "2023-04-13T00:00:00Z",
      "industry": "Transportation & Logistics",
      "position": "Angular developer",
      "conf_score": 0.9283402044765778,
      "start_time": "2018-02-01T00:00:00Z"
    },
    {
      "id": 14897,
      "detail": "ain responsibilities:- Code Angular2, Redux, Svelte . - Learning Angular2, Redux, Node Js - Using Android studio, Visual Studio Code",
      "company": "VNNGIT Company Limited",
      "end_time": "2018-01-31T00:00:00Z",
      "industry": "High Technology",
      "position": "Developer",
      "conf_score": 0.8734832502047997,
      "start_time": "2016-12-01T00:00:00Z"
    },
    {
      "id": 14900,
      "detail": "- Programming website design.- Website design based on ASP.NET MVC5, MSSQL - Support S.E.O for the company's website.- Programming ERD and CMR - Website design work management associated with work management software on the basis of Visual Basic - Integrate website interact with customer's ERD software.",
      "company": "Sieu Viet Company Limited",
      "end_time": "2016-12-31T00:00:00Z",
      "industry": "Other",
      "position": "Developer",
      "conf_score": 0.9257372771525854,
      "start_time": "2016-03-01T00:00:00Z"
    }
  ],
  "address": "Go vap district, Ho Chi Minh city, Vietnam"
}