{
  "skills": [
    "stack",
    "responsive",
    "budgeting",
    "graphql",
    "cloud",
    "sales",
    "mongodb",
    "sidekiq",
    "postgresql",
    "cloud storage",
    "elasticsearch",
    "rail",
    "redis",
    "ruby",
    "rspec",
    "google cloud",
    "google cloud storage",
    "algorithm",
    "design patterns",
    "restful",
    "oop",
    "github",
    "oauth",
    "sales activities",
    "reactjs",
    "bottle",
    "database",
    "memcached",
    "database design",
    "mocha",
    "full stack development",
    "bootstrap",
    "jquery"
  ],
  "fulltext": "Thanh Huynh Kien Ruby on Rails developer Github hkthanh89 Linkedin hkthanh Stackoverflow bar SKILLS -Experience building products with RoR. -Experience writing tests. -Experience designing and developing RESTful APIs, caching, database design to improve performance. -Familiarity with refactoring and code review processes to maintain code quality standards. -Understanding of OOP, some design patterns, scalings. EXPERIENCE RoR developer, MySQUAR; HCM City, Vietnam Apr 2016Nov 2018 MyChat: Social application built solely for Myanmar -Develop APIs and write tests using OAuth, RoR, ReactJS, PostgreSQL, Elasticsearch, RSpec, FactoryGirl, Sidekiq, Memcached, Redis. Photo/Audio Server: A server serves for uploading/resize photos, audios -Develop uploading audios api, help the team write tests for all APIs using NodeJS, Express, Mocha, Chai, Sinon, Google Cloud Storage. MingalarbarMorning: News website built solely for Myanmar -Develop APIs using NodeJS, Express, PostgreSQL, GraphQL. RoR developer, FreeRangeTechnology; HCM City, Vietnam May 2014Feb 2016 GPDQ: Uber-like app help people making appointment with doctors. -Develop APIs using RoR, PostgreSQL, Google distance services, Sidekiq. Hellobacsi: Health news website for Vietnamese -Full stack development using RoR, PostgreSQL, Bootstrap, Responsive Web. Fightclub: Football Betting website -Full stack development using RoR, PostgreSQL, BackboneJS, Responsive Web, Sidekiq. RoR developer, Nexle Corporation; HCM City, Vietnam Aug 2013Apr 2014 ProfitPlanner: A budgeting and forecasting program that uses complex algorithms to simplify the calculation of financial and sales activity targets -Full stack development using RoR, PostgreSQL, Bootstrap, jQuery, S3, Sidekiq. Dealhits & DealhitsBiz: Location-based social mobile shopping applications for shoppers, restaurants and retailers to engage and interact directly - Full stack development using RoR, MongoDB, Elasticsearch, Bootstrap, jQuery, S3, Sidekiq. RoR developer, Freelancer Feb 2013Jul 2013 Work on freelance projects developed by RoR, PostgreSQL, FactoryGirl, RSpec, jQuery. SIDE PROJECTS -URL Preview API written in Go. -Online Test System written in RoR. EDUCATION Hoa Sen University, Vietnam Bachelor of Information Technology, 2013",
  "educations": [
    {
      "id": 4473,
      "gpa": null,
      "major": "Information technology",
      "school": "Hoa Sen University",
      "diploma": "Bachelors",
      "end_time": "2013-01-01T00:00:00Z",
      "conf_score": 0.9575520321939274,
      "start_time": null,
      "picklist_major": "IT - Hardware/Networking",
      "major categories": "Computer and information technology",
      "major_categories_detail": "Information technology"
    }
  ],
  "experiences": [
    {
      "id": 14894,
      "detail": "MyChat: Social application built solely for Myanmar -Develop APIs and write tests using OAuth, RoR, ReactJS, PostgreSQL, Elasticsearch, RSpec, FactoryGirl, Sidekiq, Memcached, Redis. Photo/Audio Server: A server serves for uploading/resize photos, audios-Develop uploading audios api, help the team write tests for all APIs using NodeJS, Express, Mocha, Chai, Sinon, Google Cloud Storage. MingalarbarMorning: News website built solely for Myanmar -Develop APIs using NodeJS, Express, PostgreSQL, GraphQL.",
      "company": "MySQUAR",
      "end_time": "2018-11-30T00:00:00Z",
      "industry": "Other",
      "position": "RoR developer",
      "conf_score": 0.9162385206282713,
      "start_time": "2016-04-01T00:00:00Z"
    },
    {
      "id": 14896,
      "detail": "GPDQ: Uber-like app help people making appointment with doctors.-Develop APIs using RoR, PostgreSQL, Google distance services, Sidekiq. Hellobacsi: Health news website for Vietnamese -Full stack development using RoR, PostgreSQL, Bootstrap, Responsive Web. Fightclub: Football Betting website-Full stack development using RoR, PostgreSQL, BackboneJS, Responsive Web, Sidekiq.",
      "company": "FreeRangeTechnology",
      "end_time": "2016-02-29T00:00:00Z",
      "industry": "High Technology",
      "position": "RoR developer",
      "conf_score": 0.9162385206282713,
      "start_time": "2014-05-01T00:00:00Z"
    },
    {
      "id": 14899,
      "detail": "ProfitPlanner: A budgeting and forecasting program that uses complex algorithms to simplify the calculation of financial and sales activity targets-Full stack development using RoR, PostgreSQL, Bootstrap, jQuery, S3, Sidekiq. Dealhits & DealhitsBiz: Location-based social mobile shopping applications for shoppers, restaurants and retailers to engage and interact directly- Full stack development using RoR, MongoDB, Elasticsearch, Bootstrap, jQuery, S3, Sidekiq.",
      "company": "Nexle Corporation",
      "end_time": "2014-04-30T00:00:00Z",
      "industry": "Other",
      "position": "RoR developer",
      "conf_score": 0.9162385206282713,
      "start_time": "2013-08-01T00:00:00Z"
    },
    {
      "id": 14902,
      "detail": "Work on freelance projects developed by RoR, PostgreSQL, FactoryGirl, RSpec, jQuery.",
      "company": "Nexle Corporation",
      "end_time": "2013-07-31T00:00:00Z",
      "industry": "Other",
      "position": "RoR developer, Freelancer",
      "conf_score": 0.6925429707670153,
      "start_time": "2013-02-01T00:00:00Z"
    }
  ],
  "address": null
}