{
  "skills": [
    "database",
    "sql database",
    "testng",
    "accounting",
    "sql",
    "automation",
    "analytics",
    "jira",
    "structure",
    "maven",
    "selenium",
    "ruby",
    "testing",
    "microsoft",
    "trello",
    "excel",
    "data warehouse"
  ],
  "fulltext": "Curriculum Vitae PERSONAL INFORMATION Name: DO TIEN BACH DANG Date of Birth: October 15, 1992 Age: 25 Sex: Male EDUCATION BACKGROUND 2010 2014: -University of Science, Ho Chi Minh City oMajor: Service Science. oGPA : 8 LAREER PROFICIENCYEnglish :Good Vietnamese: Native CAREER HISTORY 2012 2013 (6 months) -IT Executive at The Body Food restaurant Writing CMS, website and required features for restaurants. 2014 Sep 2016 (2 years, 6 months) -QA Engineer at Lazada Tech Hub Testallprojectsforallventures(Vietnam,Thailand,Singapore,Indonesia,Philippine,Malaysia) to support for Lazada business: NotificationSystemfor6ventures,thesystemsatisfiescomplicatedbusinessrequirement, sending 120,000 notifications (SMS and emails) per day. Order Tracking: Helping customers track their orders information. SupplierPartnershipPortal:Asystemtosupportsuppliers,allofthemnowcaneasilyreceiveandproceedtheirordersaswellasmanagetheirproduct'spriceand stock, setup their own promotion campaigns... OrderManagementSystem(OMS):Asystemtomanagesalesorders,suppliers,products with advanced features and high end technologies. oProcess order retail, drop shipping, cross docking. oCreate, process and return PO, Return an order. oWarehouse - change status in warehouse. oLead-time track all order and keep it deliver to customer in time. APIAdapter:Tohelpsystemtalkseasily,transparentlywithcarriers(internalandexternal). PackageManagementSystem(PMS):Asystemmanagepackagewhichisrepairto delivery to customer. SAP/ERP: oBilling message oInventory Movement message. oAccounting message Responsibility: Create and execute test cases to ensure functionality matches requirements. Evaluate and report on quality of new feature prior for each release. Triageandreportverifiedbugsorissuesontocompanysissuetrackingsystem.(Jira) Improve existing test cases and processes of system. WorkingcloselywithProductManagersandLeadDeveloperstomaintaindocumentation for new and existing functionality. Mentor and train junior QA members on new testing processes and techniques. Oct 2016 Jan 2018 Senior QA at Silicon Straits Saigon company -JoinFixt-hubproject:Itiswebapplicationusedtogetinformationfromseveralsourcesand give a data comparison/chart for user. All Matches: compare 2 sources with each other to help user have an overview. Screener: Analytics one or two data to show the comparison/chart. Workflows:Usercanbaseondataandaddconditionstocreatespecificruledepend on user requirement. -SmartLockerproject:ThisisthelogisticsolutioncorporatedwithGiaoHangNhanh.Locker will help driver to save time when customer cannot pick packet on time. Dropoff:Driverwillbringpackagesfromwarehouse/supplier;putintolockerusing unit passcode for each package and send detail information to customer. Pickup: Customer can take package in Locker by using passcode in free time. Update and maintain Automation tool (Using Ruby and Cucumber) Responsibility: Responsible to test whole system before demo with client. Design user flow for Locker. Create and improve test cases for projects. Re-structure process in Jira/Trello. Work directly with client about bugs and new feature. Support Developer and train new QA members. Tool/Framework: Selenium, TestNG, Intellij, Maven. Apr 2018 - Aug 2018 Senior QA at FETCH JoinAsknTeachproject:it'sanapplicationonAndroidandIos,which3mainappStudend,Mentor,Parent.AsknTeachwantbuildenvironmentforstudenttoimprovetheir knowledges. Student:Appallowstudentposttheirquestions,viewanotherquestionontheirlevel. Specially student can chat directly with Mentor. Mentor:Appallowmentorviewandanswerallquestionofstudent.Theycanchat with student and earn money on that. Parent:Appallowparentcantrackingtheirchildrenonwhentheirchildrenneedhelp from Mentor. PERSONAL SKILL -Fluently in English -Easy to adapt to new environments -Proficient in Microsoft office: MS Word, MS Excel. -4+ year of experience in manual QA for web applications. -Enthusiastic, Responsible and eager to learn with a passion for QA -Hard-worker, could organize and arrange the work and sense of responsibility. -Experience with bug trackers: Jira/Trello/... -Extensive experience testing environment configuration, functionality, compatibility, and integration of mobile or web applications -Data Warehouse works prefered. -Working with several large and complex SQL databases PERSONAL PROFILE Reading book and listening to instrument music. Playing badminton, soccer, table tennis. Speaking English and making friend with people of all ages, especially children and foreigners.",
  "educations": [
    {
      "id": 4482,
      "gpa": null,
      "major": "Service Science.",
      "school": "University of Science, Ho Chi Minh City",
      "diploma": "Bachelors",
      "end_time": "2014-01-01T00:00:00Z",
      "conf_score": 0.9365752895237048,
      "start_time": "2010-01-01T00:00:00Z",
      "picklist_major": "Other",
      "major categories": "",
      "major_categories_detail": ""
    }
  ],
  "experiences": [
    {
      "id": 14928,
      "detail": "JoinAsknTeachproject:it'sanapplicationonAndroidandIos,which3mainapp Studend,Mentor,Parent.AsknTeachwantbuildenvironmentforstudenttoimprove their knowledges.Student:Appallowstudentposttheirquestions,viewanotherquestionontheir level. Specially student can chat directly with Mentor. Mentor:Appallowmentorviewandanswerallquestionofstudent.Theycan chat with student and earn money on that.Parent:Appallowparentcantrackingtheirchildrenonwhentheirchildrenneed help from Mentor. PERSONAL SKILL",
      "company": "FETCH ONLY",
      "end_time": "2018-08-31T00:00:00Z",
      "industry": "Other",
      "position": "Senior QA",
      "conf_score": 0.9125515786070235,
      "start_time": "2018-04-01T00:00:00Z"
    },
    {
      "id": 14929,
      "detail": "- JoinFixt-hubproject:Itiswebapplicationusedtogetinformationfromseveralsources and give a data comparison/chart for user. All Matches: compare 2 sources with each other to help user have an overview. Screener: Analytics one or two data to show the comparison/chart. Workflows:Usercanbaseondataandaddconditionstocreatespecificrule depends on user requirement.- SmartLockerproject:ThisisthelogisticsolutioncorporatedwithGiaoHangQuick. Locker will help driver to save time when customer cannot pick packet on time. Dropoff:Driverwillbringpackagesfromwarehouse/supplier;putintolocker using unit passcode for each package and send detail information to customer. Pickup: Customer can take package in Locker by using passcode in free time. Update and maintain Automation tool (Using Ruby and Cucumber) Responsibility: Responsible to test whole system before demo with client. Design user flow for Locker. Create and improve test cases for projects. Re-structure process in Jira/Trello. Work directly with client about bugs and new feature. Support Developer and train new QA members. Tool/Framework: Selenium, TestNG, Intellij, Maven.",
      "company": "Silicon Straits Saigon company",
      "end_time": "2018-01-31T00:00:00Z",
      "industry": "Other",
      "position": "Senior QA",
      "conf_score": 0.9125515786070235,
      "start_time": "2016-10-01T00:00:00Z"
    },
    {
      "id": 14931,
      "detail": "Testallprojectsforallventures(Vietnam,Thailand,Singapore,Indonesia,Philippines, Malaysia) to support for Lazada business: NotificationSystemfor6ventures,thesystemsatisfiescomplicatedbusiness requirement, sending 120,000 notifications (SMS and emails) per day. Order Tracking: Helping customers track their orders information. SupplierPartnershipPortal:Asystemtosupportsuppliers,allofthemnowcan easilyreceiveandproceedtheirordersaswellasmanagetheirproduct'sprice and stock, setup their own promotion campaigns... OrderManagementSystem(OMS):Asystemtomanagesalesorders,suppliers, products... with advanced features and high end technologies. oProcess order retail, drop shipping, cross docking. oCreate, process and return PO, Return an order. oWarehouse - change status in warehouse. oLead-time - track all order and keep it deliver to customer in time. APIAdapter:Tohelpsystemtalkseasily,transparentlywithcarriers(internaland external). PackageManagementSystem(PMS):Asystemmanagepackagewhichisrepair to delivery to customer. SAP/ERP: oBilling message oInventory Movement message. oAccounting messageResponsibility: Create and execute test cases to ensure functionality matches requirements. Evaluate and report on quality of new feature prior for each release. Triageandreportverifiedbugsorissuesontocompanysissuetrackingsystem. (Jira) Improve existing test cases and processes of system. WorkingcloselywithProductManagersandLeadDeveloperstomaintain documentation for new and existing functionality. Mentor and train junior QA members on new testing processes and techniques.",
      "company": "Lazada Tech Hub",
      "end_time": "2016-09-30T00:00:00Z",
      "industry": "High Technology",
      "position": "QA Engineer",
      "conf_score": 0.9125515786070235,
      "start_time": "2014-01-01T00:00:00Z"
    },
    {
      "id": 14933,
      "detail": "Writing CMS, website and required features for restaurants.",
      "company": "The Body Food restaurant",
      "end_time": "2013-01-31T00:00:00Z",
      "industry": "FMCG",
      "position": "IT Executive",
      "conf_score": 0.9125515786070235,
      "start_time": "2012-01-01T00:00:00Z"
    }
  ],
  "address": null
}