{
  "skills": [
    "networking",
    "java",
    "css",
    "git",
    "microservices",
    "analysis",
    "babe",
    "firebase",
    "reactjs",
    "html",
    "linux",
    "mysql",
    "io",
    "redux",
    "jquery",
    "business logic",
    "sql",
    "javascript",
    "swift",
    "website development",
    "database",
    "nginx",
    "react native",
    "ams",
    "restful",
    "lifecycle",
    "backend development",
    "android",
    "socket io",
    "firestore",
    "mongodb",
    "cordova"
  ],
  "fulltext": "TUAN CHAU2PROFILEExperienced over five years in fullstack developer, with that help to me well know the softwarebusiness logic, lifecycle of software, so l can build the completed software production by myself, orteam working with specialized teams.EMPLOYMENT HISTORYFullstack Developer at CocKeng, Ho Chi MinhMay 2018 - Presentl am fullstack developer at https://www.cockeng.com,- Designer: Iused Sketch, Photoshop, and Font lcon tools- Web developer: Iused ReactJs to build the landing page website- Mobile developer: Iused React Native to build ios, and Android app- Back-end developer: Iused NodeJs to build back-end, and it is running on Firebase infrastructure.* Knowledge and skills:- Experience writing cross-platform apps with React Native- Experience in working mobile native code on iOS and Android that interfaces with the ReactNative application- Good understanding of JavaScript, HTML, CSS, RESTful APIs, HTTP, and networking concepts- Experience submit apps to Google Play, and App Store- Experience publish React Native app Over The Air (OTA) with CodePush- Experience debuging the javascript code with Google Chrome, VSCode- Experience in Firestore, Realtime Database, ExpressJs, Push Notification...- Experience using git tool- Comfortable product development environmentsFullstack Developer at Raodee Corp, Ho Chi MinhNovember 2016 - October 2018l am fullstack developer at https://raodee.com,Web developer: Iused ReactJs to build Raodee's websiteMobile developer: Jused React Native to build ios, and Android appBack-end developer: I used NodeJs to build the microservices of Raodee's backend, like: Messenger service, Notification service, Photo service, ..* Knowledge and skills:- Experience writing cross-platform apps with React Native- Good understanding of JavaScript, HTML, CSS, RESTful APIs, HTTP, and networking concepts- Experience submit apps to Google Play, and App Store- Experience in Microservices, Linux server, ExpressJs, gRPC, ngnix, RadbitMQ, MongoDB, PushNotification,...- Experience publish React Native app Over The Air (OTA) with Expo- Experience debugging the javascript code with Google Chrome, VSCode- Experience using git toolSKILLS ResearchBusiness logicSystem analysis and designLeadershipStart-upJavaScript, HTML, CSS, RESTfulAPIs, HTTPReactJs, Redux, Babel, Webpack,jQueryReact Native, iOS (Swift, Android(Java)NodeJs, ExpressJS, Socket.ioFirebase, Firestore , RealtimeDatabase, Push Notification,Storage, AnalyticMongoDB, MySQL, SQL ServerMicroservice grpc, nginx,RabbitMeO LANGUAGES OEnglishVietnameseFullsatck Developer at OQuen, Can ThoNovember 2013 - October 2016Iam fullstack developer at OQuen,Web developer: Iused JQuery, HTML, CSS to build the OQuen websiteMobile developer: used Cordova to build ios, Android appBack-end developer: Iused Java to build back-endSEDUCATIONCantho University Software Center, Can ThoApril 2011 - August 2013Degree: Software engineeringO HOBBIES OProgramming, Fotball, swimming",
  "educations": [
    {
      "id": 4481,
      "gpa": null,
      "major": "Software technology",
      "school": "Cantho University Software Center",
      "diploma": "Bachelors",
      "end_time": "2013-08-01T00:00:00Z",
      "conf_score": 0.9316587353530018,
      "start_time": "2011-04-01T00:00:00Z",
      "picklist_major": "IT - Hardware/Networking",
      "major categories": "Computer and information technology",
      "major_categories_detail": "Computer"
    }
  ],
  "experiences": [
    {
      "id": 14924,
      "detail": ": Iused ReactJs to build the landing page website- Mobile developer: Iused React Native to build ios, and Android app- Back-end developer: Iused NodeJs to build back-end, and it is running on Firebase infrastructure.* Knowledge and skills: - Experience writing cross-platform apps with React Native - Experience in working mobile native code on iOS and Android that interfaces with the React Native application- Good understanding of JavaScript, HTML, CSS, RESTful APIs, HTTP, and networking concepts- Experience submit apps to Google Play, and App Store - Experience publish React Native app Over The Air (OTA) with CodePush - Experience debugging the javascript code with Google Chrome, VSCode - Experience in Firestore, Realtime Database, ExpressJs, Push Notification... - Experience using git tool- Comfortable product development environments",
      "company": "CocKeng",
      "end_time": "2023-04-13T00:00:00Z",
      "industry": "Other",
      "position": "Fullstack Developer",
      "conf_score": 0.8512123534519862,
      "start_time": "2018-05-01T00:00:00Z"
    },
    {
      "id": 14925,
      "detail": "at https://raodee.com,Web developer: Iused ReactJs to build Raodee's websiteMobile developer: Jused React Native to build ios, and Android appBack-end developer: I used NodeJs to build the microservices of Raodee's backend, like:Messenger service, Notification service, Photo service, .. * Knowledge and skills:- Experience writing cross-platform apps with React Native - Good understanding of JavaScript, HTML, CSS, RESTful APIs, HTTP, and networking concepts- Experience submit apps to Google Play, and App Store - Experience in Microservices, Linux server, ExpressJs, gRPC, ngnix, RadbitMQ, MongoDB, Push Notification,... - Experience publish React Native app Over The Air (OTA) with Expo - Experience debugging the javascript code with Google Chrome, VSCode - Experience using git tool",
      "company": "Raodee Corp",
      "end_time": "2018-10-31T00:00:00Z",
      "industry": "Other",
      "position": "Fullstack Developer",
      "conf_score": 0.7896260501243753,
      "start_time": "2016-11-01T00:00:00Z"
    },
    {
      "id": 14926,
      "detail": ", Web developer: Iused JQuery, HTML, CSS to build the OQuen websiteMobile developer: used Cordova to build ios, Android appBack-end developer: Iused Java to build back-end",
      "company": "OQuen",
      "end_time": "2016-10-31T00:00:00Z",
      "industry": "Other",
      "position": "Fullsatck Developer",
      "conf_score": 0.8662069718146894,
      "start_time": "2013-11-01T00:00:00Z"
    }
  ],
  "address": null
}