{
  "skills": [
    "sonar",
    "scala",
    "java",
    "microservices",
    "css",
    "json",
    "git",
    "agile",
    "windows server 2008",
    "algorithm",
    "maven",
    "svn",
    "tomcat",
    "structure",
    "j2ee",
    "html",
    "linux",
    "design patterns",
    "mysql",
    "oracle",
    "security",
    "nosql",
    "sql",
    "selenium",
    "cassandra",
    "management information system",
    "elasticsearch",
    "windows server",
    "written communication",
    "oop",
    "protocol",
    "spring boot",
    "xml",
    "mvc",
    "docker",
    "creative thinking",
    "hibernate",
    "rest",
    "gradle",
    "mongodb",
    "spring",
    "postgresql",
    "management",
    "data structure",
    "restful",
    "problem solving"
  ],
  "fulltext": "Hai Nguyen Aim to become a technical leader by continuously acquiring different development frameworks and technologies Work Experience 11/2014 present Ho Chi Minh, VN Senior Java Developer Laudert Vietnam Co., Ltd. Responsibilities & Accomplishments Acting team leader, performing code review and daily verbal reporting to Germany team. Continuously released high quality features and fix bugs to Germany team. 6/2013 8/2014 Ho Chi Minh, VN Senior Java Developer KMS Technology, Inc. Responsibilities & Accomplishments Maintaining a big data processing system. 2/2011 5/2013 Ho Chi Minh, VN Senior Java Developer ITFarm AS Responsibilities & Accomplishments Leading a team of four, providing solutions for technical issues to the team and daily verbal reporting to Norway team, providing IT Help Desk for production server. Continuously released high quality features and fixed bugs for the website kompetansebors.no. 10/2007 6/2010 Ho Chi Minh, VN Senior Java Developer COA Vietnam Co., Ltd. Responsibilities & Accomplishments Successfully maintained an internal HRM portal. Education 2002 2007 Bachelor of Science in Information Technology University of Natural Sciences 2004 2005 Diploma in Information Systems Management Aptech 2005 2006 Higher Diploma in Software Engineering Aptech Skills & Competences Code reviewCreative thinkingProblem solvingGoal orientedTeam workVerbal and writtencommunication in EnglishAnalytical skillOnsite Assignment The UK (2 months) , Norway (1 month), Germany (1 month) Technical Skills Java, J2EE, Scala, Hibernate, Microservices, Restful, Spring (AOP, Security, MVC & Integration, Batch), Spring boot, Wicket, HTML/CSS/JS, REST, SOAP, JSON, XML, UX Design. OOP, DBMS, Data structures, algorithms, programming principles, web protocols, etc. Git, SVN, Maven, Gradle, Docker, Tomcat, Selenium, Sonar, automated tests MySQL, PostgreSQL, Oracle, MSSQL, NoSQL (MongoDB, Cassandra, Elasticsearch) Hai Nguyen Aim to become a technical leader by continuously acquiring different development frameworks and technologies Linux, Windows Server 2008 R2 Achievements & Certificates General English in Australia (2010) IELTS 7.0 Interests Reading, AI, Software Agile Development, Table Tennis, Design Pattern.",
  "educations": [
    {
      "id": 4484,
      "gpa": null,
      "major": "Information technology",
      "school": "University of Natural Sciences",
      "diploma": "Bachelors",
      "end_time": "2007-01-01T00:00:00Z",
      "conf_score": 0.8775597701276474,
      "start_time": "2002-01-01T00:00:00Z",
      "picklist_major": "IT - Hardware/Networking",
      "major categories": "Computer and information technology",
      "major_categories_detail": "Information technology"
    }
  ],
  "experiences": [
    {
      "id": 14938,
      "detail": "Responsibilities & Accomplishments Acting team leader, performing code review and daily verbal reporting to Germany team. Continuously released high quality features and fix bugs to Germany team.",
      "company": "Laudert Vietnam Co., Ltd.",
      "end_time": "2023-04-13T00:00:00Z",
      "industry": "Other",
      "position": "Senior Java Developer",
      "conf_score": 0.9283402044765778,
      "start_time": "2014-11-01T00:00:00Z"
    },
    {
      "id": 14939,
      "detail": "Responsibilities & Accomplishments Maintaining a big data processing system.",
      "company": "KMS Technology, Inc.",
      "end_time": "2014-08-31T00:00:00Z",
      "industry": "High Technology",
      "position": "Senior Java Developer",
      "conf_score": 0.9436608569184953,
      "start_time": "2013-06-01T00:00:00Z"
    },
    {
      "id": 14940,
      "detail": "Responsibilities & Accomplishments Leading a team of four, providing solutions for technical issues to the team and daily verbal reporting to Norway team, providing IT Help Desk for production server.Continuously released high quality features and fixed bugs for the website kompetansebors.no.",
      "company": "ITFarm AS",
      "end_time": "2013-05-31T00:00:00Z",
      "industry": "Other",
      "position": "Senior Java Developer",
      "conf_score": 0.9283402044765778,
      "start_time": "2011-02-01T00:00:00Z"
    },
    {
      "id": 14941,
      "detail": "Responsibilities & Accomplishments Successfully maintained an internal HRM portal.",
      "company": "COA Vietnam Co., Ltd.",
      "end_time": "2010-06-30T00:00:00Z",
      "industry": "Other",
      "position": "Senior Java Developer",
      "conf_score": 0.9512303155325736,
      "start_time": "2007-10-01T00:00:00Z"
    }
  ],
  "address": null
}