{
  "skills": [
    "search",
    "verbal communication skills",
    "networking",
    "process monitoring",
    "streaming",
    "sonarqube",
    "testing",
    "github",
    "raid",
    "automation",
    "virtualizations",
    "linux",
    "virtualization",
    "mysql",
    "supermicro",
    "energetic",
    "kubernetes",
    "firmware",
    "ftp",
    "project management",
    "linux system",
    "stack",
    "verbal communication",
    "virtual machine",
    "devops",
    "failover",
    "database",
    "ethernet",
    "protocol",
    "cisco",
    "bots",
    "cloud service",
    "live streaming",
    "nginx",
    "ansible",
    "docker",
    "cloud",
    "jenkins",
    "system monitoring",
    "lifecycle",
    "php",
    "communication skills",
    "hp",
    "high availability",
    "prometheus",
    "postgresql",
    "management",
    "private cloud",
    "application lifecycle"
  ],
  "fulltext": "1 HO CHI MINH CITY, Vietnam SUMMARY I have more than 7 years of experience as a DevOps/Linux Engineer in the leading technology and product companies. Dedicated experience in the Cloud, server IDC and monitoring processes as well as DevOps development in Linux systems. KNOWLEDGE AND SKILLS Core of network protocols Software services Cloud services & Virtualization High Availability Hardware Programming Monitoring Automation Databases Project management Microservices Docker & K8SEXPERIENCE Senior Devops Engineer @ Trusting Social | August 2017 - Present Design and implement lifecycle applications from scratch by CI/CD Integrating Github, Slack, Jenkins pipeline and Sonarqube to assure quality of products Automation setup services and deploy applications with high availability Building a monitoring (prometheus) and log centralization system Training, consulting, providing solutions for dedicated members on other countries Collaborating with vendors, telcos and banks to make sure our system is secured and integrating smoothly Developing some internal tools to help the deployment is more handy 2 Senior Devops Engineer @ Mysquar Company | June 2016 - August 2017 Design, build and manage a whole systems base on microservices and kubernetes to serve a million users. Build, maintain a CI/CD system (jenkins pipeline) and make it more friendly, understandably with teams. Develop a chat bot to make the deployment more flexible and effective. Build a monitoring system, make an announcement when we have issues and show metric graphs to optimise the performance. Build a centralization logs system to search logs, discover and resolve issues faster. Build a postgresql DB system with high ability and reliability Collaborate with dev-team to develop new services/products and resolve issues Research and implement the new technologies System Engineer @ Tiki.vn | April 2015 June 2016 Manage website system e-commerce for high availability, reliability. Setup CI & CD system support auto testing and deploy Schedule backup & restore DB mysql with shell script. Build & load test system for events with high traffic, ccu. Design and setup mysql system replicate failover. Automation setup services (nginx, php-fpm.mysql...) for production, staging, test system with ansible. Monitoring with shinken tools and solves problems Build hardware server and design network system 3 System Engineer @ FPT Telecom Company | Oct 2012 March 2015 Plan, design, install, configure, troubleshoot, and manage the Private Cloud (hosting for 250+ virtual machines include linux and windows OS) Maintain and upgrade ACS system to serve over 01 million modems (configure PPoE , firmware) Install , configure and manage the Web, Mail, Ftp, Database server , support Developer for all environments including Development and Production Deploy Wowza system to live streaming 200+ cameras Working with server hardware (HP, UCS, SuperMicro), building RAID, bonding Ethernet, fiber transceiver, etc. Monitoring with tools, diagnoses and solves problems problems Research new technologies, assessing the effectiveness and applying for the products DEGREES & CERTIFICATES Bachelor of Science in Information Technology at University of National Science (October 2012) Cisco Nexus Test Driver 9000 (NXTD-9k) ) CCNA at VNPRO Academy (05/2012) SOMETHING ABOUT ME Pros: o Ability to quickly pick up and adapt new technology stacks o Delivery of committed team projects in a timely manner o Passionate, energetic and results focused Cons: o I didnt get any official Linux certificate but I have achieved a lot of experience when applying it to my job o My verbal communication skill is not really excellent My interests are: o Reading Book, traveling o Sport: football, swimming, running o Networking for learning and exchanging experience with others",
  "educations": [
    {
      "id": 4489,
      "gpa": null,
      "major": "Information technology",
      "school": "University of National Science",
      "diploma": "Bachelors",
      "end_time": "2012-10-01T00:00:00Z",
      "conf_score": 0.9162385206282713,
      "start_time": null,
      "picklist_major": "IT - Hardware/Networking",
      "major categories": "Computer and information technology",
      "major_categories_detail": "Information technology"
    }
  ],
  "experiences": [
    {
      "id": 14957,
      "detail": "Design and implement lifecycle applications from scratch by CI/CD Integrating Github, Slack, Jenkins pipeline and Sonarqube to assure quality of productsAutomation setup services and deploy applications with high availabilityBuilding a monitoring (prometheus) and log centralization systemTraining, consulting, providing solutions for dedicated members on other countriesCollaborating with vendors, telcos and banks to make sure our system be secured and integrating smoothlyDeveloping some internal tools to help the deployment is more handy",
      "company": "Trusting Social",
      "end_time": "2023-04-13T00:00:00Z",
      "industry": "Other",
      "position": "Senior Devops Engineer",
      "conf_score": 0.9089868123963978,
      "start_time": "2017-08-01T00:00:00Z"
    },
    {
      "id": 14958,
      "detail": "Design, build and manage a whole systems base on microservices and kubernetes to serve a million users.Build, maintain a CI/CD system (jenkins pipeline) and make it more friendly, understandably with teams.Develop a chat bot to make the deployment more flexible and effective.Build a monitoring system, make an announcement when we have issues and show metric graphs to optimise the performance.Build a centralization logs system to search logs, discover and resolve issues faster.Build a postgresql DB system with high ability and reliabilityCollaborate with dev-team to develop new services/products and resolve issuesResearch and implement the new technologies",
      "company": "Mysquar Company",
      "end_time": "2017-08-31T00:00:00Z",
      "industry": "Other",
      "position": "Senior Devops Engineer",
      "conf_score": 0.9089868123963978,
      "start_time": "2016-06-01T00:00:00Z"
    },
    {
      "id": 14960,
      "detail": "Manage website system e-commerce for high availability, reliability.Setup CI & CD system support auto testing and deploySchedule backup & restore DB mysql with shell script.Build & load test system for events with high traffic, ccu.Design and setup mysql system replicate failover.Automation setup services (nginx, php-fpm.mysql...) for production, staging, test system with ansible.Monitoring with shinken tools and solves problemsBuild hardware server and design network system",
      "company": "Tiki.vn",
      "end_time": "2016-06-30T00:00:00Z",
      "industry": "High Technology",
      "position": "System Engineer",
      "conf_score": 0.9089868123963978,
      "start_time": "2015-04-01T00:00:00Z"
    },
    {
      "id": 14962,
      "detail": "Plan, design, install, configure, troubleshoot, and manage the Private Cloud (hosting for 250+ virtual machines include linux and windowsOS) Maintain and upgrade ACS system to serve over 01 million modems (configure PPoE , firmware...)Install, configure and manage the Web, Mail, Ftp, Database server , support Developer for all environments including Development andProduction Deploy Wowza system to live streaming 200+ cameraWorking with server hardware (HP, UCS, SuperMicro), buildingRAID, bonding Ethernet, fiber transceiver, etc. Monitoring with tools, diagnoses and solves problemsResearch new technologies, evaluating the effectiveness and applying for the products",
      "company": "FPT Telecom Company",
      "end_time": "2015-03-31T00:00:00Z",
      "industry": "High Technology",
      "position": "System Engineer",
      "conf_score": 0.9089868123963978,
      "start_time": "2012-10-01T00:00:00Z"
    }
  ],
  "address": "HCMC, Vietnam"
}