{
  "skills": [
    "stack",
    "angular",
    "java",
    "mongo",
    "java technology",
    "wordpress",
    "sql",
    "cloud",
    "sales",
    "bots",
    "java language",
    "management",
    "redux",
    "postgresql",
    "spring boot",
    "cloud storage",
    "self learning",
    "git",
    "html5",
    "firebase",
    "structure",
    "investments",
    "mvp",
    "spring",
    "react native",
    "spring mvc",
    "nosql",
    "google cloud",
    "google cloud storage",
    "design patterns",
    "website development",
    "dba",
    "mvvm",
    "github",
    "software development",
    "mvc",
    "reactjs",
    "laravel",
    "backend development",
    "oracle",
    "database",
    "database design",
    "teamwork",
    "full stack development",
    "angularjs",
    "php",
    "agile",
    "mysql"
  ],
  "fulltext": "Le Ngoc TruongJunior Fullstack Software Developer- I have 3 years experience in JAVACRIPT languagewith some framework in FRONT-END like 2-yearsangular js, 1-year angular, 1-year vue js, more than 3-years REACT JS (1 year REACT NATIVE) and NODEJS (SAILS JS ,LOOP BACK, FEATHER JS Framework)in the BACK-END.- Not only that, I also have more than 2-yearexperience in java language with Spring bootframework. I can work with MVC, MVP, MVVM,REDUX (react) model. - I also can self-learning another language forenough to work about 1 or 2 months (I got 3 weeksfor PHP and LARAVEL framework and almost aweek for Spring Boot actually i already got JAVAexperience in the past so it doesn't matter with me). - About database system, I know how to set up andconfig ORACLE Database, and write some batch filefor checking table-space, backup, log rotation.WithDatabase design and management i also can useMySQL, MSSQL, PostgreSQL, Oracle. In NoSQL, I canuse FIREBASE and MONGO DB - About the Source Structure, I know how to config apattern or design pattern for my own project. - About project process, I have more than one yearabout agile with scrum framework (I havecustomized it for my team). And I know exactlyprocess which is fit for a project.- More about my personality, I usually go swimmingat the weekend and play music (like guitar,...) whenmy code run well :))). I quite love the teamworkSUMMARY EDUCATION10/2014 - 12/2018FPT universityBachelor in Software engineering01/2017 - PRESENTTechnical WolfLeader- Self working with my team---Dates : 01/2017 - 04/2017 Project : ISpaceBank The application for ICO investment Occupation or position held : PM and Fullstackdeveloper Technology : NodeJS Sails framework, reactjs, redux----Dates : 05/2017 - 06/2017 Project : Sale botSale bot is a chat bot application for boardcast andsale management in mesenger of facebookOccupation or position held : Backend developerTechnology : NodeJS Sails framework, facebookgraph api----Dates : 06/2017 - Oct 2017 21, Ward 8, Go Vap District Website https://www.linkedin.com/in/wolfcancode/Reading bookPlay instrumentDrinking coffeeSwimmingHOBBIESbackground, especially if my teammates are allfunny guys, It will make me better emotion to makethe creative things.PET PROJECThttps:/ /github.com/WolfCanCodeGITOccupation or position held : PM and fullstactdeveloperTechnology : NodeJS Sails framework, reactjs, redux----01/2017 - 1/2018SYSTEM EXEFull stack DEVELOPER- Working with the japanese environment,professional project process.---Dates : 01/2017 - 04/2017Project : SeafoodSales application and import-export management forseafood.Occupation or position held : Fullstack developerTechnology : PHP laravel framework, reactjs, redux----Dates : 04/2017 - 06/2017 Project : Web designerDesign application for projectmanager and sale man to create morkup html5 bydrag and drop.Occupation or position held : Fullstack developer Technology : PHP laravel framework, reactjs , redux---Dates : 06/2017 - 08/2017 Project : DonkihoteThe application schedules meetings, manage theprogress of projects according to staff andperformance.Occupation or position held : Fullstack developerTechnology : JAVA Spring MVC framework,Angularjs---Dates : 08/2017 - 10/2017 Project : EXEX UpgradeUpgrade flash (flex framework) to Angular 4Occupation or position held : Frontend DeverloperTechnology : Angular 4---Dates : 010/2017 - 1/2018Project : ORACLEDesign detail of Oracle DB specification. Create andconfig it base on design and write windows batch tocheck table space and log rotation.Occupation or position held : DBATechnology : ORACLE DB, Batch windows01/2015 - 10/20162ideas Vung TauWeb developer- Using php language and Wordpress platform formaking e-commerce web and landing pages. 10/2014 - 12/2016volunteersBlood DonationACTIVITYMr: Pham Huy HoangFounder of toidicodedao.comAlgomerchant Fullstack senior developerREFERENCE topcv.vnPowered by TCPDF (www.tcpdf.org)",
  "educations": [
    {
      "id": 4496,
      "gpa": null,
      "major": "Software technology",
      "school": "FPT university",
      "diploma": "Bachelors",
      "end_time": "2018-12-01T00:00:00Z",
      "conf_score": 0.9265487929128834,
      "start_time": "2014-10-01T00:00:00Z",
      "picklist_major": "IT - Hardware/Networking",
      "major categories": "Computer and information technology",
      "major_categories_detail": "Computer"
    }
  ],
  "experiences": [
    {
      "id": 14983,
      "detail": "- Self working with my team",
      "company": null,
      "end_time": "2023-04-13T00:00:00Z",
      "industry": "Other",
      "position": "Technical Wolf Leader",
      "conf_score": 0.6925429707670153,
      "start_time": "2017-01-01T00:00:00Z"
    },
    {
      "id": 14984,
      "detail": "Project : ORACLE Design detail of Oracle DB specification. Create and config it base on design and write windows batch to check table space and log rotation.Occupation or position held :",
      "company": "SYSTEM EXE",
      "end_time": "2018-01-31T00:00:00Z",
      "industry": "Other",
      "position": "DBA",
      "conf_score": 0.6925429707670153,
      "start_time": "2017-10-01T00:00:00Z"
    },
    {
      "id": 14986,
      "detail": "- Working with the japanese environment, professional project process.",
      "company": "SYSTEM EXE",
      "end_time": "2018-01-31T00:00:00Z",
      "industry": "Other",
      "position": "Full stack DEVELOPER",
      "conf_score": 0.8184280066969887,
      "start_time": "2017-01-01T00:00:00Z"
    },
    {
      "id": 14987,
      "detail": "",
      "company": "SYSTEM EXE",
      "end_time": "2017-10-31T00:00:00Z",
      "industry": "Other",
      "position": "Frontend Developer",
      "conf_score": 0.6905021871308187,
      "start_time": "2017-08-01T00:00:00Z"
    },
    {
      "id": 14988,
      "detail": "Project : EVN Gallery Application like google cloud storage type galleryOccupation or position held :",
      "company": null,
      "end_time": "2017-10-31T00:00:00Z",
      "industry": "Other",
      "position": "PM and fullstack developer",
      "conf_score": 0.6925429707670153,
      "start_time": "2017-06-01T00:00:00Z"
    },
    {
      "id": 14989,
      "detail": "ct : Sale boteSdale bot is a chat bot application for boardcast and sale management in messenger of facebook Occupation or position held : Backen",
      "company": null,
      "end_time": "2017-06-30T00:00:00Z",
      "industry": "Other",
      "position": "Backend developer",
      "conf_score": 0.6925429707670153,
      "start_time": "2017-05-01T00:00:00Z"
    },
    {
      "id": 14990,
      "detail": "project : SpaceBank The application for ICO investment Occupation or position held : PM",
      "company": null,
      "end_time": "2017-04-30T00:00:00Z",
      "industry": "Other",
      "position": "PM and Fullstack developer",
      "conf_score": 0.6925429707670153,
      "start_time": "2017-01-01T00:00:00Z"
    },
    {
      "id": 14991,
      "detail": "- Using php language and Wordpress platform for making e-commerce web and landing page.",
      "company": "2ideas Vung Tau",
      "end_time": "2016-10-31T00:00:00Z",
      "industry": "Other",
      "position": "Web developer",
      "conf_score": 0.9111605641313467,
      "start_time": "2015-01-01T00:00:00Z"
    }
  ],
  "address": "54/15/33 Street No. 21, Ward 8, Go Vap District"
}