{
  "skills": [
    "management tools",
    "java",
    "json",
    "ruby",
    "c++",
    "analysis",
    "windows server 2003",
    "python",
    "reactjs",
    "linux",
    "full stack development",
    "iodine",
    "css3",
    "mysql",
    "oracle",
    "wordpress",
    "project management",
    "jquery",
    "cakephp",
    "angular",
    "sql",
    "marketing",
    "le",
    "uml",
    "linux shell",
    "sales",
    "windows server",
    "stack",
    "html5",
    "contact points",
    "oop",
    "website development",
    "database",
    "blockchain",
    "xml",
    "codeigniter",
    "mvc",
    "cache",
    "docker",
    "workflow",
    "php",
    "gulp",
    "angularjs",
    "grunt",
    "windows 2003",
    "system design",
    "mongodb",
    "postgresql",
    "management",
    "aws"
  ],
  "fulltext": "TAN TO TRANDATE OF BIRTH : January 7th 1990 (28 years old)EMAIL : - HIDDEN -PHONE : - HIDDEN -My skills: Web Programming with Nodejs, Python, Php, Java IOT knowledge & Blockchain knowledge. AWS System: EC2, S3, Load balance, Docker, etc... Backend with Python, C++, PHP, NodeJs, C# , Ruby, Shell Linux, API System service. Understand and work well for CSS3, LESS, jQuery, HTML5, Flash, Photoshop, AngularJS 1&2, Boostrap, Gulp, Grunt, ReactJs, ReactNative. Use good governance and databases: MySQL, MSSQL, Oracle, Postgresql, XML, JSON, MongoDB, Regis, Memcache Analysis System design UML, ERD, DFD ... Understanding of OOP, MVC model, Module-oriented Experience with SEO, Online Marketing, online advertising business Best PHP sms: Drupal, Joomla, Wordpress Php Framework: Zend, Yii, SugarCRM, CodeIgniter, CakePHP Dealing with computer problems, network configuration and office equipment Install Webserver Management, Server Management Linux or Windows Optimized database queries, interact on large data Having knowledge of cache, test tools. Able to read and understand English material. Quick adapt to new technology. Service Desk Leader skills, soft skillsSKILL SETNode.js : 4 yearsPython : 6 yearsTeam Leadership : 4 yearsFull-Stack Development : 9+ yearsAmazon Web Services (AWS) : 4 yearsWORK EXPERIENCEKEAZAug 2016 - Jul 2018Development Team Leader & Architecture1 year 11 months- Define workflow and technical for development team- Support development team finish their tasks- Release managment- Support QA verify production- Production ManagementKEAZAug 2015 - Aug 2016Senior Fullstack Software Enginer1 yearWorking with Python, NodeJs, Angular, AWS to do car services:Projects: Car sharing GlideTaxi ( Like Grap - Uber) Edna Valet (Car parking) Damage (Damage report) Kiosok (Car rental in airport)VNG (SDK & Data center)Aug 2014 - Aug 2015Senior Software Enginer1 year Dependency app for data center (Vina Data) Monitoring alert, Zabix from 6000 servers ITSM (Change and Incident) for all incident of VNG Contact point Datacenter APISuccess Software ServiceSep 2013 - Aug 2014Software Engineer11 months- Our source for AU, NL and USA clients- Project: IPMS, VHCS tool- Skill: PHP and MySQL . VNG (G3 - Ads team)Apr 2013 - Sep 2013Software Engineer (Part time)5 months Develop modules for system TrueCRM. Support sales and marketing operational system. Analysis of user behavior, analyze the data. Generate reports from data. Projects: Modules Publisher and MediaplanRedfocus.,LtdMar 2012 - Apr 2013Software Engineer1 year 1 month- Industry: Advertising / Marketing / Promotion / PR IT/Computer - Software- Skills: Drupal 7 and Wordpress, Marketing online tool- Operational management webserver- Website Optimization , SEO direction- Online Marketing and AdvertisingSunway Ltd2010 - Mar 2012Website Developer2 years 2 months- Industry Specialization Role- Computer / Information Technology (Software) IT/Computer - Network/System/Database Admin - - System Administrator- Web Developer Programming, Website Design with PHP and MySQL Managed Web Server Windows 2003 operatingEDUCATIONUniversity of Information Technology National University HCMC.2009 - 2013Infomation SystemBachelor- Bachelor's Degree in Computer Science/Information Technology | Vietnam.- GPA: 8.1/10LANGUAGESEnglish : IntermediateVietnamese : NativeACHIEVEMENTSDriver and Passenger app (Like Grab and Uber)Mar 2016 Technical Architecture Production help connect between passenger and driver.Car Sharing ServiceAug 2015 Technical Architecture Make car sharing platform to help car sharing startupServer monitor serviceNov 2014 Software EngineerIt is a private tool, help 24/7 team monitor VNG servers at Vina DataIPMSNov 2014 Software EngineerProject management tool help production manager can update their schedule easier.Auction SystemAug 2014 Software EngineerI did an auction system, help customer bid & buy any products they want.Business Website2012 Software Engineer",
  "educations": [
    {
      "id": 4499,
      "gpa": "8.1",
      "major": "Information system",
      "school": "University of Information Technology - National University HCMC",
      "diploma": "Bachelors",
      "end_time": "2013-01-01T00:00:00Z",
      "conf_score": 0.858909134820435,
      "start_time": "2009-01-01T00:00:00Z",
      "picklist_major": "IT - Hardware/Networking",
      "major categories": "Computer and information technology",
      "major_categories_detail": "Computer"
    }
  ],
  "experiences": [
    {
      "id": 14993,
      "detail": "1 year 11 months- Define workflow and technical for development team- Support development team finish their tasks- Release managment- Support QA verify production- Production Management",
      "company": "KEAZ",
      "end_time": "2018-07-31T00:00:00Z",
      "industry": "Other",
      "position": "Development Team Leader & Architecture",
      "conf_score": 0.9125776658202421,
      "start_time": "2016-08-01T00:00:00Z"
    },
    {
      "id": 14995,
      "detail": "1 yearWorking with Python, NodeJs, Angular, AWS to do car services:Projects: Car sharing GlideTaxi (Like Grap - Uber) Edna Valet (Car parking) Damage (Damage report) Kiosok (Car rental in airport)",
      "company": "KEAZ",
      "end_time": "2016-08-31T00:00:00Z",
      "industry": "Other",
      "position": "Senior Fullstack Software Engineer",
      "conf_score": 0.9093145317413721,
      "start_time": "2015-08-01T00:00:00Z"
    },
    {
      "id": 14997,
      "detail": "1 year Dependency app for data center (Vina Data) Monitoring alert, Zabix from 6000 servers ITSM (Change and Incident) for all incident of VNG Contact point Datacenter API",
      "company": "VNG (SDK & Data center)",
      "end_time": "2015-08-31T00:00:00Z",
      "industry": "Other",
      "position": "Senior Software Engineer",
      "conf_score": 0.9125776658202421,
      "start_time": "2014-08-01T00:00:00Z"
    },
    {
      "id": 14999,
      "detail": "It is a private tool, help 24/7 team monitor VNG servers at Vina Data",
      "company": null,
      "end_time": "2014-12-31T00:00:00Z",
      "industry": "Other",
      "position": "Software Engineer",
      "conf_score": 0.7314572406900115,
      "start_time": "2014-11-01T00:00:00Z"
    },
    {
      "id": 15000,
      "detail": "I did an auction system, help customer bid and buy any products they want.Business Website",
      "company": "Auction System",
      "end_time": "2014-12-31T00:00:00Z",
      "industry": "Other",
      "position": "Software Engineer",
      "conf_score": 0.8041723367212383,
      "start_time": "2014-08-01T00:00:00Z"
    },
    {
      "id": 15001,
      "detail": "11 months- Our source for AU, NL and USA clients- Project: IPMS, VHCS tool- Skill: PHP and MySQL.",
      "company": "Success Software Service",
      "end_time": "2014-08-31T00:00:00Z",
      "industry": "High Technology",
      "position": "Software Engineer",
      "conf_score": 0.9142206543796373,
      "start_time": "2013-09-01T00:00:00Z"
    },
    {
      "id": 15002,
      "detail": "(Part time)5 months Develop modules for system TrueCRM. Support sales and marketing operations system. Analysis of user behavior, analyze the data. Generate reports from data.",
      "company": "VNG (G3 - Ads team)",
      "end_time": "2013-09-30T00:00:00Z",
      "industry": "Other",
      "position": "Software Engineer",
      "conf_score": 0.9125776658202421,
      "start_time": "2013-04-01T00:00:00Z"
    },
    {
      "id": 15003,
      "detail": "1 year 1 month- Industry: Advertising / Marketing / Promotion / PR IT/Computer - Software - Skills: Drupal 7 and Wordpress, Marketing online tool- Operational management webserver- Website Optimization, SEO direction- Online Marketing and Advertising",
      "company": "Redfocus.,Ltd",
      "end_time": "2013-04-30T00:00:00Z",
      "industry": "Other",
      "position": "Software Engineer",
      "conf_score": 0.9310285007634038,
      "start_time": "2012-03-01T00:00:00Z"
    },
    {
      "id": 15004,
      "detail": "2 years 2 months- Industry Specialization Role - Computer / Information Technology (Software) IT/Computer - Network/System/Database Admin - -",
      "company": "Sunway Ltd",
      "end_time": "2012-03-31T00:00:00Z",
      "industry": "Other",
      "position": "Website Developer",
      "conf_score": 0.9134554318890937,
      "start_time": "2010-01-01T00:00:00Z"
    }
  ],
  "address": null
}