{
  "skills": [
    "css3",
    "wordpress",
    "responsive",
    "javascript",
    "search engine",
    "frontend development",
    "jquery",
    "vuejs",
    "git",
    "svn",
    "html5",
    "bem",
    "search",
    "maintenance",
    "trello",
    "website development",
    "css",
    "ecmascript",
    "jira",
    "le",
    "github",
    "bug fixing",
    "testing",
    "reactjs",
    "woocommerce",
    "magento",
    "bitbucket",
    "php",
    "agile",
    "html"
  ],
  "fulltext": "My Tran --- Front-end developer --- Profile A hardworking, reliable and dedicated experience web developer, with 6+ years of agency experience in Ho Chi Minh city, VietNam. Want to find a place that I can contribute and develop my careers. Technical Skills Javascript:Ecmascript 6 Library: Vuejs, Jquery Web UI: Html5, Css3, Sass, Less, Bem Version Control: Git, GitHub, BitBucket, GitLabs, Svn Tools: Jira, Confluence, Trello CMS: Wordpress, Magento, Magnolia Others : Search engine optimisation, Accessibility Career History Embrace-it - PHP Developer October 2018 - present Part of an team working on Wordpress project Technology: Worpress, Woocommerce, Jquery Ekino - Experience Frontend Developer January 2017 - November 2018 Part of an team working on multiple projects: -Glencore: http://www.glencore.com -Henner: https://particuliers.henner.com Using a wide range of front-end technologies: Jquery, Vuejs Creating reusable web components featuring. Take part in the companys training course (Reactjs, Testing ...) Codespot - Frontend Developer February 2012 - August 2016 Part of an agile team creating Wordpress themes that sold on themeforest -Creating template from Psd -Creating wordpress theme from template -Bug fixing and maintenance -Support clients Technology: Html, Css, Photoshop, Jquery, Wordpress, WooCommerce Portfolio http://www.glencore.com/ https://particuliers.henner.com/ https://themeforest.net/item/woocommerce -supermarket-theme-gomarket/7049228?s_rank=11 https://themeforest.net/item/jewelry-responsive-wordpress-theme/17298856?s_rank=12 https://themeforest.net/item/woocommerce-wordpress-theme -techgostore/5954407?s_rank=13 http://wpdance.com/ Education 2012: Graduated with honors at The Ho Chi Minh city University of Transport. Freecodecamp course Scrimba course Personal details Fullname:Tran Thi Xuan My Date of birth: 05/01/1988 Mobile phone: (84+) 902 593 118 Email: xuanmypt@gmail.com Skype: pocapt My working moto: Less is More Powered by TCPDF (www.tcpdf.org)",
  "educations": [
    {
      "id": 4505,
      "gpa": null,
      "major": null,
      "school": "The Ho Chi Minh city University of Transport",
      "diploma": "Bachelors",
      "end_time": "2012-01-01T00:00:00Z",
      "conf_score": 0.8086621310791741,
      "start_time": null,
      "picklist_major": "Other",
      "major categories": "",
      "major_categories_detail": ""
    }
  ],
  "experiences": [
    {
      "id": 15025,
      "detail": "art of a team working on Wordpress project Technology: Wordpress, Woocommerce, Jquery",
      "company": "Embrace",
      "end_time": "2023-04-13T00:00:00Z",
      "industry": "Other",
      "position": "PHP Developer",
      "conf_score": 0.9125776658202421,
      "start_time": "2018-10-01T00:00:00Z"
    },
    {
      "id": 15028,
      "detail": "Part of an team working on multiple projects:- Glencore: http://www.glencore.com- Henner: https://particuliers.henner.comUsing a wide range of front-end technologies: Jquery, Vuejs Creating reusable web components featuring .Take part in the companys training course (Reactjs, Testing ...)",
      "company": "Ekino",
      "end_time": "2018-11-30T00:00:00Z",
      "industry": "Other",
      "position": "Frontend Developer",
      "conf_score": 0.9060923567537197,
      "start_time": "2017-01-01T00:00:00Z"
    },
    {
      "id": 15031,
      "detail": "Part of an agile team creating Wordpress themes that sold on themeforest- Creating template from Psd - Creating wordpress theme from template- Bug fixing and maintenance- Support clientsTechnology: Html, Css, Photoshop, Jquery, Wordpress, WooCommerce",
      "company": "Codespot",
      "end_time": "2016-08-31T00:00:00Z",
      "industry": "High Technology",
      "position": "Frontend Developer",
      "conf_score": 0.9174648511369632,
      "start_time": "2012-02-01T00:00:00Z"
    }
  ],
  "address": null
}