{
  "skills": [
    "analysis",
    "can",
    "Internet",
    "jira",
    "ant",
    "eye for detail",
    "process management",
    "contracting",
    "oracle",
    "project management",
    "project execution",
    "sql",
    "sales",
    "sell",
    "scripting",
    "mantis",
    "excel",
    "provably secure",
    "tester",
    "quality assurance",
    "solidedge",
    "buy",
    "rational",
    "redmine",
    "problem solving"
  ],
  "fulltext": "Page 1 of 3 APPLICATION PROFILE Position applied for: Test staff Date can start working: 2 weeks after being hired. Work place: Hanoi Desired job type: Full-time Part-time Desired salary: 13,000,000VND PERSONAL INFORMATION Full name: VO THI LUONG Email: Mobile: Gender: Male Female Afternoon height: 153 cm Weight: 42 kg Date of birth: 08/07/1992 Place of birth: Thuan Hung Khoai Chau Hung Yen Marital status: Unmarried Married Household: Thuan Hung Khoai Chau Hung Yen Accommodation: Current: House No. 146 Bach Dang Hoan Kiem Hanoi WORK EXPERIENCE From: 01/2017 - Until now Fsoft Software Co., Ltd. Job title: Software tester Work done : - Project : Manage supermarket purchases Perform document review of purchase and sale order and price management modules for products Perform test planning Perform functional flow test scripts and test scripts function. + Module for buying and selling orders + Module for product management + Price management module for products Perform functional tests Perform tests, log bugs Support system operations for new members Starting income: 9 million Final income: 11 million Pages 2/4 of the process of learning the system - Project:Managing the borrowing and returning of equipment Perform testcase writing according to the project's requirements for lending the module to the device. Perform functional tests Perform tests, log bugs - Experienced in using error management tools: Jira, Mantis, Test link, Redmine, excel, word. From: 01 /2016 12/2016 ANT Solution and Joint Stock Company Job title: Software tester Work done: - Project: Building applications to support Safe City. Perform solution document review. Writing manuals documents. Implementation of customer deployment and customer support during use. - Project: Contract process management application Perform test case writing at the request of management. - Experience in using error management tools: Mantis, Test link, Redmine, excel, word. Starting income: 6.5 million Final income: 7 million From: October 2014 To: December 2015 Working at technology investment and joint stock company Idocnet Job title: Code and testing staff software Work done: - Participated in research and built some modules of the deal management project for Hyundai Ngoc Phat. - Participate in writing test cases for the above management software. - Writing manuals documents. - Support project implementation staff in the process of deploying for customers. - Participating in upgrading some features for the Hyundai Thanh Cong Sales Management project. Starting income: 4.5 million Final earnings: 5.5 million LEARNING PROCESS Duration of professional study: Page 3/4 Year to year Degree Major Degree Name of School Ranking 2010 2014 Full-time University Software Engineering, Faculty of Information Technology, Hung Yen Technical Pedagogical University Good Time to study for the certificate: From year to year Degree Degree Course content Name of center 2015 Certificate Attending test course at the center. Tester Center Hanoi. QUALIFICATIONS AND SKILLS 1. Foreign languages ​​Good/Fluent Fairly Good English 2. Computing Good/Fluent Fairly Average Word/ excel Powerpoint Others: visio, project manager, rational rose 3. Technical skills Good/ fluent Fair Average Knowledge of testing, software quality assurance, mastering the process of software development and production. Planning skills, writing test cases Fluently using database management systems SQL server, Oracle Personal superiority: Self-assessment of individual's superiority if any in the following areas: Self-Assessment Management Good time and work management. Good Communication Good Presentation Good Problem Analysis Good Thinking Ability Good Internet Search Good Teamwork Good Good Training Good Sports Likes walking, badminton Experience: (different jobs will have different experience) Page 4/4 Area of ​​experience Years of experience Notable details Software testing 3 - Persuasive ability, good problem solving - Careful, meticulous - Progressive, looking forward highest perfection - Good teamwork skills, good judgment. - Enhance responsibility with work - Practice risk taking, dare to assert yourself. ADDITIONAL INFORMATION Personality: - Responsible person - Easy to get along with, cheerful - Hardworking, careful, skillful and straightforward You want a job: - Friendly working environment, dynamic, modern. You have the opportunity to develop and give your full potential. - Long-term stable job, income commensurate with capacity. - Having attractive remuneration for employees, Career goals: - Learn more new technology knowledge - Complete the international Tester certificate I certify that the information I declared above is correct truth and take full responsibility for providing the above information. Hanoi, August 15, 2018 Information Declarant Vu Thi Luong",
  "educations": [
    {
      "id": 4503,
      "gpa": null,
      "major": "believe",
      "school": "Hung Yen Technical Pedagogical University",
      "diploma": "Bachelors",
      "end_time": "2014-01-01T00:00:00Z",
      "conf_score": 0.8044401879015934,
      "start_time": "2010-01-01T00:00:00Z",
      "picklist_major": "Other",
      "major categories": "",
      "major_categories_detail": ""
    }
  ],
  "experiences": [
    {
      "id": 15019,
      "detail": "Work done : - Project: Supermarket purchasing management Perform document review of buy - sell - order modules and manage prices for products Perform test planning Perform scripting functional flow test version and functional test script.+ Buy - sell - order module+ Price management module for products Perform functional tests Perform tests, log bugs Support system operations for new members in Thu start-up income: 9 million Final income: 11 million system-learning process- Project: Equipment loan and return management Perform testcase writing as required by the project for lending the module to the device. Perform functional tests Perform tests, log bugs- Experienced in using error management tools: Jira, Mantis, Test link, Redmine, excel, word.",
      "company": "Fsoft Software Co., Ltd",
      "end_time": "2023-04-13T00:00:00Z",
      "industry": "Other",
      "position": "Software tester",
      "conf_score": 0.9171639347300826,
      "start_time": "2017-01-01T00:00:00Z"
    },
    {
      "id": 15020,
      "detail": "Work done : - Project: Build application to support Safe City. Perform solution document review. Writing manuals documents. Implementation of customer deployment and customer support during use.- Project: Contract process management application Perform test case writing at the request of management.- Experience in using management tools error correction:Mantis, Test link, Redmine, excel, word.Starting income: 6.5 million Final income: 7 million",
      "company": "ANT . Solution and Joint Stock Company",
      "end_time": "2016-12-31T00:00:00Z",
      "industry": "Other",
      "position": "Software tester",
      "conf_score": 0.92247402137877,
      "start_time": "2016-01-01T00:00:00Z"
    },
    {
      "id": 15021,
      "detail": "Work done:- Participated in researching and building some modules of the deal management project for Hyundai Ngoc Phat. - Participating in writing test cases for the above management software.- Writing user manuals. - Support project implementation staff in the process of deploying for customers.- Participate in upgrading some features for Hyundai Thanh Cong Sales Management project. Starting income: 4.5 million Final earnings: 5.5 million",
      "company": "Idocnet technology investment and joint stock company",
      "end_time": "2015-12-31T00:00:00Z",
      "industry": "Other",
      "position": "Code and software testers",
      "conf_score": 0.92247402137877,
      "start_time": "2014-10-01T00:00:00Z"
    }
  ],
  "address": "House number 146 Bach Dang - Hoan Kiem - Hanoi"
}