{
  "skills": [
    "stack",
    "sc",
    "angular",
    "css3",
    "operation system",
    "database schema",
    "java",
    "json",
    "babe",
    "javascript",
    "bootstrap",
    "es6",
    "data format",
    "risks",
    "management",
    "redux",
    "java core",
    "spring boot",
    "object oriented",
    "vuejs",
    "hard working",
    "html5",
    "structure",
    "analysis",
    "requirejs",
    "typescript",
    "spring",
    "react native",
    "redux saga",
    "redux thunk",
    "asp",
    "website development",
    "sql",
    "restful",
    "signalr",
    "oop",
    "css",
    "grunt",
    "software development",
    "testing",
    "mvc",
    "reactjs",
    "system design",
    "twitter",
    "database",
    "python",
    "gulp",
    "angularjs",
    "operations management",
    "material ui",
    "mysql",
    "jquery"
  ],
  "fulltext": "PROFILEExtremely motivated to constantly develop my skills and growprofessionally. As an ambitious and hard-working individual, I handle multiple tasks on a daily competently, working well under thepressure. More than 4 years working on online industry as a webdeveloper, I've learned & got experiences at web developmentenvironments, program languages, database, and management operationsystem. I'm confident in my ability to come up with interesting ideas forproject. NGUYEN NHUT TRINHWEB DEVELOPERCONTACT01656 033 621 0356 033 621 SKYPE: MRNHUTTRINH EXPERIENCEFULL STACK WEB DEVELOPER Positioin: 70% Frontend - 30% BackendFREELANCE TEAM | OCT 2017 - JUN 2018 (2 PROJECTS) Analyze requirements, research and develop new features. Design new features base on exist structure system.Design mockup, database schema and write specificationdocument for team members do their works. Develop web application with JAVA, Javascript, ReactJs andMaterial UI Develop RESTful API providing JSON data format for mobile andweb application. Exploit web system Tracking performance, improve connection speed, customize sqlstatement to improve query database performance Co-worker, support team member when they're getting stuck. FULL STACK WEB DEVELOPER Positioin: 70% Frontend - 30% Backend TMA SOLUTIONS | JAN 2015 - SEP 2018 (+4 PROJECTS) Analyze requirements, research and develop new features.Develop web application with JAVA, NodeJS, Websocket,ExpressJS, Jesmine, Babel, Springboot, Python, Javascript,Typescript, ReactJs and Material UI, Bootstrap, Jquery, Postgres, RedShift. Research and develop new components/company codinglibrary using new technologies Assist Team Leader to estimate development related tasks,design the database schema and identify risks Provide support to Software Development Engineer tomaintain and extend existing development software andactivities. Support to create test plans and scripts, carry out bugstesting, identify defects and fix them where they werediscovered or required. Develop RESTful API providing JSON data format formobile and web application. Co-worker, support team member when they're gettingstuck. MRNHUTTRINH@GMAIL.COM WWW.GITHUB.COM/MRNHUTTRINH BRIEF PROFESSIONAL SKILLSREACTJS (redux-saga, redux-thunk) ANGULARJS VUEJS REACT-NATIVE JAVASCRIPT/ES6 TYPESCRIPT HTML5/CSS3 SCSS/SASS NOUXDEON/BABEL POSTGRES REDSHIFT SQL SERVER ENGLISH MANAGEMENT ANALYSISSOCIAL MEDIATWITTER: @MRNHUTTRINH FACEBOOK: /MRNHUTTRINH FULL STACK WEB DEVELOPER Positioin: 70% Frontend - 30% Backend KIEN NHAN JSC | JUL 2013 - DEC 2014 (2 PROJECTS) Analyze requirements, research and develop new features. Develop web application with .NET, MVC5, SignalR, Javascript,AngularJS, Bootstrap, Jquery, SQLSERVER.Co-worker, support team member when they're getting stuck. SKILLS OBJECT-ORIENTED PROGRAMMING (OOP) 4/5 FRONT END 4/5 JAVASCRIPT (ES5, ES6, COMMONJS, REQUIREJS) TYPESCRIPT HTML5/CSS3/SCSS WEBPACK, GULP, GRUNT, BABEL SOCKETIO, WEBSOCKET JQUERY, REACTJS VUEJS UI DESIGN: BOOTSTRAP, PURE CSS, MATERIAL UI, FLAT UI BACK END 4/5 JAVA (CORE, SPRING BOOT) ASP.NET (MVC) NODEJS PYTHONDATABASE 4/5 POSTGRES, REDSHIFT, MYSQL, SQL SERVER COMMUNICATION INTERMEDIATE ENGLISH 4/5 LEAD ANALYTICEDUCATION OPEN UNIVERSITY | 2009 - 2013 COMPUTER SCIENTISTPowered by TCPDF (www.tcpdf.org)",
  "educations": [
    {
      "id": 4509,
      "gpa": null,
      "major": "Computer science",
      "school": "OPEN UNIVERSITY",
      "diploma": "Bachelors",
      "end_time": "2013-01-01T00:00:00Z",
      "conf_score": 0.9387061771431047,
      "start_time": "2009-01-01T00:00:00Z",
      "picklist_major": "IT - Hardware/Networking",
      "major categories": "Computer and information technology",
      "major_categories_detail": "Computer"
    }
  ],
  "experiences": [
    {
      "id": 15041,
      "detail": "(+4 PROJECTS) Analyze requirements, research and develop new features.Develop web application with JAVA, NodeJS, Websocket, ExpressJS, Jesmine, Babel, Springboot, Python, Javascript, Typescript, ReactJs and Material UI, Bootstrap, Jquery, Postgres, RedShift . Research and develop new components/company coding library using new technologiesAssist Team Leader to estimate development related tasks, design the database schema and identify risksProvide support to Software Development Engineer to maintain and extend existing development software and activities.Support to create test plans and scripts, carry out bugs testing, identify defects and fix them where they were discovered or required.Develop RESTful API providing JSON data format for mobile and web application.Co-worker, support team member when they're getting stuck.",
      "company": "TMA SOLUTIONS",
      "end_time": "2018-09-30T00:00:00Z",
      "industry": "High Technology",
      "position": "WEB DEVELOPER",
      "conf_score": 0.8711662964611804,
      "start_time": "2015-01-01T00:00:00Z"
    },
    {
      "id": 15042,
      "detail": "(2 PROJECTS) Analyze requirements, research and develop new features.Design new features base on exist structure system.Design mockup, database schema and write specification document for team members by their works.Develop web application with JAVA, Javascript, ReactJs andMaterial UI Develop RESTful API providing JSON data format for mobile and web application.Exploit web systemTracking performance, improve connection speed, customize sql statement to improve query database performanceCo-worker, support team member when they're getting stuck.",
      "company": "FREELANCE TEAM",
      "end_time": "2018-06-30T00:00:00Z",
      "industry": "Other",
      "position": "FULL STACK WEB DEVELOPER",
      "conf_score": 0.8620665934094431,
      "start_time": "2017-10-01T00:00:00Z"
    },
    {
      "id": 15043,
      "detail": "(2 PROJECTS) Analyze requirements, research and develop new features.Develop web application with .NET, MVC5, SignalR, Javascript, AngularJS, Bootstrap, Jquery, SQLSERVER. Co-worker, support team member when they're getting stuck.",
      "company": "KIEN NHAN JSC",
      "end_time": "2014-12-31T00:00:00Z",
      "industry": "Other",
      "position": "WEB DEVELOPER",
      "conf_score": 0.8620665934094431,
      "start_time": "2013-07-01T00:00:00Z"
    }
  ],
  "address": null
}