{
  "skills": [
    "search",
    "css",
    "typescript",
    "algorithm",
    "structure",
    "reactjs",
    "html",
    "full stack development",
    "wordpress",
    "redux",
    "jquery",
    "jest",
    "stack",
    "responsive",
    "javascript",
    "website development",
    "repos",
    "frontend development",
    "php",
    "manage member",
    "management",
    "neural network"
  ],
  "fulltext": "EDUCATIONHO CHI MINH UNIVERSITY OF TECHNOLOGYSEP 2012 - JAN 2017Major: Computer Science - SoftwareGPA: 7.4/10Thesis title: Combine back-propagation and simulated annealing algorithm to train the neuralnetwork for river flow forecasting. In this work, we apply two methods, first is a combine back-propagation algorithm andrandomized local search, second is a combine back-propagation algorithm and simulatedannealing algorithm to train artificial neuron network.NGUYEN HUY KHANHSoftware Engineer, Front-endWORK EXPERIENCEVNDEVSMAY 2018 - PRESENTSoftware Engineer, Front-end Lead- Work as a Front-end leader.- Manage company repos and libs.- Config webpack, CI.- Train new members.- Manage tasks for team members using Scrum.FAMICAREOCT 2017 - MAY 2018Senior Front-end Developer- Work as a Senior Front-end Developer, lead front-end team.- Develop a big web application for medical industry using react, redux, typescript .- Support design team with UI/UX.- Write tests using Jest.- Manage tasks for team members using Scrum.SMARTDATICSJUNE 2016 - OCT 2017Web Developer- Work as a full-stack developer , lead front-end team.- Write api documents, design application's structure.- Develop a big application for oil industry using pure javascript, jquery , d3.js.- Build web applications using react + redux.- Design and develop e-commerce websites using wordpress + php.Oct 15, 1994 Male +84965670854 huykhanh.cse@gmail.comHo Chi Minh, VietnamSkype: huykhanh.cseSUMMARYVersatile Front -end Developer with 3years of experience designing,developing, and managing complexsites, apps and internal frameworks.Specializes in Reactjs and responsivedesign.SKILLSManagementJavascriptReact - ReduxHTML - CSS CERTIFICATIONSTOEIC Certificate with score 7602017INTERESTSSoccerMusicADDITIONAL INFORMATIONLanguage: English - Intermediate @smartdatics.com topcv.vnPowered by TCPDF (www.tcpdf.org)",
  "educations": [
    {
      "id": 4504,
      "gpa": "7.4",
      "major": "Computer science",
      "school": "HO CHI MINH UNIVERSITY OF TECHNOLOGY",
      "diploma": "Bachelors",
      "end_time": "2017-01-01T00:00:00Z",
      "conf_score": 0.9048312760225512,
      "start_time": "2012-09-01T00:00:00Z",
      "picklist_major": "IT - Hardware/Networking",
      "major categories": "Computer and information technology",
      "major_categories_detail": "Computer"
    }
  ],
  "experiences": [
    {
      "id": 15022,
      "detail": "Work as a Front-end leader.- Manage company repos and libs.- Config webpack, CI. - Train new members.- Manage tasks for team members using Scrum.",
      "company": "VNDEVS",
      "end_time": "2023-04-13T00:00:00Z",
      "industry": "Other",
      "position": "Software Engineer, Front-end Lead",
      "conf_score": 0.9125515786070235,
      "start_time": "2018-05-01T00:00:00Z"
    },
    {
      "id": 15023,
      "detail": "Work as a Senior Front-end Developer, lead front-end team.- Develop a big web application for medical industry using react, redux, typescript . - Support design team with UI/UX. - Write tests using Jest. - Manage tasks for team members using Scrum.",
      "company": "FAMICARE",
      "end_time": "2018-05-31T00:00:00Z",
      "industry": "Other",
      "position": "Senior Front - end Developer",
      "conf_score": 0.9125515786070235,
      "start_time": "2017-10-01T00:00:00Z"
    },
    {
      "id": 15024,
      "detail": "- Work as a full-stack developer , lead front-end team.- Write api documents, design application's structure.- Develop a big application for oil industry using pure javascript, jquery, d3.js.- Build web applications using react + redux .- Design and develop e-commerce websites using wordpress + php.",
      "company": "SMARTDATICS",
      "end_time": "2017-10-31T00:00:00Z",
      "industry": "High Technology",
      "position": "Web Developer",
      "conf_score": 0.9125515786070235,
      "start_time": "2016-06-01T00:00:00Z"
    }
  ],
  "address": "Ho Chi Minh City, Vietnam"
}