{
  "skills": [
    "ssl",
    "networking",
    "docker swarm",
    "css",
    "openstack services",
    "tcp",
    "automation",
    "cloud system",
    "python",
    "filebeat",
    "juniper",
    "self learning",
    "virtualizations",
    "html",
    "linux",
    "system software",
    "virtualization",
    "mysql",
    "manage server",
    "compute",
    "security",
    "ftp",
    "project management",
    "call center",
    "san",
    "cpanel",
    "procurement",
    "openstack",
    "le",
    "zimbra",
    "apache",
    "database",
    "protocol",
    "cisco",
    "nagios",
    "hp bladesystem",
    "file server",
    "plesk",
    "nginx",
    "aws",
    "ansible",
    "docker",
    "cloud",
    "enterprise",
    "cumulus",
    "security solution",
    "futures",
    "system monitoring",
    "php",
    "cdn",
    "operating system",
    "switch",
    "hp",
    "centos",
    "quality assurance",
    "prometheus",
    "management",
    "storage node",
    "private cloud",
    "haproxy"
  ],
  "fulltext": "Nhon Huu NguyenSystem EngineerDate of birth:November 8,1990Gender: MalePhone: +84 977 045 835Email: Nhontrnguyen@gmail.comAddress:416 Le Quang Dinh street, district Binh Thanh,HCMWebsite: linkedin.com/in/nhonnhOBJECTIVEConsistently self-learning system, networking knowledge as well as management skills toprepare myself to be an technical manager in a near future.EDUCATIONOct 2011 - May 2014Posts and Telecommunications Institute of TechnologyMajor: Information technology2008 - 2011Korea - Vietnam friendship information technologyMajor: Network administratorWORK EXPERIENCEApr 2017 - PresentFimplus company - Fimplus .vnSENIOR SYSTEM ENGINEER- Building and management private cloud Openstack withhighly available for production.- Building and management software defined storage Cephintegrated with Openstack and configure data tiering for different purposes.- Managed dozens of large physical compute nodes, storagenodes, CDN nodes, GPU nodes. - Building and management object defined storage Ceph(S3-like) for hundreds of terabytes of data.- Managing switches with Cumulus network OS.- Research open source technologies(Linux to rule them all)and propose procurement of infrastructure equipment withmanager.- Using Docker to build Openstack services.- Building monitoring system to monitor physical server andservices with Prometheus, Nagios.- Building log monitoring by using ELK, Filebeat.- Configuring automation with Ansible.Dec 2015 - Mar 2017VNSO company - vnso.vnTECHNICAL SUPPORT MANAGERManage, support and training technical support staff.Managing the infrastructure including switches, servers:+ Manage and configure layer 2 switches Cisco, Juniper.+ Manage and configure EMC SAN switch and SAN storageNETAPP.+ Operating HP BladeSystem C7000.Deploy and operation hosting plesk, cpanel. Implement and manage OpenStack cloud systems.Setup and developing systems for vnso.vn, id.vnso.vnwebsites.Setup and deploying Elastix call center.Deploy system monitoring service and monitor server. Deploy SMS gateway with gammu.Deploy Zimbra mail system.Deploy share files server cloud.vnso.vnMay 2015 - Nov 2015Mat Bao company - mabao.netIT SUPPORTTroubleshoot and provide support for technical issues clientsare having with their hosting, servers, VPS.Solve the problem about SSL configuration.Troubleshoot, test, quality assurance of hosting hardware andsoftware.System skills- Good knowledge about TCP/IP protocol.- Good knowledge about networking.- Good knowledge of Linux. Daily use of Centos. Goodknowledge of configuration and optimization services Linuxsuch as Haproxy, Apache, Nginx, FTP server, databases... - Optimizing operating system and services performance,guaranteed to operate stable and highly available web systemand MySQL database.- Backup and restore system for VMware EXSI. - Ability to configure and deploy security solution on Centos. - Knowledge of virtualization. Implement and deployingOpenStack systems. - Knowledge of software defined storage. Implement anddeploying Ceph storage.- Planning, design and implement the fully open, highly available and scalable Infrastructure-as-a-Service architecturefor serving both of enterprise applications, production and development workloads.- Ability to write scripts for automation systems in linux bashshellSKILLS AND HOBBIES SUMMARY - Ability to build monitoring system with ELK, Prometheus.- Understanding Python.- Ability to build services with Docker.- Knowledge of Docker Swarm, service auto discovery.- Ability to configure switch Cumulus Network OS. - Understanding AWS services.- Ability deploy and managing configuration file by Ansible.Programming skills- PHP/HTML/CSS.- bash shell.- Python.Soft skills- Project Management.- Time management.English- Good working knowledge.Interests- Music .- Reading book.- Play badminton.Pham Khanh HoaSystem manager of Fimplus companyMobile: +84 905 789 886REFERENCES topcv.vn",
  "educations": [
    {
      "id": 4511,
      "gpa": null,
      "major": "Computer networks and data communication",
      "school": "Korea - Vietnam friendship information technology",
      "diploma": "Other",
      "end_time": "2011-01-01T00:00:00Z",
      "conf_score": 0.9242047582276173,
      "start_time": "2008-01-01T00:00:00Z",
      "picklist_major": "IT - Hardware/Networking",
      "major categories": "Computer and information technology",
      "major_categories_detail": "Computer"
    },
    {
      "id": 4510,
      "gpa": null,
      "major": "Information technology",
      "school": "Posts and Telecommunications Institute of Technology",
      "diploma": "Other",
      "end_time": "2014-05-01T00:00:00Z",
      "conf_score": 0.9242047582276173,
      "start_time": "2011-10-01T00:00:00Z",
      "picklist_major": "IT - Hardware/Networking",
      "major categories": "Computer and information technology",
      "major_categories_detail": "Information technology"
    }
  ],
  "experiences": [
    {
      "id": 15044,
      "detail": "- Building and management private cloud Openstack with highly available for production.- Building and management software defined storage Ceph integrated with Openstack and configure data tiering for different purposes.- Managed dozens of large physical compute nodes, storage nodes, CDN nodes, GPU nodes. - Building and management object defined storage Ceph(S3- like) for hundreds of terabytes of data.- Managing switches with Cumulus network OS. - Research open source technologies(Linux to rule them all) and propose procurement of infrastructure equipment with manager.- Using Docker to build Openstack services.- Building monitoring system to monitor physical server and services with Prometheus, Nagios. - Building log monitoring by using ELK, Filebeat. - Configuring automation with Ansible.",
      "company": "Fimplus company - Fimplus.vn",
      "end_time": "2023-04-13T00:00:00Z",
      "industry": "Other",
      "position": "SENIOR SYSTEM ENGINEER",
      "conf_score": 0.9264139694127339,
      "start_time": "2017-04-01T00:00:00Z"
    },
    {
      "id": 15045,
      "detail": "Manage, support and training technical support staff.Managing the infrastructure including switches, servers:+ Manage and configure layer 2 switches Cisco, Juniper. Manage and configure EMC SAN switch and SAN storageNETAPP. + Operating HP BladeSystem C7000. Deploy and operation hosting plesk, cpanel.Implement and manage OpenStack cloud systems.Setup and developing systems for vnso.vn, id.vnso.vn websites.Setup and deploying Elastix call center.Deploy system monitoring service and monitor server.Deploy SMS gateway with gammu.Deploy Zimbra mail system.Deploy share files server cloud.vnso.vn",
      "company": "VNSO company - vnso.vn",
      "end_time": "2017-03-31T00:00:00Z",
      "industry": "Other",
      "position": "TECHNICAL SUPPORT MANAGER",
      "conf_score": 0.9387061771431047,
      "start_time": "2015-12-01T00:00:00Z"
    },
    {
      "id": 15046,
      "detail": "Troubleshoot and provide support for technical issues clients are having with their hosting, servers, VPS. Solve the problem about SSL configuration.Troubleshoot, test, quality assurance of hosting hardware and software.",
      "company": "Mat Bao company",
      "end_time": "2015-11-30T00:00:00Z",
      "industry": "Other",
      "position": "IT SUPPORT",
      "conf_score": 0.9191700504881761,
      "start_time": "2015-05-01T00:00:00Z"
    }
  ],
  "address": "416 Le Quang Dinh street, district Binh Thanh, Ho Chi Minh City"
}