{
  "skills": [
    "ams",
    "teamwork",
    "excel",
    "Internet"
  ],
  "fulltext": "GENERAL INFOR Name: Tran Thi Kim Thuy Birthday: 14 Nov 1995 Phone: 0358811927 E-mail: tranthikimthuyk14@gmail.com Address: Binh Thanh District, Ho Chi Minh City. EDUCATION Ho Chi Minh University of Social Science & Humanities (2014-2018) Major: Oriental Faculty-Australian Studies Hi, I am a passionate, highly enthusiastic person. Have strong desire for knowledge and challenges. Actively involved with the latest trend of information and technology. A fast learner who picks up new skills quickly. Self-educated, self-motivated a versatile person. Friendly and responsible person. EXPERIENCE Teacher at SAS Saigon American English June 2018- present Academic coordinator at Today Education Oct 2018-Feb 2019 Tour-guide at XO Vietnam Sep 2017- May 2018 Online teacher at Topica Native Apr 2016- Apr 2018 Internship at VOA translation company PASSION AND HOBBIES Sports LANGUANGE SKILLS English: Fluent (mother tongue) English: Fluent (TOEIC 945) PROFESSIONAL SKILLS MS Excel: Intermediate MS Word: Advanced PowerPoint: Advanced Internet, Email: Very efficient use of the internet for information searching and generating PERSONAL SKILLS Hardworking Teamwork Communication",
  "educations": [
    {
      "id": 4517,
      "gpa": null,
      "major": "Orientalism",
      "school": "Ho Chi Minh University of Social Science & Humanities",
      "diploma": "Bachelors",
      "end_time": "2018-01-01T00:00:00Z",
      "conf_score": 0.8275107295019075,
      "start_time": "2014-01-01T00:00:00Z",
      "picklist_major": "Other",
      "major categories": "Social and behavioral sciences",
      "major_categories_detail": "Geography"
    }
  ],
  "experiences": [
    {
      "id": 15073,
      "detail": "",
      "company": "SAS - Saigon American English",
      "end_time": "2023-04-13T00:00:00Z",
      "industry": "Education",
      "position": "teacher",
      "conf_score": 0.8967422729948165,
      "start_time": "2018-06-01T00:00:00Z"
    },
    {
      "id": 15074,
      "detail": "",
      "company": "Today Education",
      "end_time": "2019-02-28T00:00:00Z",
      "industry": "Education",
      "position": "Academic coordinator",
      "conf_score": 0.8967422729948165,
      "start_time": "2018-10-01T00:00:00Z"
    },
    {
      "id": 15075,
      "detail": "",
      "company": "XO Vietnam",
      "end_time": "2018-05-31T00:00:00Z",
      "industry": "Other",
      "position": "Tour - guide",
      "conf_score": 0.9085716158340945,
      "start_time": "2017-09-01T00:00:00Z"
    },
    {
      "id": 15076,
      "detail": "",
      "company": "Topica Native",
      "end_time": "2018-04-30T00:00:00Z",
      "industry": "Education",
      "position": "Online teacher",
      "conf_score": 0.9020380838656434,
      "start_time": "2016-04-01T00:00:00Z"
    }
  ],
  "address": "Binh Thanh District, Ho Chi Minh City."
}