{
  "skills": [
    "stack",
    "angular",
    "css3",
    "wordpress",
    "javascript",
    "graphql",
    "cloud",
    "es6",
    "bootstrap",
    "mongodb",
    "redux",
    "heroku",
    "io",
    "postgresql",
    "jquery",
    "git",
    "html5",
    "typescript",
    "react native",
    "medium",
    "codeigniter",
    "google cloud",
    "sql",
    "restful",
    "laravel",
    "socket io",
    "database",
    "bitbucket",
    "php",
    "mysql",
    "html",
    "google maps"
  ],
  "fulltext": "NGUYEN THIEN QUANG Full Stack PHP/NodeJS WebsiteDate of birth: 25/09/1994Gender: NamPhone: 0395736236Email: dongthoigian4@gmail.comAddress: Ho Chi Minh city, VietnamTARGETBecome a website developer professional. Understand more about software in any software field and upgradeskills coding.EDICATIONOctuber, 2013 - May, 2016OPEN UNIVESITYSpecialized: Software ComputerGPA: 7.0/10WORK EXPERIENCEFebruary, 2016 - CurrentlyTQ DESIGNFull Stack PHP/HTML developerKnow more about UX-UI, advanced Javascript ES5, ES6 and PHPframework, CMS. All most website built and building at company aboutreal estate and website designWebsite: http://melosagarden.com.vn, http://diamondlotus.vnAugust, 2016 - CurrentlyLT COPORATIONFull stack PHP, Nodejs, HTML developer.At LT Corporation, we are building all most applications about websiteexchange trade coins virtual, Web Application, Server PHP usingRestful API and Graph QL.Website: All website, Web Applications is internal.Example: http://www.bitarbipro.com ( need account internal to login )PROGRAMMING SKILLS3 Year Full Stack Website Developer Nodejs / PHP:1. Nodejs, Express JS, Socket IO2. PHP7, Codeigniter, Laravel, Wordpress, Open Card.3. Css3, Javascript, typescript, jQuery, HTML5, Bootstrap 3 and 4, React/Redux, React Native, Angular 6/74. Database: MySQL, SQL Server, SQL lite, No SQL, PostGreSQL, MongoDB. 5. Google Cloud, Amazon Web Services (EC3), Git, Bitbucket, Firbase, Heroku.6. RestFul API and GraphQL7. Adobe Photoshop, Adobe Illustrator, Adobe Lightroom8. Facebook Developer, Google Developer, Google MAP APIExperiences: SEO On Page and SEO Off Page.Upgrade experiences website designer UX-UI, AnimationsCanvas, SVG, Charts HTML, Three JS, HTML5 MAP, Media.Nguyen Thien QuangPhone: 0395736236Email: dongthoigian4@gmail.com .comCONTACT topcv.vnPowered by TCPDF (www.tcpdf.org)",
  "educations": [
    {
      "id": 4522,
      "gpa": "7.0",
      "major": "Western musical instrument performance",
      "school": "OPEN UNIVERSITY",
      "diploma": "Other",
      "end_time": "2016-05-01T00:00:00Z",
      "conf_score": 0.917841109432358,
      "start_time": "2013-01-01T00:00:00Z",
      "picklist_major": "Art/Design",
      "major categories": "Art",
      "major_categories_detail": "Performing Arts"
    }
  ],
  "experiences": [
    {
      "id": 15095,
      "detail": ". At LT Corporation, we are building all most applications about website exchange trade coins virtual, Web Application, Server PHP usingRestful API and Graph QL. Website: All website, Web Applications is internal.Example: http://www.bitarbipro.com ( need account internal to login )",
      "company": "LT CORPORATION",
      "end_time": "2023-04-13T00:00:00Z",
      "industry": "Other",
      "position": "Full stack PHP, Nodejs, HTML developer",
      "conf_score": 0.9181269048441778,
      "start_time": "2016-08-01T00:00:00Z"
    },
    {
      "id": 15096,
      "detail": "Know more about UX-UI, advanced Javascript ES5, ES6 and PHP framework, CMS. All most website built and building at company about real estate and website designWebsite: http://melosagarden.com.vn, http://diamondlotus.vn",
      "company": "China DESIGN",
      "end_time": "2023-04-13T00:00:00Z",
      "industry": "Other",
      "position": "Full Stack PHP/HTML developer",
      "conf_score": 0.920031615510459,
      "start_time": "2016-02-01T00:00:00Z"
    }
  ],
  "address": "Ho Chi Minh City, Vietnam"
}