{
  "skills": [
    "scala",
    "linux",
    "docker",
    "tomcat",
    "java",
    "sonar",
    "json",
    "cassandra",
    "selenium",
    "mongodb",
    "management",
    "rest",
    "xml",
    "security",
    "postgresql",
    "spring boot",
    "git",
    "elasticsearch",
    "j2ee",
    "svn",
    "structure",
    "spring",
    "microservices",
    "mysql",
    "data structure",
    "windows server 2008",
    "nosql",
    "design patterns",
    "restful",
    "css",
    "oop",
    "gradle",
    "written communication",
    "maven",
    "mvc",
    "oracle",
    "protocol",
    "hibernate",
    "creative thinking",
    "management information system",
    "windows server",
    "problem solving",
    "agile",
    "sql",
    "html"
  ],
  "fulltext": "Hai NguyenAim to become a technical leader bycontinuously acquiring different development frameworks and technologiesHo Chi Minh City, VietnamWork Experience11/2014 presentHo Chi Minh, VNSenior Java DeveloperLaudert Vietnam Co., Ltd. Responsibilities & AccomplishmentsActing team leader, performing code review and daily verbal reporting to Germany team. Continuously released high quality features and fix bugs to Germany team.6/2013 8/2014Ho Chi Minh, VNSenior Java Developer KMS Technology, Inc. Responsibilities & AccomplishmentsMaintaining a big data processing system.2/2011 5/2013Ho Chi Minh, VNSenior Java Developer ITFarm AS Responsibilities & AccomplishmentsLeading a team of four, providing solutions for technical issues to the team and daily verbal reporting to Norway team, providing IT Help Desk for production server. Continuously released high quality features and fixed bugs for the website kompetansebors.no.10/2007 6/2010Ho Chi Minh, VNSenior Java Developer COA Vietnam Co., Ltd. Responsibilities & AccomplishmentsSuccessfully maintained an internal HRM portal. 2004 2005Diploma in Information Systems ManagementAptech2005 2006Higher Diploma in Software EngineeringAptechSkills & CompetencesAnalytical skillVerbal and written communication in EnglishTeam workGoal orientedProblem solvingCreative thinkingCode reviewOnsite AssignmentThe UK (2 months), Norway (1 month), Germany (1 month)Technical SkillsJava, J2EE, Scala, Hibernate , Microservices, Restful, Spring (AOP, Security, MVC & Integration, Batch), Spring boot, Wicket, HTML/CSS/JS, REST, SOAP, JSON, XML, UX Design.OOP, DBMS, Data structures, programming principles, web protocols, etc.Git, SVN, Maven, Gradle, Docker, Tomcat, Selenium, Sonar, automated testsEducation2002 2007Bachelor of Science in Information TechnologyUniversity of Natural SciencesHai Nguyenhainq1902@gmail.com(+84)-909-505-582Ho Chi Minh City , VietnamAim to become a technical leader bycontinuously acquiring different development frameworks and technologiesMySQL, PostgreSQL, Oracle, MSSQL, NoSQL (MongoDB, Cassandra, Elasticsearch)Linux, Windows Server 2008 R2Achievements & CertificatesGeneral English in Australia (2010)IELTS 7.0InterestsReading, AI, Software Agile Development, Table Tennis, Design Patterns.",
  "educations": [
    {
      "id": 4526,
      "gpa": null,
      "major": "Information technology",
      "school": "University of Natural Sciences",
      "diploma": "Bachelors",
      "end_time": "2007-01-01T00:00:00Z",
      "conf_score": 0.8331203744046224,
      "start_time": "2002-01-01T00:00:00Z",
      "picklist_major": "IT - Hardware/Networking",
      "major categories": "Computer and information technology",
      "major_categories_detail": "Information technology"
    }
  ],
  "experiences": [
    {
      "id": 15106,
      "detail": "Responsibilities & Accomplishments Acting team leader, performing code review and daily verbal reporting to Germany team. Continuously released high quality features and fix bugs to Germany team.",
      "company": "Laudert Vietnam Co., Ltd.",
      "end_time": "2023-04-13T00:00:00Z",
      "industry": "Other",
      "position": "Senior Java Developer",
      "conf_score": 0.9283402044765778,
      "start_time": "2014-11-01T00:00:00Z"
    },
    {
      "id": 15107,
      "detail": "Responsibilities & Accomplishments Maintaining a big data processing system.",
      "company": "KMS Technology, Inc.",
      "end_time": "2014-08-31T00:00:00Z",
      "industry": "High Technology",
      "position": "Senior Java Developer",
      "conf_score": 0.9166535282364164,
      "start_time": "2013-06-01T00:00:00Z"
    },
    {
      "id": 15108,
      "detail": "Responsibilities & Accomplishments Leading a team of four, providing solutions for technical issues to the team and daily verbal reporting to Norway team, providing IT Help Desk for production server.Continuously released high quality features and fixed bugs for the website kompetansebors.no.",
      "company": "ITFarm AS",
      "end_time": "2013-05-31T00:00:00Z",
      "industry": "Other",
      "position": "Senior Java Developer",
      "conf_score": 0.9283402044765778,
      "start_time": "2011-02-01T00:00:00Z"
    },
    {
      "id": 15109,
      "detail": "Responsibilities & Accomplishments Successfully maintained an internal HRM portal.",
      "company": "COA Vietnam Co., Ltd.",
      "end_time": "2010-06-30T00:00:00Z",
      "industry": "Other",
      "position": "Senior Java Developer",
      "conf_score": 0.9125776658202421,
      "start_time": "2007-10-01T00:00:00Z"
    }
  ],
  "address": "Ho Chi Minh City, Vietnam"
}