{
  "skills": [
    "management",
    "redux",
    "unit test",
    "ant",
    "postgresql",
    "firebase",
    "visualization",
    "team management",
    "pentaho",
    "business intelligence",
    "sql",
    "css",
    "le",
    "data visualization",
    "communication skills",
    "lot management",
    "reactjs",
    "oracle",
    "database",
    "teamwork",
    "bootstrap",
    "jest",
    "mysql",
    "html"
  ],
  "fulltext": "EDUCATIONHO CHI MINH UNIVERSITY OF TECHNOLOGYOCT 2013 - AUG 2017Major: Software TechnologyEngineer's degree EXPERIENCETMA STUDENT DEVELOPMENT CENTERJULY 2016 - SEP 2016INTERN- Project: Visualization data with Pentaho.- Project Description : Got Data from parking lot database. The goal of project ismanage time pf employees-Industry : Parking lot Management-Team size : 5- Skill set Utilized : HTML, CSS, Bootstrap, SQL Server 2014, mySQL, CommunityDashboard Editor (Pentaho Community)- Responsibilities : Designed components for dashboard- Duration : 3 monthsKMS TECHNOLOGY VIETNAMMAR 2017 - PRESENTSOFTWARE ENGINNERMar 2017 - May 2017-Project : NhatTho Bet -Project Description : Build web application for user to bet football matches-Industry: Entertaiment-Team size : 10- Skill set Utilized : Srping boot, postgreSQL , Thymeleaf- Responsibilities : Designed UI and create controller to get data for betting matches-Duration : 2 monthsJun 2017 - Aug 2017-Project : Competency framework-Project Description : build web application for user to evaluate ability of employees-Team size: 3- Skill set Utilized : Reactjs, firebase, lodash, ant library- Responsibilities : Design components and get data from firebase to create question and assessment, request for assessment-Duration : 2 monthsSep 2017 - Dec 2017-Project : Izenda Professional Service-Project Description : migrate data from version 6 to version 7-Industry : Business intelligence-Team size : 4-Skill set Utilized : mySQL, posgreSQL, SQL server, oracle- Responsibilities: migrate data for client and support customer to migrate data-Duration : 3 monthsJan 2018 - Present-Project : HotSchedules-Description : build web application to manage inventory for HotschedulesTHANH CONG LE DEVELOPEROCT 23, 1995 Male 0974908350 thanhcong.dev@gmail.com23/5/15 TA16, ward 12, Ho Chi Minh city skype:thanhcong.2310OBJECTIVE-Use my knowledge to build thegood product for community.-Find out the place to developprogramming skills.-To have good opportunities to getpromotion in my job.SKILLSCommunicationIndependentTeamworkLogical thinking and creativeReadingINTERESTSTravelMusic -Industry : Restaurant management & hospitality-Project team size: 100+-Team size : 13 -Skill set Utilized : reactjs, redux, reselect, redux observable, ImmutableJS, jest , enzyme - Responsibilities: design components and call API to get data for components, write unit test -Duration : 9 months CERTIFICATIONSSoft-skills certification.2015TOEIC : 5252016Engineer's degree2017 ACTIVITIESKMS TECHNOLOGY VIETNAMMAR 2017 - PRESENTParticipant-Top 10 KMS of humans episode 1.-The face of KMS Next 2018 (fresher training program).-Member of acoustic KMS band.-Organizer KMS Hackathon 2018.-Volunteer trip in Da Nang 2018 topcv.vnPowered by TCPDF (www.tcpdf.org)",
  "educations": [
    {
      "id": 4531,
      "gpa": null,
      "major": "Software Technology",
      "school": "HO CHI MINH UNIVERSITY OF TECHNOLOGY",
      "diploma": "Engineer",
      "end_time": "2017-08-01T00:00:00Z",
      "conf_score": 0.8122306558073306,
      "start_time": "2013-10-01T00:00:00Z",
      "picklist_major": "Other",
      "major categories": "",
      "major_categories_detail": ""
    }
  ],
  "experiences": [
    {
      "id": 15124,
      "detail": "-Project : RightTho Bet -Project Description : Build web application for user to bet football matches-Industry: Entertaiment -Team size : 10 - Skill set Utilized : Srping boot, postgreSQL, Thymeleaf - Responsibilities : Designed UI and create controller to get data for betting matches-Duration : 2 months",
      "company": "KMS TECHNOLOGY VIETNAM",
      "end_time": "2023-04-13T00:00:00Z",
      "industry": "High Technology",
      "position": "SOFTWARE ENGINEER",
      "conf_score": 0.8934970860255722,
      "start_time": "2017-03-01T00:00:00Z"
    },
    {
      "id": 15125,
      "detail": "- Project: Visualization data with Pentaho. - Project Description : Got Data from parking lot database. The goal of project is manage time pf employees-Industry : Parking lot Management -Team size : 5 - Skill set Utilized : HTML, CSS, Bootstrap, SQL Server 2014, mySQL, Community Dashboard Editor (Pentaho Community) - Responsibilities : Designed components for dashboard-Duration : 3 months",
      "company": "TMA STUDENT DEVELOPMENT CENTER",
      "end_time": "2016-09-30T00:00:00Z",
      "industry": "High Technology",
      "position": "INTERN",
      "conf_score": 0.9171087048027518,
      "start_time": "2016-07-01T00:00:00Z"
    }
  ],
  "address": "23/5/15 Ta16, ward 12, Ho Chi Minh city"
}