{
  "skills": [
    "java",
    "ims",
    "c#",
    "sales",
    "management",
    "blockchain",
    "io",
    "milk",
    "analysis",
    "react native",
    "operating system",
    "search",
    "android",
    "asp",
    "desktop",
    "sql",
    "restful",
    "css",
    "system software",
    "software development",
    "mvc",
    "objective c",
    "reactjs",
    "windows phone",
    "ethereum",
    "anchor",
    "bitcoin",
    "html"
  ],
  "fulltext": "Nguyen Anh Tuan Date of birth: 01/07/1993Phone: 0976845321Email: npp.nguyentuan@gmail.comAddress: Thai Hoa,Tan Uyen , Binh DuongHo Chi Minh University of Technology (HUTECH)Sep 2011 - Sep 2015EDUCATIONMajor in Software EngineeringHo Chi Minh University of Technology (HUTECH)Sep 2011 - Sep 2015Fois-VN CompanySep 2015 - 4/ 2017Bacoor INC5/2017 - 4/2018EXPERIENCEstudent- Have basic knowledge of web developing on MVC pattern(website Sales Manager for the ThuanViet Milk company)- Have done some small projects on Windows Phone & Android operating system.(app Search Motel (windows Phone) and app NihongoKaiwa (android))developer,sub-leadProject SmilePOS (developer,sub-lead)- IOS (Ojective C)- Webservice (C# ,SOAP,RESTFUL , 3-tier)-SQL server (Function , Procedure,trigger,view)- Work with customers (manager of SUSHIBAR-The Thien Que)Project IMS (Manager-developer-leader)- IOS (Ojective C) - Webservice (C# , SOAP,RESTFUL, 3-tier) developer, sub-leadProject HB WALLET (developer, sublead)- Mobile ( React-native, Blockchain )- Blockchain and Crypto currency- Wallet manager crypto currencyProject NOAH WALLET (developer, leader)- Mobile ( React -native, Blockchain )- Blockchain and Crypto currency - Wallet manager crypto currencyProject HB DESKTOP (developer, sublead )- desktop application ( electronjs, Reactjs, Blockchain )- Blockchain and Crypto currency - Wallet manager crypto currencyProject Cryptonium- Mobile (React-native , blockchain)- support crypto currency NEO, LITECoin, Bitcoin, EthereumFAM HOPPER4/2018 - NowTeam leader, DeveloperProject FH WALLET ( Team Leader, developer )- Mobile ( React-native, Blockchain )- Knowledge in Blockchain and crypto- Development crypto wallets - Gathering and analysis requirements - Planing and estimate time for projects - Research technologies - Prepare basic and detail designs - Prepare documents - Manage development team and tasksProject NAM Pay ( Team Leader, developer ) - Mobile ( React-native, Blockchain ) - Knowledge in Blockchain and crypto- Development crypto wallets - Gathering and analysis requirements- Planing and estimate time for projects- Research technologies- Prepare basic and detail designs- Prepare documents- Manage development team and tasksProject CPO Application ( Team Leader, developer ) - Mobile ( React-native, Blockchain ) - Knowledge in Blockchain and crypto - Development crypto wallets - Gathering and analysis requirements - Planing and estimation time for projects - Research technologies - Prepare basic and detail designs - Prepare documents - Manage development team and tasksACTIVITIESBlueSky GroupJan 2012 - NowLeaderHUTECH social work teamJan 2013 - Jun 2014Skill leaderMama NinjaJan 2013 - Jun 2013StaffACHIEVEMENT- First prize Collective of Talented IT2013- First prize Excellent Skill Code Hackademic2013- Global Software Developer Program2015- English (Have a knowledge)August 2, 2011- Japanese (Have a knowledge)March 2015Soft Skills- Be able to work independently as well as in groups - Well adapted to a new environment - Good time management - Be able to work under pressure - Honest and responsible- Programing- Search & LearningHard Skills- C#, SQL: be able to work independently ( app desktop Sales Manager )- Java, ASP.NET: average level (Sales Manager website)- HTML, CSS, Jscript: skillful(Sales Manager website)- Android (NihongoKaiwa app) (developing)- Windows phone (Search Motel)- IOS (Objective C) (1.5 year) Project SmilePOS of FOIS VietnamCompany(September 2015- April 2017)and Project for International Manager System (IMS) of FOIS VietnamCompany(January 2015- April 2017)- React-native (1 year ) with Project HB Wallet - Blockchain ( 1 year ) with Project HB Wallet , NOAH Wallet , HBDesktop- Sodility ( learning and research)SKILLS AND INTERESTSInterests- Reading books, watching movies, cycling, swimming, etc- Exploring and learning new things- Search & LearningLINGUISTICS- Japanese(basic), English(basic) topcv.vn",
  "educations": [
    {
      "id": 4535,
      "gpa": null,
      "major": "Software technology",
      "school": "Ho Chi Minh University of Technology (HUTECH)",
      "diploma": "Bachelors",
      "end_time": "2015-09-01T00:00:00Z",
      "conf_score": 0.8963475142684175,
      "start_time": "2011-09-01T00:00:00Z",
      "picklist_major": "IT - Hardware/Networking",
      "major categories": "Computer and information technology",
      "major_categories_detail": "Computer"
    }
  ],
  "experiences": [
    {
      "id": 15133,
      "detail": "( Team Leader, developer ) - Mobile ( React-native, Blockchain ) - Knowledge in Blockchain and crypto- Development crypto wallets- Gathering and analysis requirements- Planing and estimate time for projects- Research technologies- Prepare basic and detail designs- Prepare documents- Manage development team and tasksFA",
      "company": "FAM HOPPER",
      "end_time": "2023-04-13T00:00:00Z",
      "industry": "Other",
      "position": "Team leader, Developer",
      "conf_score": 0.8187906655557067,
      "start_time": "2018-04-01T00:00:00Z"
    },
    {
      "id": 15135,
      "detail": "roject HB WALLET ( developer, sublead ) - Mobile ( React-native, Blockchain ) - Blockchain and Crypto currency- Wallet manager crypto currencyProject NOAH WALLET ( developer, leader ) - Mobile ( React-native, Blockchain ) - Blockchain and Crypto currency- Wallet manager crypto currencyProject HB DESKTOP (developer, sublead ) - desktop application ( electronjs, Reactjs, Blockchain ) - Blockchain and Crypto currency- Wallet manager crypto currencyProject Cryptonium - Mobile (React-native , blockchain)- support crypto currency NEO, LITECoin, Bitcoin, Ethereum",
      "company": "Bacoor INC",
      "end_time": "2018-04-30T00:00:00Z",
      "industry": "Other",
      "position": "developer, sub - lead",
      "conf_score": 0.9497917602748734,
      "start_time": "2017-05-01T00:00:00Z"
    },
    {
      "id": 15136,
      "detail": "ject SmilePOS (developer,sub-lead)- IOS (Ojective C) - Webservice (C# ,SOAP,RESTFUL, 3-tier)-SQL server (Function , Procedure,trigger,view) - Work with customers (manager of SUSHIBAR-The Thien Que) Project IMS (Manager-developer-leader) - IOS (Ojective C) - Webservice (C# ,SOAP,RESTFUL, 3-tier)",
      "company": "Fois - VN Company",
      "end_time": "2017-04-30T00:00:00Z",
      "industry": "Other",
      "position": "developer,sub - lead",
      "conf_score": 0.928580822868573,
      "start_time": "2015-09-01T00:00:00Z"
    }
  ],
  "address": "Thai Hoa, Tan Uyen, Binh Duong"
}