{
  "skills": [
    "ams",
    "roof",
    "customer marketing",
    "pvc",
    "general management",
    "marketing",
    "excel",
    "management",
    "medium",
    "sales",
    "email marketing"
  ],
  "fulltext": "Phuong, Bui Thi MaiDate of birth: Sept 19,1988Gender: FemalePhone: 0904808811Email: phuong.buithimai@gmail.comAddress: Vinhome Thang long, Nam An Khanh,Hanoi, VietnamOBJECTIVEI love working in marketing and PR fields. After finishing BA of Marketing at RMIT Vietnam , I had 2 years ofexperience at PVC Group which was a very succesful and powerful group at that moment. I had contributed forthe company with passion and youth enthusiasm. For a while, i thought i needed a greater change on knowledge and career, i decided to go abroad and studiedMaster of Marketing at University of Portsmouth, United Kingdom. Few years learning in professional anddeveloped countries, i found myself confidence, bigger mind and better education.Finishing my master, i wentback to Vietnam and worked both in advertising agency and corporate in F&B fields. I had made my execencein applying knowledge to certain customer case. I am proud of being flexible and adaptable with changingenvironment, customer requirement, leading member in understanding team thoroughly.I want to challengemyself in new area, gain more knowledge because of the fast changing marketing world. I try to expert my selfon using online, offline tools to create effective plan. Therefore, i hope to work and contribute for an organizationwhich gives me chance to accellerate my abillity and passion.EDUCATIONOct 2011 - March 2013University of Portsmouth, UKMajor: MA MarketingGPA: MeritJan 2007 - Jan 2010Royal Melbourne Institute of Technology, Australia- Campus HanoiMajor: Bachelor of CommerceGPA: 2.2/4WORK EXPERIENCEApr 2017 - PresentPetrolinks, JSCMarketing Manager- The company has established on 2011, mainly a Pr- Advertisingagency.- Pitching and presenting ideas with clients.- Planning marketing master plan for company big clients such asViglacera, Domesco, Ha Long beer, Thang Long Cement, Loyal Spa- Directing activation plan for single PR Campagin which related toTVC, social investigation, online and offline media campagin for Canifa,Redsun, Viettel, Foreign Trade University...- Expanding network, finding new client for company Expert on: team leader, director, consumer relationship,B2B, Planningand activation. Oct 2016 - Mar 2017Redsun GroupBrand Manager- Redsun Group has more than 120 franchise restaurants over VietnamManaged marketing activities for 3 F&B brands which are BUKBUK,CAPRICIOSA, DOLPANSAM. The company has 12 restaurants ofthese brands.- Trade marketing plan in order to up sale quarterly and yearly, andspecial event for holiday or grand opening- Reported after launching based on KPI- Teamed work with designer, digital and offline POSM manufacturer Expert on: team leader, KPI managerment, POSM activitionAug 2015 - Oct 2016Zaan, JSCOperation Manager- Managed drink chains which has two brands MANGO MANIA and GREEN MANGO. They are franchised from Thailand. - Plan online marketing plan such as food online network ( foody, Lozi),Facebook marketing and online press website.- Team work with POS manager, inventory manager and accountant torun the business- Product development for each location- Advisor for employee training department to increase service Expert on: general management, leadership, consumer insightMay 2013 - June 2015HaPhuong Crystal, JSCMarketing manager- Company imported crystal product from many countries such as vase,wine glasses.- Product sold for B2B and end consumers. - Entered many special holiday gifts for Mobifone, Viettel or annualcustomer care for SHB Bank and many other SME organizations. - Built website, email marketing, offline POSM, delivery system. Expert on: B2C consumer insight, internal relatives.Aug 2012 - March 2013Riverorchid Indochina Marketing AngencyAccount Manager- Built the client networks such as Ecopark, Holcim, Eximbank.- Planned and pitched ideas for customer marketing master plan. - Collaborated with designer team and copywriter team to develop ideasand plan.- Joined and managed TVC operation for HUDA beer, EXIMBANK,GAU DO noodles Expert on: Customer relationship manager, Agency media,Apr 2010 - Aug 2011Petrovietnam Construction GroupPR and Event Executive- Planned a Master plan for Group in year 2011 include TVC, PressRelation, Events ( grand opening, annual stock owner meeting) andMass Media (TV, Radios).- Built new organization culture which applied on daily workingenvironment, how to deal with customer, client and colleague.- Managing advertisement of PVC on VOV 90 MHZ daily on 7.15am to5.30pm, Real estate show on VCTV9 and some other Advs slot on InfoTV.- Participate on PVC film for company- Event execution in many ground breaking event, grand opening eventin more than 12 big projects all over Vietnam.- Press relation before and after events. Expert on : high pressure job, national master event type, Pressrelationship.2012IELTS Certificate with score 6.5CERTIFICATIONSLanguageEnglish, VietnameseComputerWord, Excel, PowerpointSKILLS topcv.vnPowered by TCPDF (www.tcpdf.org)",
  "educations": [
    {
      "id": 4541,
      "gpa": null,
      "major": "Marketing",
      "school": "RMIT Vietnam",
      "diploma": "Other",
      "end_time": null,
      "conf_score": 0.8050302059821224,
      "start_time": null,
      "picklist_major": "Marketing",
      "major categories": "Business and management",
      "major_categories_detail": "Business"
    },
    {
      "id": 4544,
      "gpa": "2.2",
      "major": "Commerce",
      "school": "Royal Melbourne Institute of Technology, Australia - Campus Hanoi",
      "diploma": "Bachelors",
      "end_time": "2010-01-01T00:00:00Z",
      "conf_score": 0.8963209441344201,
      "start_time": "2007-01-01T00:00:00Z",
      "picklist_major": "Other",
      "major categories": "",
      "major_categories_detail": ""
    },
    {
      "id": 4542,
      "gpa": null,
      "major": "Marketing",
      "school": "University of Portsmouth",
      "diploma": "Masters",
      "end_time": null,
      "conf_score": 0.800450097907721,
      "start_time": null,
      "picklist_major": "Marketing",
      "major categories": "Business and management",
      "major_categories_detail": "Business"
    },
    {
      "id": 4543,
      "gpa": null,
      "major": "Marketing",
      "school": "University of Portsmouth, UK",
      "diploma": "Bachelors",
      "end_time": "2013-03-01T00:00:00Z",
      "conf_score": 0.9243558553099895,
      "start_time": "2011-10-01T00:00:00Z",
      "picklist_major": "Marketing",
      "major categories": "Business and management",
      "major_categories_detail": "Business"
    }
  ],
  "experiences": [
    {
      "id": 15147,
      "detail": "- The company has established on 2011, mainly a Pr- Advertising agency.- Pitching and presenting ideas with clients.- Planning marketing master plan for company big clients such asViglacera, Domesco, Ha Long beer, Thang Long Cement, Loyal Spa - Directing activation plan for single PR Campagin which related toTVC, social investigation, online and offline media campagin for Canifa, Redsun, Viettel, Foreign Trade University... - Expanding network, finding new client for companyExpert on: team leader, director, consumer relationship,B2B , Planning and activation.",
      "company": "Petrolinks, JSC",
      "end_time": "2023-04-13T00:00:00Z",
      "industry": "Petroleum",
      "position": "Marketing Manager",
      "conf_score": 0.9175172730272324,
      "start_time": "2017-04-01T00:00:00Z"
    },
    {
      "id": 15149,
      "detail": "- Redsun Group has more than 120 franchise restaurants over Vietnam Managed marketing activities for 3 F&B brands which are BUKBUK, CAPRICIOSA, DOLPANSAM. The company has 12 restaurants of these brands.- Trade marketing plan in order to up sale quarterly and yearly, and special event for holiday or grand opening- Reported after launching based on KPI - Teamed work with designer, digital and offline POSM manufacturerExpert on: team leader, KPI management, POSM activition",
      "company": "Redsun Group",
      "end_time": "2017-03-31T00:00:00Z",
      "industry": "Other",
      "position": "Brand Manager",
      "conf_score": 0.9373000418704206,
      "start_time": "2016-10-01T00:00:00Z"
    },
    {
      "id": 15151,
      "detail": "- Managed drink chains which has two brands MANGO MANIA and GREEN MANGO. They are franchised from Thailand. - Plan online marketing plan such as food online network (foody, Lozi), Facebook marketing and online press website.- Team work with POS manager, inventory manager and accountant to run the business- Product development for each location- Advisor for employee training department to increase serviceExpert on: general management, leadership, consumer insight",
      "company": "Zaan, JSC",
      "end_time": "2016-10-31T00:00:00Z",
      "industry": "Other",
      "position": "Operation Manager",
      "conf_score": 0.9380974856686034,
      "start_time": "2015-08-01T00:00:00Z"
    },
    {
      "id": 15152,
      "detail": "- Company imported crystal product from many countries such as vase, wine glasses.- Product sold for B2B and end consumers.- Entered many special holiday gifts for Mobifone, Viettel or annual customer care for SHB Bank and many other SME organizations.- Built website , email marketing, offline POSM, delivery system.Expert on: B2C consumer insight, internal relatives.",
      "company": "HaPhuong Crystal, JSC",
      "end_time": "2015-06-30T00:00:00Z",
      "industry": "Other",
      "position": "Marketing manager",
      "conf_score": 0.9352556774579368,
      "start_time": "2013-05-01T00:00:00Z"
    },
    {
      "id": 15154,
      "detail": "- Built the client networks such as Ecopark, Holcim, Eximbank. - Planned and pitched ideas for customer marketing master plan.- Collaborated with designer team and copywriter team to develop ideas and plan.- Joined and managed TVC operation for HUDA beer, EXIMBANK, GAU DO noodlesExpert on: Customer relationship manager, Agency media,",
      "company": "Riverorchid Indochina Marketing Agency",
      "end_time": "2013-03-31T00:00:00Z",
      "industry": "Other",
      "position": "Account Manager",
      "conf_score": 0.9380974856686034,
      "start_time": "2012-08-01T00:00:00Z"
    },
    {
      "id": 15156,
      "detail": "- Planned a Master plan for Group in year 2011 includes TVC, Press Relation, Events (grand opening, annual stock owner meeting) and Mass Media (TV, Radios). - Built new organization culture which applied on daily working environment, how to deal with customer, client and colleague.- Managing advertisement of PVC on VOV 90 MHZ daily on 7.15am to 5.30pm, Real estate show on VCTV9 and some other Advs slot onInfoTV . - Participate on PVC film for company- Event execution in many ground breaking event, grand opening event in more than 12 big projects all over Vietnam. - Press relation before and after events.Expert on : high pressure job, national master event type, Press relationship.",
      "company": "Petrovietnam Construction Group",
      "end_time": "2011-08-31T00:00:00Z",
      "industry": "Petroleum",
      "position": "PR and Event Executive",
      "conf_score": 0.9373000418704206,
      "start_time": "2010-04-01T00:00:00Z"
    }
  ],
  "address": "Vinhomes Thang Long, Nam An Khanh, Hanoi, Vietnam"
}