{
  "skills": [
    "search",
    "continuous integration",
    "microservices",
    "git",
    "agile",
    "kafka",
    "can",
    "reactjs",
    "full stack development",
    "redis",
    "search engine",
    "design patterns",
    "mysql",
    "kubernetes",
    "redux",
    "continuous delivery",
    "jquery",
    "sell",
    "elasticsearch",
    "stack",
    "javascript",
    "oop",
    "devops",
    "payment",
    "database",
    "database design",
    "commodities",
    "laravel",
    "nginx",
    "bootstrap",
    "docker",
    "jenkins",
    "php",
    "software development",
    "mongodb",
    "saas",
    "management",
    "buy"
  ],
  "fulltext": "Nguyen Son TungFull Stack Developer & DevOps sontung0@gmail.com 0378.476.116 Hanoi, VietnamFull nameNguyen Son TungBirthdayDecember23, 1987GenderMain Origin Ngo Gia Tu, Hai An, Hai Phong PERSONAL INFORMATION SKILLSKnowledge of PHP with frameworks Laravel, CodeIgniter Master knowledge of Javascript, React, Redux, jQuery, Bootstrap Master knowledge of MySQL, Indexing, Optimization for high performance Master knowledge of OOP, Design patterns, Clean code Master knowledge of Database Design & OptimizationExperience in development System development according to the Microservices modelKnowledge of Continuous Integration (CI), Continuous Delivery (CD)Experience working with JenkinsExperience working with KubernetesExperience working with Docker (developing and deploying application)Experience in doing Working with database system like MongoDB, Redis.Experience working with search engine like Elasticsearch.Experience working with messaging system like Kafka.Experience working with Nginx.Experience working with and integrating with other systems. payment gateway system (Onepay, NganLuong, BaoKim ...)Friendly with version management tool GITFriendly with software development model according to Agile/ScrumVelacorp2017 - NowTeam Leader & DevOps Main responsibilities:- Develop, deploy & maintain our projects company- Build & design system architecture- Learn new technologies to serve project needs- Review code- Support and train junior developersNTQ Solution2016 - 2017Developer Main responsibilities:- Build and develop projects for Japanese customersNencer Jsc.Developer & Team Leader WORK EXPERIENCE2012 - 2016Main responsibilities:- Develop, deploy & maintain company projects- Build & design system architecture- Learn new technologies to serve project needsPurchasing ManagementSystem11/2018 - NowOnline purchase management systemDescription: This is a system that provides software solutions for companies operating in the B2B field to help manage the purchase of goods for customer orders. The system is designed according to the SAAS model, which can create antennas that can be set up and operated independently. Technology: PHP, MySQL, Elasticsearch, Redis, Kafka, Kubernetes, Nginx,Jenkins, ReactJs Role in the project: Team Leader & DevOpsLogistics Management System08/2018 - 11/2018 Cargo, warehousing, shipping management systemDescription: This is a system that provides software solutions for companies operating in the B2B field to help manage goods, warehouses, and transportation. Engineering: The system is designed according to SAAS model, can create tenants with high quality. can be set up and operated independently. Technology: PHP, MySQL, Elasticsearch, Redis, Kafka, Docker, Nginx,Jenkins, ReactJs Role in the project: Team Leader & DevOpsGlobal Order System2017 - 2018 Importing system from foreign e-commerce sites (taobao,1688. ..) Description: This is a system that provides intermediary services to import goods from major foreign e-commerce sites. Help customers easily order goods directly from those sites quickly and simply. Technology: PHP, MySQL, MongoDB, Redis, Docker, Nginx, Jenkins Role in the project: Team LeaderCard Shopping2016 - 2016Selling system Online scratch card Description: This is a system that provides software solutions for shop owners selling cards online. Customers can pay for orders through online payment gateways at home and abroad. Shop owners can create their own card store or get cards from suppliers. Technical: The system is designed according to the SAAS model, can create tenants that can be set up and operated independently. Technology: PHP, MySQL, Redis, Nginx Project Role: Developer MAIN PROJECTS TO JOIN Vietnam Maritime University2006 - 2011Specialization in HydroengineeringAcademic topcv.vn",
  "educations": [
    {
      "id": 4548,
      "gpa": null,
      "major": "Communication technology",
      "school": "Vietnam Maritime University",
      "diploma": "Bachelors",
      "end_time": "2011-01-01T00:00:00Z",
      "conf_score": 0.9169645786863446,
      "start_time": "2006-01-01T00:00:00Z",
      "picklist_major": "Advertising/Promotion/PR",
      "major categories": "Press and information",
      "major_categories_detail": "Press and media"
    }
  ],
  "experiences": [
    {
      "id": 15162,
      "detail": "Main responsibilities:- Develop, deploy & maintain company projects- Build & design system architecture- Learn new technologies to serve project needs- Review code- Support and train junior developers",
      "company": "Velacorp",
      "end_time": "2023-04-13T00:00:00Z",
      "industry": "Other",
      "position": "Team Leader & DevOps",
      "conf_score": 0.9086575725185376,
      "start_time": "2017-01-01T00:00:00Z"
    },
    {
      "id": 15163,
      "detail": "Main responsibilities:- Building and developing projects for Japanese customers",
      "company": "NTQ Solution",
      "end_time": "2017-01-31T00:00:00Z",
      "industry": "High Technology",
      "position": "Developer",
      "conf_score": 0.9086575725185376,
      "start_time": "2016-01-01T00:00:00Z"
    },
    {
      "id": 15164,
      "detail": "Main responsibilities: - Develop, deploy & maintain company's projects - Build & design system architecture - Learn new technologies to serve project needs",
      "company": "Nencer Jsc.",
      "end_time": "2016-01-31T00:00:00Z",
      "industry": "Other",
      "position": "Developer & Team Leader",
      "conf_score": 0.9086575725185376,
      "start_time": "2012-01-01T00:00:00Z"
    }
  ],
  "address": "Ngo Gia Tu, Hai An, Hai Phong"
}