{
  "skills": [
    "payment",
    "ams",
    "management",
    "excel",
    "finance",
    "analytical thinking",
    "reds",
    "index",
    "bank accounts",
    "meticulous",
    "accounting",
    "warehousing",
    "le",
    "microsoft",
    "process data",
    "teamwork",
    "erp system",
    "accounting softwares"
  ],
  "fulltext": "Hoang Minh Quan NGUYEN 33 Rue de la Marne, 10000 Troyes, France (+33) 7 69 12 30 06 hoang-minh-quan.nguyen@get-mail.eu PROFILE STATEMENT Being meticulous, efficient time management, with a remarkable competence in I am seeking mathematics and financial factors, I am seeking an opportunity to leverage technical and professional skills to develop in finance industry, as well as contribute value and promote the companys growth. EDUCATION Groupe ESC Troyes en Champagne, Troyes, France [Aug. 2016 Nov. 2018] Master in Audit & Management Control Top 3% graduation Foreign Trade University, Ho Chi Minh City Campus, Vietnam [Aug. 2012 Apr. 2016] Bachelor in International Business Economics WORK EXPERIENCE Sodex Sport - French producer of sports equipment, nets and accessories since 1991 Accounting and Management Control Assistant [Mar. 2018 Sep. 2018] Financial Accounting Facilitated cash Distribution and collection procedure, which optimized data process by 65% ​​and increased relative collection effectiveness index by 4%. Issued local invoices, supervised clients' credit history, performed invoice reconciliation and commercial discount for agencies, local and foreign clients. Calculated salary, bonus, piece rate for 200 employees in less than 2 days. Conducted and analyzed monthly turnover reports filtered by geographic zones & clients for the CEO. Supported Chief Accountant during tax inspection which resulted in $4,000 decrease in tax penalty. Implemented general account of material, semi-finished and finished product input output inventory - COGS. Management Control Oversaw inventory to optimize warehousing and monitored stock keepers performance. Promoted ERP system departments throughout: preparing data transfer, setting up input form with accounting rules, solving communication and technical issues. Recomputed production cost, margin implemented on price form, amortization for machines and moulds, wages per hour for workers, fixed direct and indirect cost. CODUPHA Compagnie Du Pharmaceutique - Central Pharmaceutical Joint Stock Company Accounting and Logistics Trainee [Oct. 2015 Jan. 2016] Compiled general ledger entries with 100% accuracy. Interpreted data, analyzed results, and provided financial reports for supervisor. Maintained Cash & Bank account reconciliation. Facilitated payments by verifying documentation and requesting Disbursements. Identified issues and resolved invoice related. KEY STRENGTHS Accounting software (MISA, Power BI, A&C) Proficient teamwork skills Analytical thinking and research Great attention to detail Advanced English (TOEIC 950, IELTS 6.5) French (B1) and Chinese (A2) Microsoft Office (Excel, Word, PowerPoint) Ability to work under pressureVOLUNTEER EXPERIENCE Monitored foodstuffs volume and classified garments for the French Red Cross fund-raising boutique. Budgeted $714 for charity project, which Ho Chi in 150 gifts for kids Minh City, Vietnam. REFERENCE Mr. Alann BOUVOT - CEO of Sodex Sport. Mrs. Thi Nguyen Thi NGUYEN - Chief Accountant of Sodex Sport. Mr. Van Son LE - Director of CODUPHA.",
  "educations": [
    {
      "id": 4539,
      "gpa": null,
      "major": "International economy",
      "school": "Foreign Trade University, Ho Chi Minh City Campus",
      "diploma": "Bachelors",
      "end_time": "2016-04-01T00:00:00Z",
      "conf_score": 0.7686811003381239,
      "start_time": "2012-08-01T00:00:00Z",
      "picklist_major": "Economical",
      "major categories": "Social and behavioral sciences",
      "major_categories_detail": "Economics"
    },
    {
      "id": 4538,
      "gpa": null,
      "major": "Control and automation engineering",
      "school": "Groupe ESC Troyes en Champagne",
      "diploma": "Masters",
      "end_time": "2018-11-01T00:00:00Z",
      "conf_score": 0.7686811003381239,
      "start_time": "2016-08-01T00:00:00Z",
      "picklist_major": "Technical",
      "major categories": "Technique",
      "major_categories_detail": "Electrical engineering, electronics and telecommunications"
    }
  ],
  "experiences": [
    {
      "id": 15142,
      "detail": "Facilitated cash allocation and collection procedure, which optimized data process by 65% ​​and increased relative collection effectiveness index by 4%. Issued local invoices, supervised clients' credit history, performed invoice reconciliation and commercial discount for agencies, local and foreign clients. Calculated salary, bonus, piece rate for 200 employees in less than 2 days. Conducted and analyzed monthly turnover reports filtered by geographic zones & clients for the CEO. Supported Chief Accountant during tax inspection which resulted in $4,000 decrease in tax penalty. Implemented general account of material, semi-finished and finished product input - output - inventory - COGS. Management Control Oversaw inventory to optimize warehousing and monitored stock keepers performance. Promoted ERP system departments throughout: preparing data transfer, setting up input form with accounting rules, solving communication and technical issues. Recomputed production cost, margin implemented on price form, amortization for machines and moulds, wages per hour for workers, fixed direct and indirect cost.",
      "company": "Sodex Sport",
      "end_time": "2018-09-30T00:00:00Z",
      "industry": "Other",
      "position": "Financial Accounting",
      "conf_score": 0.8068873668007818,
      "start_time": "2018-03-01T00:00:00Z"
    },
    {
      "id": 15143,
      "detail": "] Compiled general ledger entries with 100% accuracy. Interpreted data, analyzed results, and provided financial reports for supervisor. Maintained Cash & Bank account reconciliation. Facilitated payments by verifying documentation and requesting Disbursements. Identified issues and resolved invoice related.",
      "company": "CODUPHA Compagnie Du Pharmaceutique - Central Pharmaceutical Joint Stock Company",
      "end_time": "2016-01-31T00:00:00Z",
      "industry": "Other",
      "position": "Accounting and Logistics Trainee",
      "conf_score": 0.9264139694127339,
      "start_time": "2015-10-01T00:00:00Z"
    },
    {
      "id": 15144,
      "detail": "",
      "company": "Sodex Sport",
      "end_time": "1991-12-31T00:00:00Z",
      "industry": "Other",
      "position": "Accounting and Management Control Assistant",
      "conf_score": 0.8369466864641149,
      "start_time": "1991-01-01T00:00:00Z"
    }
  ],
  "address": "33 Rue de la Marne, 10000 Troyes, France"
}