{
  "skills": [
    "security",
    "database",
    "android",
    "java",
    "intellij idea",
    "teamwork",
    "ibs",
    "javascript",
    "investments",
    "buy",
    "index",
    "react native",
    "java language",
    "communication skills",
    "html",
    "hue"
  ],
  "fulltext": "CANDIDATEs INFORMATION PERSONAL INFORMATIO Full Name : TRAN DANG KHOA Date of birth : Aug 03rd, 1990 Place of birth : Gia Lai province, Viet Nam Email address : khodangtran.it@gmail.com Mobile phone : (+84)0979890254 Marital Status : Single Gender : Male Address : 131/6c To Hien Thanh, Ward 13, District 10 Desired Position : MOBILE DEVELOPER Time to work : Full Time Year of Experience : 4 years EDUCATION BACKGROUND Education High school: Nguyen Hue (2005-2008). University: Open University HCM. Major : Information Technology. Specialize : Database. Completed courses at Center of Informatics-KHTN University : Android programming. VOLUNTARY WORK EXPERIENCE DURATION DETAILS 2008 Visited orphanage for blind children on Christmas Eve 2009 Volunteer Mua He Xanh 2010 2009,2010 Took part in team activities welcoming New Students Day 2009 2013 Member of Universitys IT CLUB OU LiveClub with over 100 members WORK EXPERIENCE DURATION DETAILS 6 /2013-3/2016 Work in Lotte-HPT : Android Developer 4/2016-Now Work in MService : Mobile Developer PROJECT App Stock (Used Socket). Viet Capital Securities. HYPERLINK \"https://play.google.com/store/apps/details?id=com.vcsc.mts\" https://play.google.com/store/apps/details?id=com.vcsc.mts KIS Securities Corporation HYPERLINK \"https://play.google.com/store/apps/details?id=com.kis.mts\" https://play.google.com/store/apps/details?id=com.kis. mts Petrovietnam Securities Incorporated HYPERLINK \"https://play.google.com/store/apps/details?id=com.psi.mts\" https://play.google.com/store/apps/details?id=com. psi.mts SaiGon-HaNoi Securities Joint Stock Company HYPERLINK \"https://play.google.com/store/apps/details?id=com.shs.mts\" https://play.google.com/store/apps/ details?id=com.shs.mts Hoa Binh Securities Joint Stock Company HYPERLINK \"https://play.google.com/store/apps/details?id=com.hbs.mts\" https://play.google.com /store/apps/details?id=com.hbs.mts IB SECURITIES JOINT STOCK COMPANY https://play.google.com/store/apps/details?id=com.ibs.mts Vietnam Investment Securities Company HYPERLINK \"https: //play.google.com/store/apps/details?id=com.ivs.mts\" https://play.google.com/store/apps/details?id=com.ivs.mts HYPERLINK \"http:/ /shinhansec.com.vn/index.html\" SHINHAN SECURITIES VIETNAM HYPERLINK \"https://play.google.com/store/apps/details?id=com.shinhan.mts\" https://play.google.com/ store/apps/details?id=com.shinhan.mts Ship4Me (Used Webservice): HYPERLINK \"https://play.google.com/store/apps/details?id=vn.ship4meapp\" https://play.google .com/store/apps/details?id=vn.ship4meapp MoMo (Used Webservice): https://play.google.com/store/apps/details?id=com.mservice.momotransfer SKILLS Mobile: Android : 3 years experience. Tool: Eclipse Language: Java React Native: Tool: IntelliJ IDEA Language: JavaScript Foreign language: English: Reading comprehension. Teamwork. Time Arrangement. Soft skills. Communication skills. Organizing skills. Being able to work in stressful environment. Interests Reading Information Technology, Scientific books, Reading the newspaper. Social activities, group activities. Listening to music, playing foolball, playing games. Powered by TCPDF (www.tcpdf.org)",
  "educations": [
    {
      "id": 4549,
      "gpa": null,
      "major": "Information technology",
      "school": "Nguyen Hue",
      "diploma": "Other",
      "end_time": "2008-01-01T00:00:00Z",
      "conf_score": 0.7630396636158997,
      "start_time": "2005-01-01T00:00:00Z",
      "picklist_major": "IT - Hardware/Networking",
      "major categories": "Computer and information technology",
      "major_categories_detail": "Information technology"
    }
  ],
  "experiences": [
    {
      "id": 15165,
      "detail": "",
      "company": "MService",
      "end_time": "2023-04-13T00:00:00Z",
      "industry": "Other",
      "position": "Mobile Developer",
      "conf_score": 0.8722560153087423,
      "start_time": "2016-04-01T00:00:00Z"
    },
    {
      "id": 15167,
      "detail": "",
      "company": "Lotte - HPT",
      "end_time": "2016-03-31T00:00:00Z",
      "industry": "Other",
      "position": "Android Developer",
      "conf_score": 0.8722560153087423,
      "start_time": "2013-06-01T00:00:00Z"
    },
    {
      "id": 15169,
      "detail": "LiveClub with over 100 members",
      "company": "Universities IN CLUB - OU",
      "end_time": "2013-01-31T00:00:00Z",
      "industry": "Education",
      "position": "Member",
      "conf_score": 0.8044329014146352,
      "start_time": "2009-01-01T00:00:00Z"
    },
    {
      "id": 15171,
      "detail": "e Xanh 2010 2009,2010 Took part in team activities we",
      "company": "Buy Green He",
      "end_time": "2010-01-31T00:00:00Z",
      "industry": "Other",
      "position": "Volunteer",
      "conf_score": 0.8034905120614879,
      "start_time": "2009-01-01T00:00:00Z"
    }
  ],
  "address": "131/6c To Hien Thanh, Ward 13, District 10"
}