{
  "skills": [
    "stack",
    "tdd",
    "workflow",
    "angular",
    "docker",
    "css3",
    "java",
    "responsive",
    "javascript",
    "wireframes",
    "mongodb",
    "management",
    "redux",
    "postgresql",
    "face recognition",
    "html5",
    "firebase",
    "project management",
    "spring",
    "image optimization",
    "medium",
    "mean stack",
    "website development",
    "network management",
    "design patterns",
    "css",
    "grunt",
    "le",
    "making decision",
    "jenkins",
    "problem solving",
    "full stack development",
    "agile",
    "mysql",
    "html"
  ],
  "fulltext": "itsmetambui@gmail.com Bui Le Vu Tam +84 909 347694 Full-stack Web Developer tam-bui-a52112174 itsmetambui itsmetambui.herokuapp.com A versatile and passionate developer with three years of hands-on experience in web development and building single page applications . Obsessed with writing clean and reusable code through the application of TDD and design pattern. Looking for growth opportunities from a team-based atmosphere.WORK EXPERIENCE Full Stack Developer Axon Active Vietnam 08.2018 Can Tho Worked as a multi-national team, applied Agile development through Scrum framework. Translated UI wireframes and mockups to responsive visual elements. Refactored code to improve responsiveness by applying CSS grid and media queries. Improved code coverage from 50% to 85%. Front End Engineer TMA Solutions 05/2016 Ho Chi Minh Collaborated with Nokias development team for a network management SPA. Automated workflow using Grunt to minified JS and CSS, applied image optimization which reduced page load by 20%. Created custom Angular components for an internal framework. Developed micro-services using Docker and CI/CD with Jenkins. TECHNICAL SKILLS Technologies HTML5 CSS3 Javascript JavaNode Docker JenkinsFramework/ Libraries React Angular Express SpringTechnologies MySQL MongoDB FirebaseSOFT SKILLS Ability To Work Under Pressure, Decision Making, Problem Solving, Leadership & Time Management. PROJECTS Slack Clone with React Built a messaging application to practice React and Redux. Developed the project using HTML, CSS, React and Firebase. SmartBrain Built an SPA for face recognition to practice React and Node. Developed the project using HTML, CSS, React, Node and PostgreSQL. Dandelion Built a custom clothing store for graduation thesis. Developed this project using MEAN stack. EDUCATION Bachelor degree in Software Engineering University of Can Tho 2016 GPA 3.2/4.0 TOEIC certificate of achievement 2015 Score 945 DELF A2 certificate 2014 Score 73.5/100 COURSES AND CERTIFICATES The Complete Javascript Course Udemy React 16 - The Complete Guide and Redux Udemy The Angular Course CodeschoolHONOR AWARDS Semester Sponsorship University of Can Tho Quarterly Performer TMA Solutions Powered by TCPDF (www.tcpdf.org)",
  "educations": [
    {
      "id": 4558,
      "gpa": "3.2",
      "major": "Software technology",
      "school": "University of Can Tho",
      "diploma": "Bachelors",
      "end_time": "2016-01-01T00:00:00Z",
      "conf_score": 0.7740820684248625,
      "start_time": "2015-01-01T00:00:00Z",
      "picklist_major": "IT - Hardware/Networking",
      "major categories": "Computer and information technology",
      "major_categories_detail": "Computer"
    }
  ],
  "experiences": [
    {
      "id": 15188,
      "detail": "Can Tho Worked as a multi-national team, applied Agile development through Scrum framework.Translated UI wireframes and mockups to responsive visual elements.Refactored code to improve responsiveness by applying CSS grid and media queries.Improved code coverage from 50% to 85%.",
      "company": "Axon Active Vietnam",
      "end_time": "2018-12-31T00:00:00Z",
      "industry": "Other",
      "position": "Full Stack Developer",
      "conf_score": 0.838014190950693,
      "start_time": "2018-08-01T00:00:00Z"
    },
    {
      "id": 15189,
      "detail": "Ho Chi Minh Collaborated with Nokias development team for a network management SPA. Automated workflow using Grunt to minified JS and CSS, applied image optimization which reduced page load by 20%. Created custom Angular components for an internal framework.Developed micro-services using Docker and CI/ CD with Jenkins.",
      "company": "TMA Solutions",
      "end_time": "2016-12-31T00:00:00Z",
      "industry": "High Technology",
      "position": "Front End Engineer",
      "conf_score": 0.8549704852459346,
      "start_time": "2016-05-01T00:00:00Z"
    }
  ],
  "address": null
}