{
  "skills": [
    "linux",
    "stack",
    "sc",
    "angular",
    "css3",
    "san",
    "payment",
    "java",
    "automation",
    "responsive",
    "javascript",
    "cloud",
    "c#",
    "mongodb",
    "risks",
    "management",
    "studio",
    "gitlab",
    "postgresql",
    "security",
    "frontend development",
    "sql database",
    "automation testing",
    "git",
    "html5",
    "rail",
    "html",
    "ruby",
    "spring",
    "cyber security",
    "asp",
    "voip",
    "sql",
    "css",
    "visual studio",
    "cypress",
    "reactjs",
    "security solution",
    "cloud security",
    "system design",
    "backend development",
    "database",
    "database design",
    "windows server",
    "angularjs",
    "bootstrap",
    "cisco",
    "jquery"
  ],
  "fulltext": "NGUYEN MINH KHHOI SENIOR FRONT-END DEVELOPER DATE OF BIRTH: MAY 15, 1984 EMAIL: minhkhoi2020@gmail.com PHONE: 0982709515 ADDRESS: Hoc Mon District, Ho Chi Minh City, Vietnam INTRODUCTION Im a front-end developer with 10 years of experience . I have strong experience in AngularJS, JavaScript, HTML5, SCSS, CSS, Web Responsive. I also have many years working as full stack and back-end developer with .NET technology, ASP.NET, C#, Windows form applications, SQL Server, Windows Server, database design and system design. WORKING EXPERIENCE Restaff - House Of Norway Antenor OTG Norway Dec 2018 - Now Position: Senior Front-End Developer Description: I work for Antenor OTG company which is located in Norway, joining in project named \"Antenor Business Management System (ABMS)\". ABMS is the complete cloud-based system for quality, risk and business management. With this you can replace a myriad of manual solutions, one solution for everything. Thus, you have immediately saved costs in relation to license costs and internal administrative time. Please go to company website at http://antenor.no for more information about company and ABMS. Technologies used in project: Ruby on Rails, PostgreSQL, AngularJS, coffee script, SCSS, CSS, HTML, Cypress for client automation test. My Responsibilities: Join weekly meeting with manager and technical leader from Norway and Romania to discuss requirements, sprint planning, and sprint review. Get requirements of client, break tasks and create neccessary tickets on gitlab.com then implement them one by one. Propose my idea about new features or things need to be improved Design UI/UX for the new requirements/features Coding all features of front end side. Find and fix bugs on the project My Skills used: AngularJS, Angular UI bootstrap, bootstrap, SCSS, D3js, responsive web design, Adobe XD Adobe Photoshop for UI/UX design. Position: Senior Front-End Developer Description: OPSWAT is a cyber-security software company, headquartered in San Francisco, US. Joining in OPSWAT, I undertake front-end development in one of the most important project of Opswat named MetaAccess, this is a security cloud based solution. MetaAccess is a security solution for your local network, it prevents risky devices from accessing your local network. Refer https://www.opswat.com/products/metaaccess for more details. Technologies used in project: Java, MongoDB, NodeJS, Linux server, IDE for coding is Spring Tool Suite. My Responsibilities: Build MetaAccess project from the beginning. Im responsible for all tasks about front end. Get mockup file from designer, slice to HTML. Write all client scripts, to handle user interaction with server. Design UI/UX in some situations. My Skills used: AngularJS, NodeJS, Javascript, jQuery, HTML5, SCSS, CSS3, D3JS for drawing charts, Adobe XD for UI/UX design, Adobe Photoshop for images processing and another relevant tasks to UI. Position: Full stack .NET Developer Description: South Telecom is a company providing telecommunication software and services. Joining South Telecom I undertake database design, developing main web portal of company, many internal websites for managing customers, services, managing calling logs of VoIP Services. My Responsibilities: Develop all web applications of company: main website, web application for managing agency, web application for customer support, web application for selling international phone card. Get mockup from UI designer, slice to HTML, implement JavaScript to process users actions. Design system and database with SQL server, programming store procedures, functions. Implement web services to connect with partner, connecting with payment gate. Design UI in some situations. Manage and monitor servers OPSWAT Software Dec 2012 Nov 2018 South Telecom Jun 2009 Dec 2012 EDUCATION Mekong Delta Aptech Can Tho City From 2006 2009 High Diploma In Software Engineering OVERALL SKILLS 70%78%50%85%80%70%50%60%40 %85%90%85%90%GITSQL ServerJavaWindows FormsASP.NETC#PhotoshopAdobe XDUI/UXReactJSNodeJSHTMLSCSS, CSS3JavascriptAngularTechnologies used: ASP.NET, C#, SQL Server, Windows server, IIS, Cisco, VoIP gateway, IDE Visual Studio. My skills used: C#, ASP.NET, SQL Programming, SQL Database Design, Javascript, jQuery, jQueryUI, HTML, CSS, Adobe Photoshop, management windows servers.",
  "educations": [
    {
      "id": 4559,
      "gpa": null,
      "major": "Software technology",
      "school": "Mekong Delta Aptech",
      "diploma": "Other",
      "end_time": "2009-01-01T00:00:00Z",
      "conf_score": 0.9257346457968602,
      "start_time": "2006-01-01T00:00:00Z",
      "picklist_major": "IT - Hardware/Networking",
      "major categories": "Computer and information technology",
      "major_categories_detail": "Computer"
    }
  ],
  "experiences": [
    {
      "id": 15190,
      "detail": "escription:I work for Antenor OTG company which is located in Norway, joining in project named \"Antenor Business Management System (ABMS)\". ABMS is the complete cloud-based system for quality, risk and business management. With this you can replace a myriad of manual solutions, one solution for everything. Thus, you have immediately saved costs in relation to license costs and internal administrative time.Please go to company website at http://antenor.no for more information about company and ABMS. Technologies used in project: Ruby on Rails, PostgreSQL, AngularJS, coffee script, SCSS, CSS, HTML, Cypress for client automation test.My Responsibilities: Join weekly meeting with manager and technical leader from Norway andRomania to discuss about requirements, sprint planning, and sprint review. Get requirements of client, break tasks and create neccessary tickets on gitlab.com then implement them one by one. Propose my idea about new features or things need to be improved Design UI/UX for the new requirements/features Coding all features of front end side. Find and fix bugs on the projectMy Skills used: AngularJS, Angular UI bootstrap, bootstrap, SCSS, D3js, responsive web design, Adobe XD Adobe Photoshop for UI/UX design.",
      "company": "Restaff - House Of Norway Antenor OTG Norway",
      "end_time": "2023-04-13T00:00:00Z",
      "industry": "Other",
      "position": "Senior Front - End Developer",
      "conf_score": 0.892025666952456,
      "start_time": "2018-12-01T00:00:00Z"
    },
    {
      "id": 15191,
      "detail": "s a cyber-security software company, headquartered in San Francisco, US. Joining in OPSWAT, I undertake front-end development in one of the most important project of Opswat named MetaAccess, this is a security cloud based solution. MetaAccess is a security solution for your local network, it prevents risky devices from accessing your local network. Refer https://www.opswat.com/products/metaaccess for more details.Technologies used in project: Java, MongoDB, NodeJS, Linux server, IDE for coding is Spring Tool Suite. My Responsibilities: Build MetaAccess project from the beginning. Im responsible for all tasks about front end. Get mockup file from designer, slice to HTML. Write all client scripts, to handle user interaction with server. Design UI/UX in some situations.My Skills used: AngularJS, NodeJS, Javascript, jQuery, HTML5, SCSS, CSS3, D3JS for drawing charts, Adobe XD for UI/UX design, Adobe Photoshop for images processing and another relevant tasks to UI . OPSWAT",
      "company": "OPSWAT",
      "end_time": "2018-11-30T00:00:00Z",
      "industry": "High Technology",
      "position": "Senior Front - End Developer",
      "conf_score": 0.8276224652027222,
      "start_time": "2012-12-01T00:00:00Z"
    },
    {
      "id": 15192,
      "detail": "is a company providing telecommunication software and services.Joining South Telecom I undertake database design, developing main web portal of company, many internal websites for managing customers, services, managing calling logs of VoIP Services. My Responsibilities: Develop all web applications of company: main website, web application for managing agency, web application for customer support, web application for selling international phone card. Get mockup from UI designer, slice to HTML, implement JavaScript to process users actions. Design system and database with SQL server, programming store procedures, functions. Implement web services to connect with partner, connecting with payment gate. Design UI in some situations. Manage and monitor serversTechnologies used: ASP.NET, C#, SQL Server, Windows server, IIS, Cisco, VoIP gateway, IDE Visual Studio. My skills used: C#, ASP.NET, SQL Programming, SQL Database Design, Javascript, jQuery, jQueryUI, HTML, CSS, Adobe Photoshop, management windows servers.",
      "company": "South Telecom",
      "end_time": "2012-12-31T00:00:00Z",
      "industry": "Other",
      "position": "Full stack .NET Developer",
      "conf_score": 0.8276224652027222,
      "start_time": "2009-06-01T00:00:00Z"
    }
  ],
  "address": "Hoc Mon District, Ho Chi Minh City, Vietnam"
}