{
  "skills": [
    "linux",
    "unix",
    "angular",
    "css3",
    "voip system",
    "malware",
    "responsive",
    "javascript",
    "virtual keyboard",
    "implementation",
    "management",
    "banking",
    "unit test",
    "jquery",
    "git",
    "finance",
    "svn",
    "html5",
    "typescript",
    "ruby",
    "wealth management",
    "insurance",
    "kendo ui",
    "voip",
    "css",
    "oop",
    "le",
    "testing",
    "mvc",
    "database",
    "database design",
    "angularjs",
    "php",
    "mysql",
    "extjs",
    "html"
  ],
  "fulltext": "LE VIET HOAN Address: Thu Duc house, Phuoc Binh, District 9, Ho Chi Minh city Phone: 0973 49 43 40 Skype: Hoan.le90 Email: viet_hoan_as@yahoo.com Date of birth: April 04,1990 Profile Senior Frontend with + 6years experience and +2years fullstack developer. Love to work with cutting edge technology such as Angular 2+, typescript in English environment where members communicate in English. Experience Senior Frontend, NashTech 2/2016Present - Join in all required phases from plaining, estimation, developing the implementation, testing for web and App in banking, finance, wealth management, insurance fields - Write reusable and testable code in AngularJs and Angular 2+ - Lead a small team of 3 members - Communicated directly with clients to determine web site content - Technologies: AngularJs, Angular 2+, Jquery, Html, Css, Unit test, highchart Junior/Senior Frontend, OPSWAT-USS; September 20141/2016 - Developing responsive website which allows user can upload files and scan to prevent any malware - Customize highchart and build charts with Morrisjs - Write Japanese and Korean virtual keyboard by Extjs - Technologies: Html, JavaScript, Jquery, AngluarJs, Extjs . Junior Fullstack, Vidaltek;October 2013 8/2014 - Developing website where customers can control and manage their items, pallets, shipments - Design database, query profiling and optimization - Build layout form psd file, implement functions - Technologies: PHP OOP MVC, MySql, Html, Css, Jquery, JavaScript, boostrap, Kendo UI, SVN Fresher/Junior, TMA solution; 3/2012 10/2013 - Convert psd to html - Deploy VOIP system, network and modify database - Writing script for automate testing - Technologies: HTML, JavaScript, cucumber, ruby, SVN, Linux, Vxwork Education 2008 2011: Student at University of Science Ho Chi Minh City 2017: TOEIC 900. 2018: IELTS 6.5 Skills AngularJS Angular 2+ Jquery HTML5, CSS3 HTML, CSS/SASS Boostrap Unit test Git NodeJs MySql PHP Regex, lodash Unix/ Linux - Have a high sense of responsibility - Be willing to work overtime due to urgent tasks Powered by TCPDF (www.tcpdf.org)",
  "educations": [
    {
      "id": 4576,
      "gpa": null,
      "major": null,
      "school": "University of Science Ho Chi Minh City",
      "diploma": "Bachelors",
      "end_time": "2017-01-01T00:00:00Z",
      "conf_score": 0.7517466292705735,
      "start_time": "2011-01-01T00:00:00Z",
      "picklist_major": "Other",
      "major categories": "",
      "major_categories_detail": ""
    }
  ],
  "experiences": [
    {
      "id": 15252,
      "detail": "Join in all required phases from plaining, estimation, developing the implementation, testing for web and App in banking, finance, wealth management, insurance fields- Write reusable and testable code in AngularJs and Angular 2+ - Lead a small team of 3 members- Communicate directly with clients to determine web site content- Technologies: AngularJs, Angular 2+, Jquery, Html, Css, Unit test, highchart",
      "company": "NashTech",
      "end_time": "2023-04-13T00:00:00Z",
      "industry": "High Technology",
      "position": "Senior Frontend",
      "conf_score": 0.9171087048027518,
      "start_time": "2016-02-01T00:00:00Z"
    },
    {
      "id": 15254,
      "detail": "eveloping responsive website which allows user can upload files and scan to prevent any malware- Customize highchart and build charts with Morrisjs - Write Japanese and Korean virtual keyboard by Extjs - Technologies: Html, JavaScript, Jquery, AngluarJs, Extjs.",
      "company": "OPSWAT - USS",
      "end_time": "2016-01-31T00:00:00Z",
      "industry": "Other",
      "position": "Junior/Senior Frontend",
      "conf_score": 0.9171087048027518,
      "start_time": "2014-09-01T00:00:00Z"
    },
    {
      "id": 15256,
      "detail": "- Developing website where customers can control and manage their items, pallets, shipments- Design database, query profiling and optimization- Build layout form psd file, implement functions- Technologies: PHP - OOP - MVC, MySql, Html, Css, Jquery, JavaScript , boostrap, Kendo UI, SVN",
      "company": "Vidaltek",
      "end_time": "2014-08-31T00:00:00Z",
      "industry": "Other",
      "position": "Junior Fullstack",
      "conf_score": 0.9007656797693221,
      "start_time": "2013-10-01T00:00:00Z"
    },
    {
      "id": 15257,
      "detail": "- Convert psd to html- Deploy VOIP system, network and modify database- Writing script for automate testing- Technologies: HTML, JavaScript, cucumber, ruby, SVN, Linux, Vxwork",
      "company": "TMA solution",
      "end_time": "2013-10-31T00:00:00Z",
      "industry": "High Technology",
      "position": "Fresher/Junior",
      "conf_score": 0.9377739652680532,
      "start_time": "2012-03-01T00:00:00Z"
    }
  ],
  "address": "Thu Duc house, Phuoc Binh, District 9, Ho Chi Minh city"
}