{
  "skills": [
    "stack",
    "workflow",
    "css3",
    "Internet",
    "payment",
    "database schema",
    "analytics",
    "babe",
    "javascript",
    "ams",
    "cloud",
    "es6",
    "c#",
    "database management",
    "management",
    "blockchain",
    "security",
    "salesforce",
    "business communication",
    "object oriented",
    "vuejs",
    "entity framework",
    "git",
    "finance",
    "svn",
    "html5",
    "analysis",
    "project management",
    "database management system",
    "asp",
    "supply chain management",
    "website development",
    "design patterns",
    "sql",
    "accounting",
    "supply chain",
    "oop",
    "mvc",
    "reactjs",
    "backend development",
    "twitter",
    "database",
    "clarify",
    "database design",
    "teamwork",
    "erp system",
    "full stack development",
    "bootstrap",
    "mysql",
    "project accounting",
    "jquery"
  ],
  "fulltext": "I'm a full stack developer with 5+ years of experience in web development (which includes 2years of experience in Front-End Web Development), with good knowledge of Object-OrientedAnalysis and Design, Database Design. Learning new languages ​​and technologies is what I am passionate about. I am considered ateam-player because I like to help other and tend to work well within the group. I can also do somementoring tasks and do code reviews for other team members. SKILLS Backend : Version Control: - C#.NET, NodeJS - Git, SVN - ASP.NET MVC, Web API Foreign Languages: - Entity Framework Frontend: - English: Intermediate - Javascript, ReactJS, NodeJS - Webpack, Babel, ES6 - HTML5 , CSS3 Soft Skills: - jQuery, Twitter Bootstrap - Business communication Database Management Systems: - Teamwork - MySQL - Time management -MS Server Others: -Good understanding of OOP, methodologies design patterns -VueJS (Basic level, keep inquire SQL... .) EDUCATION Post and Telecommumnication Institute of Technology HCMFrom 09/2008 to 12/2012 Studying Software Engineering PROFESSIONAL EXPERIENCE Bitmoon Co.ltd (Part-time)10/2017 - Now Position: Fullstack Developer Project: Bitmoon ( https://bitmoon. net/ ) Project Description: Bitmoon is a global leader in the blockchain revolution. We operate the premier U.S.-basedblockchain trading platform, which is designed for customers who demand lightning-fast tradeexecution, dependable digital wallets, and industry-leading security practices. Team Size: 6 Responsibilities: Design UX/UI and implement the solution (both back-end and front-end) based on the requirements from stakeholders Review code of team member Bluecom Solutions Limited9/2016 - Now Position: Backend Developer Project: E- Commerce Projects (Loreal / UnderAmour) Project Description: Theyre E-Commerces application which be implemented on the Salesforce Commerce Cloud (SFCC) platform. Team Size: 6-8 Responsibilities: Implement the backend solution base on requirement from client Integrate existing system with 3rd party (OMS , payment gateway,...) Mentor new commer Hitachi Consulting 6/2014- 5/2016 Position: Software Engineer Project : Equios Online Project Description: EQUIOS Online is an Internet-based communication tool that seamlessly connects the customer, designer (DTP operator) and prepress processes. Revision instructions and progress updates can be shared online by all parties, allowing the creation of a highly efficient, error- and loss-free workflow. Linking with EQUIOS as its front-end software, EQUIOS Online helps to optimize the entire production process. It also supports the provision of new value added services for discerning clients. Team Size: 10 Responsibilities: Communicate with customers and teammates to clarify requirement Design database schema and implement back-end services for the EQUIOS app Implement additional functions for the EQUIOS app FPT Software 6/2013- 6/2014 Position: Junior Software Engineer Project: DMS Project Description: DMS is an ERP system. This business management system provides project-, service-, and distribution-driven businesses with project management and project accounting functionality to help organizations manage projects. The functionality includes finance, project accounting, manufacturing, field services, supply chain management, analytics, and electronic commerce. Team Size: 12 Responsibilities: Develop and fix the applications defect base on requirements Develop small modules of the system Prepare documents and technical guide for developers joining in the middle of the project HOBBIES Reading book Listening to music Traveling Swimming Playing DOTA 2 game",
  "educations": [
    {
      "id": 4591,
      "gpa": null,
      "major": "Software technology",
      "school": "Post and Telecommumnication Institute of Technology HCM",
      "diploma": "Other",
      "end_time": "2012-12-01T00:00:00Z",
      "conf_score": 0.9528392091007936,
      "start_time": "2008-09-01T00:00:00Z",
      "picklist_major": "IT - Hardware/Networking",
      "major categories": "Computer and information technology",
      "major_categories_detail": "Computer"
    }
  ],
  "experiences": [
    {
      "id": 15323,
      "detail": "project: Bitmoon ( https://bitmoon.net/ ) Project Description: Bitmoon is a global leader in the blockchain revolution. We operate the premier U.S.-basedblockchain trading platform, which is designed for customers who demand lightning-fast tradeexecution, dependable digital wallets, and industry-leading security practices. Team Size: 6 Responsibilities: Design UX/UI and implement the solution (both back-end and front-end) based on the requirements from stakeholders",
      "company": "Bitmoon Co.ltd",
      "end_time": "2023-04-13T00:00:00Z",
      "industry": "Other",
      "position": "Fullstack Developer",
      "conf_score": 0.9167205923617493,
      "start_time": "2017-10-01T00:00:00Z"
    },
    {
      "id": 15325,
      "detail": "Project: E-Commerce Projects (Loreal / UnderAmour) Project Description: Theyre E-Commerces application which be implemented on theSalesforce Commerce Cloud (SFCC) platform. Team Size: 6-8 Responsibilities: Implement the backend solution base on requirement from clientIntegrate existing system with 3rd party (OMS , payment gateway,...) Mentor newcomer",
      "company": "Bluecom Solutions Limited",
      "end_time": "2023-04-13T00:00:00Z",
      "industry": "High Technology",
      "position": "Backend Developer",
      "conf_score": 0.9575520321939274,
      "start_time": "2016-09-01T00:00:00Z"
    },
    {
      "id": 15327,
      "detail": "Project: Equios Online Project Description: EQUIOS Online is an Internet-based communication tool that seamlessly connects the customer, designer (DTP operator) and prepress processes. Revision instructions and progress updates can be shared online by all parties, allowing the creation of a highly efficient, error- and loss-free workflow.Linking with EQUIOS as its front-end software, EQUIOS Online helps to optimize the entire production process. It also supports the provision of new value added services for discerning clients. Team Size: 10 Responsibilities: Communicate with customers and teammates to clarify requirementDesign database schema and implement back-end services for the EQUIOS appImplement additional functionalities for the EQUIOS app",
      "company": "Hitachi Consulting",
      "end_time": "2016-05-31T00:00:00Z",
      "industry": "Other",
      "position": "Software Engineer",
      "conf_score": 0.9259954866469627,
      "start_time": "2014-06-01T00:00:00Z"
    },
    {
      "id": 15329,
      "detail": "Project: DMS Project Description: DMS is an ERP system. This business management system provides project-, service-, and distribution-driven businesses with project management and project accounting functionality to help organizations manage projects. The functionality includes finance, project accounting, manufacturing, field services, supply chain management, analytics, and electronic commerce. Team Size: 12 Responsibilities: Develop and fix the applications defect base on requirementsDevelop small modules of the systemPrepare documents and technical guide for developers joining in the middle of the project",
      "company": "FPT Software",
      "end_time": "2014-06-30T00:00:00Z",
      "industry": "High Technology",
      "position": "Junior Software Engineer",
      "conf_score": 0.9244241426940975,
      "start_time": "2013-06-01T00:00:00Z"
    }
  ],
  "address": null
}