{
  "skills": [
    "linux",
    "css3",
    "docker",
    "symfony",
    "automation",
    "automation testing",
    "javascript",
    "phpstorm",
    "apache",
    "selenium",
    "unit test",
    "git",
    "plesk",
    "html",
    "codeigniter",
    "recruitment",
    "nginx",
    "php",
    "css",
    "jira",
    "codeception",
    "testing",
    "reactjs",
    "laravel",
    "database",
    "behat",
    "redmine",
    "angularjs",
    "bootstrap",
    "mysql",
    "jquery"
  ],
  "fulltext": "02/01/1983 MaleTran Minh QuanSenior PHP Developer//OBJECTIVECreate excellent product for the client//WORK EXPERIENCEEkino Viet NamMarch 2015 - PresentSenior PHP DeveloperResponsibility : Build website for French marketScubismJan 2011 - Dec 2014PHP DeveloperResponsibility : Build website for Japanese marketWebisJuly 2010 - Dec 2010PHP DeveloperResponsibility : Build website for Korean Client//PROJECTSChannel (2017 - 2018)CustomerFrench companyDescription https://www.chanel.comTeam size2My positionSenior PHP DeveloperMy responsibilitiesDo project task from client (using jira)Technologies used- Framework : Oro Ecommerce (based on Symfony )- Development Environment: Docker- Testing : selenium automation testing, behat test- Version Control : gitSalam (2017 - 2018)CustomerFrench customerDescription https://salamadvisor.comTeam size1My positionSenior PHP DeveloperMy responsibilitiesDo project task from client (using jira)Technologies used- Framework : Laravel- Development Environment: LAMP, Docker- Version Control : gitCarmignac (2016 - 2017)CustomerFrench companyDescription https://www.carmignac.com/en_USTeam size7My positionSenior PHP DeveloperMy responsibilitiesDo project task from client (using jira)Technologies used- Framework : Symfony, Drupal, ReactJS- Development Environment: LAMP, Docker, Vagrant, Nginx- Testing : automation testing, behat test, unit test- Version Control : gitAutomation testing (2013 - 2014)CustomerCompany own projectDescriptionBuild automation testing for all web projectTeam size4My positionPHP DeveloperMy responsibilitiesDo project task (using redmine)Technologies used- Codeception : http://codeception.com/- Selenium Automation testing : http://www.seleniumhq.org/- Local development: Vagrant- Version Control : gitSide Project (2017 - 2017)CustomerNo customerDescriptionSide project :- https://mytutorials.xyz/ (for writting blog/tutorials)- https://myworkpro.net/ (for writting CV and recruitment)Team size1My positionSenior PHP DeveloperMy responsibilitiesDo own projectTechnologies used- Webserver : plesk- Backend framework : Laravel, Codeigniter- Frontend : AngularJS//SKILLSFontEnd: HTML, CSS, CSS3, Javascript, Jquery,Bootstrap, ReactJS, AngularJSBackend Framework: Laravel, Symfony,CodeigniterDevelopment Environment: Linux, Apache, Nginx, Vagrant, DockerDatabase: mySQL, PosgreSQL, Eloquent,DoctrineOther: git, composer, testing, vim, phpstorm//EDUCATIONFeb 2005 - Nov 2008Aptech Da NangDiploma: Higher Diploma in SoftwareEngineeringJan 2010 - Dec 2014Ho Chi Minh University of Science //INTERESTS- Football- Badminton- Writing tutorials /blog",
  "educations": [
    {
      "id": 4590,
      "gpa": null,
      "major": "Software technology",
      "school": "Aptech Da Nang",
      "diploma": "Other",
      "end_time": "2008-11-01T00:00:00Z",
      "conf_score": 0.9054589156856725,
      "start_time": "2005-02-01T00:00:00Z",
      "picklist_major": "IT - Hardware/Networking",
      "major categories": "Computer and information technology",
      "major_categories_detail": "Computer"
    },
    {
      "id": 4592,
      "gpa": null,
      "major": null,
      "school": "Ho Chi Minh University of Science",
      "diploma": "Bachelors",
      "end_time": "2014-12-01T00:00:00Z",
      "conf_score": 0.7411424838253973,
      "start_time": "2010-01-01T00:00:00Z",
      "picklist_major": "Other",
      "major categories": "",
      "major_categories_detail": ""
    }
  ],
  "experiences": [
    {
      "id": 15324,
      "detail": "Responsibility : Build website for French market",
      "company": "Ekino Vietnam",
      "end_time": "2023-04-13T00:00:00Z",
      "industry": "Other",
      "position": "Senior PHP Developer",
      "conf_score": 0.7897513794629749,
      "start_time": "2015-03-01T00:00:00Z"
    },
    {
      "id": 15326,
      "detail": "Responsibility : Build website for Japanese market",
      "company": "Scubism",
      "end_time": "2014-12-31T00:00:00Z",
      "industry": "Other",
      "position": "PHP Developer",
      "conf_score": 0.8691690065894404,
      "start_time": "2011-01-01T00:00:00Z"
    },
    {
      "id": 15328,
      "detail": "Responsibility : Build website for Korean Client",
      "company": "Webis",
      "end_time": "2010-12-31T00:00:00Z",
      "industry": "Other",
      "position": "PHP Developer",
      "conf_score": 0.7897513794629749,
      "start_time": "2010-07-01T00:00:00Z"
    }
  ],
  "address": null
}