{
  "skills": [
    "io",
    "frontend development",
    "digital marketing",
    "navigation",
    "css",
    "user activity",
    "marketing",
    "digital entertainment",
    "reds",
    "github",
    "javascript",
    "wireframes",
    "medium",
    "html"
  ],
  "fulltext": "AEAQuang Dang(RED)UX/UI & Graphic DesignerAddress: Ho Chi Minh, VietnamUser Research, Visual Design, Interaction Design,Phone, Viber:Front-End DeveloperEmail:Website: reddang.github.ioEmploymentSYNOVA SOLUTIONS (Soffware & IT Outsourcing Company)06 /2018 - presentuX/ uI Designer is responsible for concepting and designing innovative, usable,technically feasible designs for our mobile, website and application projects.Work across a range of design needs including: Mobile App, Website, Branding,POPS wORLDWIDE (Digital Entertainment) Company)07/2016 - 02/2018uX/ uI Designer is responsible for developing and driving a design solutions01 year 06 months(process fows, sketches, scenarios, wireframes, navigation models, visualdesign) for applications and other forms of interfaces.Also be responsible for conducting user activities including user interviews,ideation sessions, usability studies and other user research techniques to informa human-centered design for the project.UREKA MEDIA CO.LTD (Digital Marketing Agency)10/2015 - 06/2016Digital Designer will be responsible for conceptualise, develop and execute08 monthsdesigns for collaterals in websites, print, digital etc, and interact with the Media,Content & other teams to bring ideas to media, marketing projects.GIA HOANG PRODUCTION (Production House)10/2014 - 09/2015Graphic Designer develop designs & details for Events, PR, Social Media.01 yearEducationKent International College08/2016 - 02/2017Certificate of Interior Design06 monthsInternational Profolio Design Training/ DPI04/2013 - 10/2014Certificate of Graphic Design1.5 yearsProfessional SkillsUX DesignUX ToolsVisual DesignFont-End DevResearchPaper & Pen (literally)PhotoshopHTMLInformation ArchitectureDraw.ioIllustratorCSSWireframingFigmaIndesignJavascriptPrototypeSketchDreamweaverZeplinPremiere ProMarvelLightroomInteraction Design3ds MaxAfter Effect",
  "educations": [
    {
      "id": 4597,
      "gpa": null,
      "major": null,
      "school": "Kent International College",
      "diploma": "Colleges",
      "end_time": "2017-02-01T00:00:00Z",
      "conf_score": 0.7588694396088908,
      "start_time": "2016-08-01T00:00:00Z",
      "picklist_major": "Other",
      "major categories": "",
      "major_categories_detail": ""
    }
  ],
  "experiences": [
    {
      "id": 15343,
      "detail": "is responsible for concepting and designing innovative, usable, technically feasible designs for our mobile, website and application projects.Work across a range of design needs including: Mobile App, Website, Branding,",
      "company": "SYNOVA SOLUTIONS (Soffware & IT Outsourcing Company)",
      "end_time": "2023-04-13T00:00:00Z",
      "industry": "High Technology",
      "position": "uX/ uI Designer",
      "conf_score": 0.8988768760276961,
      "start_time": "2018-06-01T00:00:00Z"
    },
    {
      "id": 15344,
      "detail": "is responsible for developing and driving a design solutions01 year 06 months (process fows, sketches, scenarios, wireframes, navigation models, visual design) for applications and other forms of interfaces.Also be responsible for conducting user activities including user interviews, ideation sessions, usability studies and other user research techniques to inform a human-centered design for the project.",
      "company": "POPS wORLDWIDE (Digital Entertainment Company)",
      "end_time": "2018-02-28T00:00:00Z",
      "industry": "High Technology",
      "position": "uX/ uI Designer",
      "conf_score": 0.9125776658202421,
      "start_time": "2016-07-01T00:00:00Z"
    },
    {
      "id": 15345,
      "detail": "will be responsible for conceptualise, develop and execute08 months designs for collaterals in websites, print, digital etc, and interact with the Media, Content & other teams to bringing ideas to media, marketing projects.",
      "company": "UREKA MEDIA CO.LTD (Digital Marketing Agency)",
      "end_time": "2016-06-30T00:00:00Z",
      "industry": "High Technology",
      "position": "Digital Designer",
      "conf_score": 0.9257062876052345,
      "start_time": "2015-10-01T00:00:00Z"
    },
    {
      "id": 15346,
      "detail": "develop designs & details for Events, PR, Social Media. 01 year",
      "company": "GIA HOANG PRODUCTION (Production House)",
      "end_time": "2015-09-30T00:00:00Z",
      "industry": "Other",
      "position": "Graphic Designer",
      "conf_score": 0.9125776658202421,
      "start_time": "2014-10-01T00:00:00Z"
    }
  ],
  "address": "Ho Chi Minh City, Vietnam"
}