{
  "skills": [
    "git",
    "c++",
    "svn",
    "objective c",
    "linux",
    "design patterns",
    "ubuntu",
    "mysql",
    "io",
    "sqlite",
    "le",
    "swift",
    "database",
    "ams",
    "php",
    "mongodb",
    "postgresql"
  ],
  "fulltext": "Vinh NguyenLast Updated on 20th November 2018Summary| am very active person, my main passion is computing, music in term of playing guitar, photo-tography. I am very interesting in life, listening, learning and observing. I consider myself veryenthusiastic, always seeking perfect things in my projects and taking care of little detail. I al-ways do my works with my passion and high responsibility. I truly believe in team work, respectto others and transformational leadership, consider them my foundations and values. Mygoal is to turn my passion for computer and life style by working as Mobile software Engineer,Team Manager and Consultant. I have experienced as iOS Developer from 2011 working formany projects in companies, I have worked with many friendly colleagues with much moreexperiences come from many countries. From the start-ups to international organizations,from ad-hoc web-based solutions to the latest development in mobile. As part of my life |keep training, keep my skills up-to-date and with an eye in what's next to come.Personal InformationFull name: Nguyen Huu VinhBirth: 1989Sex: MaleMarital status: SingleExperiences2018Muzecloud.comiOS Designer and Developer2018PangaraThanh Thai St, HCM citySenior at iOS DeveloperWorking as Freelancer2015-2017Techbase VietnamDong Khoi St, HCM citySenior at iOS DeveloperWorking on Japanese Projects:-Yahoo Shopping-Yahoo Fortune-Yahoo Matching2014-2015Evolable AsiaDinh Tien Hoang St, District 1, HCM citySenior at iOS DeveloperWorking in Yahoo labProject to take part in Yahoo Shopping2013-2014NhommuaPhu Nhuan District, HCM, VNSenior at iOS DeveloperDeveloping the app for selling the productsResponsible for deploying to App StoreMaintain CungMua , HatDe app.2011-2013Vietnam Smart ApplicationBinh Thanh District, HCM, VNJunior at iOS DeveloperMobile programmer as iOS developer Technical lead for iOS Developing iOsapps-Tappxi apps: Tapxi's serivces .-Embajadas de Espana: Spanish travel service-Enfoccate: Groupon-like app for the Spanish market.-Conic: iPad app for the company specialized in lightning Blue Planet.-CMV: private app supports solutions for architecture.ContactSkype ID:498 Le Van Sy St, Ward 14District 3, HCM city, VietnamLanguagesVietnamese (mother tongue),English (istening, speaking,reading, writing)ProgramminglanguagesSwift, Objective-C, PHP,Node.js, C/C++InterestsDesign Patterns, loT,OpenSource,Ubuntu/Backtrack in Linux,SVN/GIT Source VersionControl, MySQL/PostgreSQL/SQLite/MongoDB DataBases,Latex, Artificial intelligence,BigDataEducation2007-2011Ho Chi Minh City University of PedagogyTake part in Mathematic and INFORMATIONHOPPYPassionate about traveling, working in multiple culturesFootball, swimming, music",
  "educations": [
    {
      "id": 4617,
      "gpa": null,
      "major": "Informatics Pedagogy",
      "school": "Ho Chi Minh City University of Pedagogy",
      "diploma": "Bachelors",
      "end_time": "2011-01-01T00:00:00Z",
      "conf_score": 0.9169645786863446,
      "start_time": "2007-01-01T00:00:00Z",
      "picklist_major": "Education/training",
      "major categories": "Science education and teacher training",
      "major_categories_detail": "Teacher training"
    }
  ],
  "experiences": [
    {
      "id": 15419,
      "detail": "",
      "company": "Muzecloud.com",
      "end_time": "2018-12-31T00:00:00Z",
      "industry": "Other",
      "position": "iOS Designer and Developer",
      "conf_score": 0.738202571706937,
      "start_time": "2018-01-01T00:00:00Z"
    },
    {
      "id": 15421,
      "detail": "working on Japanese Products: -Yahoo Shopping -Yahoo Fortune -Yahoo Matching",
      "company": "Techbase Vietnam",
      "end_time": "2017-01-31T00:00:00Z",
      "industry": "High Technology",
      "position": "Senior at iOS Developer",
      "conf_score": 0.7978409510353649,
      "start_time": "2015-01-01T00:00:00Z"
    },
    {
      "id": 15423,
      "detail": "working in Yahoo lab Project to take part in Yahoo Shopping",
      "company": "Evolable Asia",
      "end_time": "2015-01-31T00:00:00Z",
      "industry": "Other",
      "position": "Senior at iOS Developer",
      "conf_score": 0.8044069848419584,
      "start_time": "2014-01-01T00:00:00Z"
    },
    {
      "id": 15425,
      "detail": "eveloping the app for selling the product Responsible for deploying to App Store Maintain Cung Mua , HatDe app.",
      "company": "Nhommua",
      "end_time": "2014-01-31T00:00:00Z",
      "industry": "Other",
      "position": "Senior at iOS Developer",
      "conf_score": 0.8044069848419584,
      "start_time": "2013-01-01T00:00:00Z"
    },
    {
      "id": 15426,
      "detail": "obile programmer as iOS developer Technical lead for iOS Developing iOs apps-Tappxi apps: Tapxi's serivces . -Embajadas de Espana: Spanish travel service-Enfoccate: Groupon-like app for the Spanish market.-Conic: iPad app for the company specialized in lightning Blue Planet. -CMV: private app supports solutions for architecture.",
      "company": "Vietnam Smart Application",
      "end_time": "2013-01-31T00:00:00Z",
      "industry": "High Technology",
      "position": "Junior at iOS Developer",
      "conf_score": 0.8044069848419584,
      "start_time": "2011-01-01T00:00:00Z"
    }
  ],
  "address": "498 Le Van Sy St, Ward 14 District 3, Ho Chi Minh City,"
}