{
  "skills": [
    "linux",
    "workflow",
    "Internet",
    "java",
    "automation",
    "c++",
    "mobile client",
    "ams",
    "wideband antenna",
    "management",
    "java core",
    "banking",
    "security",
    "critical thinking",
    "network model",
    "enterprise",
    "object oriented",
    "hard working",
    "j2ee",
    "mobile application",
    "project management",
    "fault tolerance",
    "applied mathematics",
    "security protocol",
    "le",
    "system software",
    "software development",
    "testing",
    "physic",
    "high availability",
    "quality assurance",
    "system design",
    "process development",
    "ultra wideband",
    "lead a team",
    "manual testing",
    "communication protocol",
    "wideband",
    "protocol",
    "ultra wideband antenna",
    "system architecture"
  ],
  "fulltext": "Duc Le SySenior Software EngineerSoftware Engineer with more than 8 years of experience in developing robust code for the high-volume project in Viettel Group with ademonstrated history of working in the e-commerce and military industry. I am capable of developing, managing complex and large ITsystems such as: Internet banking, Mobile Banking, SMS Banking which satisfies standards in banking or a military applicationwhich all have features: high availability, robustness, fault-tolerance, scalable, safety.. .I am always interested in projects back-end which managed many connections and need to self-define protocol to communicate orfollowing a banking or MIL standard protocol.I started my career in 2010 as Java core/java enterprise developer, and since 2015, I have been working as C++ application developer.Especially, I can work as team lead of core framework team to build library, framework for all team member use. Im a hard-working, responsive and enthusiastic person. I am able to organize tasks efficiently and to work under pressure.Personal InfoPhoneE-mailDate of birth1987-08-02LinkedInTechnical SkillsCodingExpertSystem DesignAdvancedSoftwareDevelopmentProcessAdvancedExperience2015-08Senior Software Engineer/ Team leaderR&D the first and only UAV project for Vietnam army, including:- Communicate with customers to continually establish clear operationalspecifications and formulation system requirement- Deliver software solutions consistently with the product roadmap and releasedplan milestones- Design software system architecture, network model and communicationprotocol between GCS and UAV- Implement some core modules by C/C++ and shell script using Qtframework, STL and some our own libraries on Linux- Self-writing framework for all team member developing application.- Increase efficiency by working directly with the Quality Assurance team todevelop automation tools and test cases that relieve manual testing loads- Support junior developers joining in the middle of project , including: prepareproject documents and technical guide, train process and workflow, evaluatesolution and review source code2012-05 -2015-07Software Engineer- Simulate a network of communication devices which helps for testingsoftware running on devices- Support team members, write many tools to improve efficiency work- Also take a Master Course in Moscow Institute of Physics and Technology -Russia2010-03 -2012-04Software EngineerR&D the first e-commerce project of Viettel, called BankPlus, including:- Research and develop a mobile application for client.- Research and develop a hybrid security protocol for client and server whena transaction occurs.- Develop a mobile gateway which receives requests from mobile clients andforwards to core bank application and then responses to clients. - Develop an application which runs automatically run in schedule to reconciledata client with bank and BCCS system of ViettelProgramming LanguagesC/C++ExpertJava, J2SE, J2EEAdvancedQT, QMLAdvancedLanguagesEnglishProficientRussianReading & WritingEducation2013-05 -2015-07Moscow Institute of Physics and TechnologyMajor: Applied mathematics and physicsThesis /Research major: Signal processing / Super-resolution methods forultra-wideband antenna arrays2005-06 -2010-06Hanoi University of Science and Technology (HUST)Faculty of Information Technology (FIT) Hanoi University of Science and Technology (HUST)Favorite area of ​​study: Software engineering.Favourite course: Object-Oriented Programming, Software Engineeringcourse, Artificial Intelligence, Computer Network.Graduate project: Research J2ME and apply in building mobile wallet serviceCertificates2018TOIEC - 715Soft SkillsLeadershipProject ManagementCollaborationCritical Thinking",
  "educations": [
    {
      "id": 4602,
      "gpa": null,
      "major": "Information technology",
      "school": "Hanoi University of Science and Technology (HUST)",
      "diploma": "Bachelors",
      "end_time": "2010-01-01T00:00:00Z",
      "conf_score": 0.9097706693601046,
      "start_time": "2005-01-01T00:00:00Z",
      "picklist_major": "IT - Hardware/Networking",
      "major categories": "Computer and information technology",
      "major_categories_detail": "Information technology"
    },
    {
      "id": 4601,
      "gpa": null,
      "major": "Applied Mathematics",
      "school": "Moscow Institute of Physics and Technology",
      "diploma": "Other",
      "end_time": "2015-01-01T00:00:00Z",
      "conf_score": 0.917841109432358,
      "start_time": "2005-04-13T00:00:00Z",
      "picklist_major": "Other",
      "major categories": "Math and statistics",
      "major_categories_detail": "Math"
    }
  ],
  "experiences": [
    {
      "id": 15363,
      "detail": "ly, I can work as team lead of core framework team to build library, framework for all team member use. Im a hard-working, responsible and enthusiastic person. I am able to organize tasks efficiently and to work under pressure.",
      "company": null,
      "end_time": "2015-12-31T00:00:00Z",
      "industry": "Other",
      "position": "C++ application developer",
      "conf_score": 0.8068873668007818,
      "start_time": "2015-01-01T00:00:00Z"
    },
    {
      "id": 15365,
      "detail": "2012-05 - 2015-07 Software Engineer - Simulate a network of communication devices which helps for testing software running on devices- Support team members, write many tools to improve efficiency work- Also take a Master Course in Moscow Institute of Physics and Technology - Russia",
      "company": null,
      "end_time": "2015-01-31T00:00:00Z",
      "industry": "Other",
      "position": "Software Engineer",
      "conf_score": 0.8920882257994115,
      "start_time": "2012-01-01T00:00:00Z"
    },
    {
      "id": 15367,
      "detail": "",
      "company": null,
      "end_time": "2010-12-31T00:00:00Z",
      "industry": "Other",
      "position": "Java core/java enterprise developer",
      "conf_score": 0.8284006236575079,
      "start_time": "2010-01-01T00:00:00Z"
    }
  ],
  "address": null
}