{
  "skills": [
    "linux",
    "stack",
    "css3",
    "json",
    "javascript",
    "phpstorm",
    "apache",
    "implementation",
    "sales",
    "bootstrap",
    "e-learning",
    "management",
    "xml",
    "cryptography",
    "security",
    "postgresql",
    "io",
    "cakephp",
    "jquery",
    "human resources",
    "git",
    "ajax",
    "operating system",
    "reactjs",
    "android",
    "maintenance",
    "javascript framework",
    "online learning",
    "nginx",
    "website development",
    "css",
    "restful",
    "oop",
    "information security",
    "le",
    "bug fixing",
    "mvc",
    "laravel",
    "oracle",
    "database",
    "twitter",
    "orm",
    "database design",
    "teamwork",
    "macos",
    "product management",
    "windows operating system",
    "php",
    "mysql",
    "html"
  ],
  "fulltext": "CV APPLY FOR DEVELOPERLe Van HoiDate of birth: Oct 13, 1992Gender: MaleOBJECTIVE Become a Full stack Web Developer in the next year. Study more and more to improve my skills to become a Team Leader. EDUCATION 9/2010 - 06/2015 Academy of Cryptography Techniques Major: information security SKILLS Technical Skills:-PHP Framework: Codeigniter, Laravel, CachePHP.FuelPHP -PHP CMS: Wordpresss -Database: MySQL, Postgresql, oracle -Javascript framework: JQuery, ReactJs, Nodejs. -CSS: CSS, CSS3, SASS, Bootstrap -Web server: Apache, Nginx -Operating Systems: Windows, Linux, MacOS -Version control: Git- Tool / software: PhpStorm, Sublimetext, Sequel Pro -Social API: Facebook, Goolge, Twitter. Key Skills: -I have more than 1 year experience as project leader. -Hands on experience in using Laravel / CakePHP/ FuelPHP to develop a web application. -Good Work with HTML, CSS, JavaScript (Jquery, Ajax),Bootstrap, JSON, XML -Understanding MVC Framework, ORM, RESTful, OOP,DesignPattern. -Hands on experience in developing the Restful API system. -Implementation / Maintenance Support in PHP and MySQL - Have knowledge,experience and master the MYSQL database. -Have knowledge about web server, can use nginx proficient, apache. -Good in teamwork. -Database design suitable for requirements, optimized for performance. -Proficient in source code manage tools: GIT. Language Vietnamese, English WORK EXPERIENCE Company : VES (January 2015 - April 2015) Human Resource Source Infomations System (January 2015 - April 2015) Customer None Description Human Resource Source Infomations System Team size 2 My position Intern My responsibilities -Develop a backend system for the project. -Design the font-end interface for the application. Technologies used CodeIgniter, javascript, html, css. Company : Framgia (May 2015 - August 2015) News (May 2015 - August 2015) Customer None Description Develop news projects Team size 1 My position Intern My responsibilities -Develop up back-end E-Learning online application system using Laravel . -Design the font-end interface for the application. Technologies used Laravel , jquery, html, css. Company : HbLab (August 2015 - present) Intellex (August 2015 - December 2015) Customer Japan Description Building advertising system. Team size 1 My position Developer My responsibilities Maintenance and Develop API links to post and management products. Technologies used Cakephp , jquery, html, css Epark (1/2016 - 4/2016) Customer Japan Description - Develop a restaurant management system Team size 3 My position Developer My responsibilities -Develop a backend system for the project. -Create and implement plans to meet changing system requirements. Technologies used Cakephp , jquery, html, css Uranaishi (5/2016 - 5/2017) Customer Japan Description The system of division Team size 5 My position Project Leader My responsibilities -Participate in Develop database design. -Create task and manage progress, review code of team members. -Join the backend. -Respond to customers when problems arise. -Bug Fixing Technologies used Laravel, jquery, twilio, push7 , html, css. Carillon App (6/2017 - 9/2017) Customer Japan Description Develop chat application, call the fortune teller. Team size 4 My position Project Leader - Participate in building database design. My responsibilities -Create task and manage progress, code review of team members. -Develop, design API -Manage the progress of team members. Technologies used Laravel, jquery, twilio, ios, android, html ,css. BCT (9/2017 - 11/2017) Customer Japan Description Develop SDK call. Team size 4 My position Project Leader - Participate in building database design. My responsibilities Create task and manage progress, code review of team members. - Develop, design API Manage the progress of team members. Technologies used Laravel, twilio, ios, android, html ,css. SOE (March 12, 2017) Customer Japan Description Construction of drug management system. Team size 3 My position Project Leader My responsibilities -Develop. -Create task and manage progress, review code of team members. Technologies used Laravel, twilio, ios, android, html ,css. Company : EvolableAsia Solution (3/2018 - present) MTG (3/2018 Present) Customer Japan Description Car sales system Team size 7 My position Developer My responsibilities -Develop, maintain system -Review code of team members. Technologies used FuelPHP,html ,css. Oracle INTERESTS I like Coding, Play video Game , Listen to music",
  "educations": [
    {
      "id": 4603,
      "gpa": null,
      "major": "Safety information",
      "school": "Academy of Cryptography Techniques",
      "diploma": "Bachelors",
      "end_time": "2015-06-01T00:00:00Z",
      "conf_score": 0.9242047582276173,
      "start_time": "2010-09-01T00:00:00Z",
      "picklist_major": "IT - Hardware/Networking",
      "major categories": "Computer and information technology",
      "major_categories_detail": "Information technology"
    }
  ],
  "experiences": [
    {
      "id": 15364,
      "detail": "My responsibilities-Develop, maintain system-Review code of team members.Technologies usedFuelPHP,html ,css. Oracle",
      "company": "EvolableAsia Solution",
      "end_time": "2023-04-13T00:00:00Z",
      "industry": "High Technology",
      "position": "Developer",
      "conf_score": 0.7825710253347762,
      "start_time": "2023-04-01T00:00:00Z"
    },
    {
      "id": 15366,
      "detail": "",
      "company": "HbLab",
      "end_time": "2023-04-13T00:00:00Z",
      "industry": "Other",
      "position": "Developer",
      "conf_score": 0.7507448027980091,
      "start_time": "2015-08-01T00:00:00Z"
    },
    {
      "id": 15368,
      "detail": "My responsibilities-Participate in Develop database design.-Create task and manage progress, review code of team members.-Join the backend.-Respond to customers when problems arise.-Bug Fixing Technologies usedLaravel, jquery, twilio, push7 , html, css .",
      "company": "Uranaishi",
      "end_time": "2017-05-31T00:00:00Z",
      "industry": "Other",
      "position": "Project Leader",
      "conf_score": 0.7758015359822968,
      "start_time": "2016-05-01T00:00:00Z"
    },
    {
      "id": 15369,
      "detail": "My responsibilities-Develop a backend system for the project.-Create and implement plans to meet changing system requirements.Technologies usedCakephp , jquery, html, css",
      "company": "Epark",
      "end_time": "2016-04-30T00:00:00Z",
      "industry": "Other",
      "position": "Developer",
      "conf_score": 0.7507448027980091,
      "start_time": "2016-01-01T00:00:00Z"
    },
    {
      "id": 15370,
      "detail": "My responsibilities-Develop up back-end E-Learning online application system usingLaravel. -Design the font-end interface for the application.",
      "company": "Framgia",
      "end_time": "2015-08-31T00:00:00Z",
      "industry": "Other",
      "position": "Internet",
      "conf_score": 0.7957357538684442,
      "start_time": "2015-05-01T00:00:00Z"
    },
    {
      "id": 15371,
      "detail": "My responsibilities-Develop a backend system for the project.-Design the font-end interface for the application.Technologies usedCodeIgniter, javascript, html, css.",
      "company": "VES",
      "end_time": "2015-04-30T00:00:00Z",
      "industry": "Other",
      "position": "Internet",
      "conf_score": 0.7735877318485278,
      "start_time": "2015-01-01T00:00:00Z"
    }
  ],
  "address": null
}