{
  "skills": [
    "backend development",
    "android",
    "payment",
    "python",
    "django",
    "management",
    "sell",
    "react native",
    "php",
    "rest"
  ],
  "fulltext": "EDUCATIONCAO TECHNICAL COLLEGEJUNE 2012 - JULY 2015Major: Information technologygraduation project : 9.0WORK EXPERIENCEPIXELCENT.COMSEP 2015 - OCT 2017Android developerSALES DASHBOARD (September 2015 - December 2015)- Responsible: Mobile App (Android developer)- Project Description: Manage Client Project, Staff, deadline project, status project likeunfuddleAUTOMOTIVE WORKSHOP MANAGER (April 2016 - July 2016)- Responsible: Mobile App (Android developer)- Project Description: Manage garage in Singapore: staff, car repair status, spare part,customerSALES MANAGER (September 2016 - November 2016 ) - Responsible: Mobile App (Android developer) - Project Description: Manager online shop: import/export product, customer, invoice,ordersLOVE STORY APP (March 2017 - May 2017) - Responsible: Mobile App (Android developer) - Project Description: Synthesize famous love storiesVUIVUI APP - GAME (June 2017 - September 2017) - Responsible: Website (PHP developer) - Project Description: Create games using API of FacebookFLOW SOLUTION VIETNAMNOV 2017 - PRESENTReact native and Python (Django framework)RAPBANK - AGRIBANK (December 2017) -April 2018) - Responsible: Mobile App (React Native Developer) - Project Description: Building applications to help users borrow money or send moneyquicklyAGS EDUCATION (May 2018 - July 2018) - Responsible: Website (Django framework) - Project Description: System management , study abroad records of Vietnamesestudents to AustraliaPHAN VAN HOAReact Native DeveloperFeb 13, 1993 Male0974353718 - 0974089153 hoaphantn7604@gmail.comHCM, Vietnam https://www.facebook.com/pyboy.hoaOBJECTIVEI learn new stuff every day to be ona top of React native and PythonSKILLSReact NativePythonPhotoshopXDZeplinHOBBIESWorkMusicTravelingCRABME - OISHI ( June 2018 - September 2018)- Website (Django framework)- Project Description: prize-winning entertainment game of OishiCAO HANG (October 2018 - February 2019)- Responsible: Mobile App (React Native Developer), Backend ( Django framework, Restframework)- Project Description: manage many apartments and schools, sell goods, warn when there is a fireKAKTUSPAY - UAE (February 2019 - Presend)- Responsible: Mobile App (React Native Developer)- Project Description: Application integrates electronic payment gateway in DubaiLILJOBS - UAE (March 2019 - Presend) - Responsible: Mobile App (React Native Developer)- Project Description: post job needs or find work to do topcv.vn",
  "educations": [
    {
      "id": 4607,
      "gpa": "9.0",
      "major": "Information technology",
      "school": "HIGH TECHNICAL COLLEGE",
      "diploma": "Colleges",
      "end_time": "2015-07-01T00:00:00Z",
      "conf_score": 0.8133240304286297,
      "start_time": "2012-06-01T00:00:00Z",
      "picklist_major": "IT - Hardware/Networking",
      "major categories": "Computer and information technology",
      "major_categories_detail": "Information technology"
    }
  ],
  "experiences": [
    {
      "id": 15375,
      "detail": "",
      "company": "FLOW SOLUTION VIETNAM",
      "end_time": "2023-04-13T00:00:00Z",
      "industry": "High Technology",
      "position": "React native and",
      "conf_score": 0.7587503820245582,
      "start_time": "2017-11-01T00:00:00Z"
    },
    {
      "id": 15377,
      "detail": ") - Project Description: post job needs or find work to do",
      "company": "LILJOBS",
      "end_time": "2019-12-31T00:00:00Z",
      "industry": "Other",
      "position": "App (React Native Developer",
      "conf_score": 0.7808163408857678,
      "start_time": "2019-03-01T00:00:00Z"
    },
    {
      "id": 15379,
      "detail": ") - Project Description: Application integrates electronic payment gateway in Dubai",
      "company": "KAKTUSPAY",
      "end_time": "2019-12-31T00:00:00Z",
      "industry": "Other",
      "position": "Mobile App (React Native Developer",
      "conf_score": 0.7968341985623422,
      "start_time": "2019-02-01T00:00:00Z"
    },
    {
      "id": 15381,
      "detail": ") - Responsible: Mobile App (React Native Developer), Backend (Django framework, Rest framework)- Project Description: manage many apartments and schools, sell goods, warn when there is a fire",
      "company": "CAO HUNG",
      "end_time": "2019-02-28T00:00:00Z",
      "industry": "Other",
      "position": null,
      "conf_score": 0.7275132206498556,
      "start_time": "2018-10-01T00:00:00Z"
    },
    {
      "id": 15383,
      "detail": "- Website (Django framework)- Project Description: prize-winning entertainment game of Oishi",
      "company": "CRABME - OISHI",
      "end_time": "2018-09-30T00:00:00Z",
      "industry": "Other",
      "position": null,
      "conf_score": 0.7050867654707917,
      "start_time": "2018-06-01T00:00:00Z"
    },
    {
      "id": 15384,
      "detail": "- Responsible: Website (Django framework)- Project Description: System management, study abroad records of Vietnamese students to Australia",
      "company": "AGS EDUCATION",
      "end_time": "2018-07-31T00:00:00Z",
      "industry": "Education",
      "position": null,
      "conf_score": 0.7513082139105881,
      "start_time": "2018-05-01T00:00:00Z"
    },
    {
      "id": 15385,
      "detail": "- Project Description: Building applications to help users borrow money or send money quicklyA",
      "company": "RAPBANK - AGRIBANK",
      "end_time": "2018-04-30T00:00:00Z",
      "industry": "Agriculture",
      "position": "React Native Developer",
      "conf_score": 0.7578763029619672,
      "start_time": "2017-12-01T00:00:00Z"
    },
    {
      "id": 15386,
      "detail": "- Responsible: Mobile App (Android developer)- Project Description: Manage Client Project, Staff, deadline project, status project like unfuddle",
      "company": "PIXELCENT.COM",
      "end_time": "2017-10-31T00:00:00Z",
      "industry": "Other",
      "position": "Android developerSALES DASHBOARD",
      "conf_score": 0.8382764769491021,
      "start_time": "2015-09-01T00:00:00Z"
    },
    {
      "id": 15387,
      "detail": "- Project Description: Create games using API of Facebook",
      "company": "HAPPY APP - GAME",
      "end_time": "2017-09-30T00:00:00Z",
      "industry": "High Technology",
      "position": "Website (PHP developer)",
      "conf_score": 0.7968341985623422,
      "start_time": "2017-06-01T00:00:00Z"
    },
    {
      "id": 15388,
      "detail": "- Responsible: Mobile App (Android developer)- Project Description: Synthesize famous love stories",
      "company": "LOVE STORY APP",
      "end_time": "2017-05-31T00:00:00Z",
      "industry": "Other",
      "position": null,
      "conf_score": 0.7050867654707917,
      "start_time": "2017-03-01T00:00:00Z"
    },
    {
      "id": 15389,
      "detail": "- Responsible: Mobile App (Android developer)- Project Description: Manager online shop: import/export product, customer, invoice, orders",
      "company": "PIXELCENT.COM",
      "end_time": "2016-11-30T00:00:00Z",
      "industry": "Other",
      "position": "SALES MANAGER",
      "conf_score": 0.703054895247018,
      "start_time": "2016-09-01T00:00:00Z"
    },
    {
      "id": 15390,
      "detail": "- Responsible: Mobile App (Android developer)- Project Description: Manage garage in Singapore: staff, car repair status, spare part, customer",
      "company": "PIXELCENT.COM",
      "end_time": "2016-07-31T00:00:00Z",
      "industry": "Other",
      "position": "AUTOMOTIVE WORKSHOP MANAGER",
      "conf_score": 0.703054895247018,
      "start_time": "2016-04-01T00:00:00Z"
    }
  ],
  "address": "hcm, Vietnam"
}