{
  "skills": [
    "git",
    "analysis",
    "jira",
    "html",
    "full stack development",
    "css3",
    "wordpress",
    "jquery",
    "cakephp",
    "angular",
    "le",
    "magento",
    "stack",
    "html5",
    "responsive",
    "javascript",
    "oop",
    "excel",
    "webpack",
    "sc",
    "laravel",
    "bootstrap",
    "docker",
    "usage data",
    "php",
    "angularjs",
    "grunt",
    "vuejs",
    "data structure"
  ],
  "fulltext": "Nguyen Van Hai Fullstack PHP Programmer Date of Birth: 11/28/1988 Gender: Male Phone: 0966345234 Email: warlock.info@gmail.com Address: Thanh Hoa CAREER GOAL- More than 7 years of experience working with php. Knowledge of algorithms and data structures. Use system design analysis to analyze the problem. Know about object-oriented design analysis.- Full stack developer (AngularJS/Vuejs/Nodejs/PHP, Javascript, jQuery, HTML)- Front-end: CSS3, Less, scss, grunt, webpack, HTML5, AngularJs, Vuejs, Nodejs , JavaScript, jQuery, Bootstrap, Responsive.- Back-end: Good knowledge of OOP, Design Patterns- Frameworks: Angular js, Laravel, CI, Cake, Wordpress, Magento- Git & Jira & Docker.- English reading and writing. - Likes football.- Have passion, explore, learn new technology. Ready to switch to new technologies and languages.- Highly progressive.- Have a sense of responsibility in work. EDUCATIONOctober 2010 - 05/2014 Information Technology Vietnamese-Korean Friendship Specialization: Programming Graduated with honors , average score 8.0 WORK EXPERIENCE07/2015 - Present TwentyCI Vietnam Company- Key member Magento- Technical- Backend & Frontend- Build API- Working with Docker, Vuejs, Nodejs, Angular 1, 2 & 4- Build website with Wordpress06 /2013 - 06/2015 OnlineBiz Soft Company- Build website with Magento- Build website use cakephp- Build website with Laravel06/2011 - 05/2013 Service One Global Company- Key member- Build website use CI- Build website with wordpress, Joomla- 2 Term Scholarship AWARD 2011 TOPCV office informatics- Proficient in Word, Excel, Power Point tools English- Reading and Writing SKILLS Hobbies- Likes to Code- Kicking soccer ball - Participate in weekly football activities of the company topcv. VN",
  "educations": [
    {
      "id": 4610,
      "gpa": "8.0",
      "major": "Program",
      "school": "Information Technology Vietnam-Korea Friendship",
      "diploma": "Other",
      "end_time": "2014-05-01T00:00:00Z",
      "conf_score": 0.9047872701227911,
      "start_time": "2010-10-01T00:00:00Z",
      "picklist_major": "Other",
      "major categories": "",
      "major_categories_detail": ""
    }
  ],
  "experiences": [
    {
      "id": 15400,
      "detail": "- Technical - Backend & Frontend - Build API - Working with Docker, Vuejs, Nodejs, Angular 1, 2 & 4 - Build website with Wordpress",
      "company": "TwentyCI Vietnam Company",
      "end_time": "2023-04-13T00:00:00Z",
      "industry": "Other",
      "position": "Key member Magento",
      "conf_score": 0.9257372771525854,
      "start_time": "2015-07-01T00:00:00Z"
    },
    {
      "id": 15402,
      "detail": "- Build website with Magento - Build website using cakephp- Build website with Laravel",
      "company": "Company OnlineBiz Soft",
      "end_time": "2015-06-30T00:00:00Z",
      "industry": "Other",
      "position": null,
      "conf_score": 0.8086621310791741,
      "start_time": "2013-06-01T00:00:00Z"
    },
    {
      "id": 15404,
      "detail": "- Build website using CI - Build website with wordpress, Joomla",
      "company": "Service One Global Company",
      "end_time": "2013-05-31T00:00:00Z",
      "industry": "Other",
      "position": "Key member",
      "conf_score": 0.9308575567370121,
      "start_time": "2011-06-01T00:00:00Z"
    }
  ],
  "address": "Thanh Hoa"
}