{
  "skills": [
    "user interface",
    "git",
    "css",
    "structure",
    "reactjs",
    "html",
    "full stack development",
    "redis",
    "mysql",
    "bitbucket",
    "redux",
    "stack",
    "javascript",
    "website development",
    "database",
    "frontend development",
    "teamwork",
    "postgresql",
    "orm",
    "sequelize",
    "sailsjs",
    "trello"
  ],
  "fulltext": "SKILL- Experienced nearly 3 years for Javascript, NodeJS, ReactJS, SailsJS, mySQL- Knowledge Git, Bitbucket, Trello,..- Knowledge database mySQL, Postgresql, ...- Knowledge HTML, CSS, ..- Experienced realtime processing.- Experienced write database structure.- Experienced increase performence APIs.- Experienced with ORM Sequelize database.- Experienced use Redis.- Be able full stack.VO TRUONG GIANGWeb DeveloperWORK EXPERIENCEKOLABS LLC12/2016 - NOWWeb Developer Project : UFA sportbook. - Time: from 10/2017 to now. - Front end developer. - Build and develop several structures of project including. - Manipulation, handling the user interface. - Handling activities at client. - Use reactjs, redux for project. Project : WorkID. - Time: from 6/2017 to 10/2017. - Front end developer. - Build and develop several structures of project including. - Manipulation, handling the user interface. - Handling activities at client. - Use reactjs, redux for project. Project : Maestro AEG live. - Time: from 12/2016 to 6/2017 - Full stack developer. - Manipulation, handling the user interface. - Handling activities at client. - On the server : write APIs for client, config server. - Use reactjs, redux for project.MEDITEK04/2015 - 10/2016Web Developer Project : Development The Redimed hospital on Australia.- Time: from 04/2015 to 10/2016- Module product: patient, doctor, appointment and fix another modules. - Full stack developer.- Manipulation, handling the user interface.- Handling activities at client.- On the server : write APIs for client, config server.Nov 25, 1994 Male 0933990549 giangvo2511@gmail.comHoChiMinh, VietnamCAREER GOALSApplying the experience and skills tobe learned from everyone in thecompany, towards a website with highstability and development of the best,wishes to learn new knowledge.SKILLSTeamworkLogical thinking and creativeReadingHOBBYSoccerListen to musicRead book EDUCATIONUNIVERSITY OF SCIENCEOCT 2012 - SEP 2015- Major: Information Technology-Graduating college with good topcv. VN",
  "educations": [
    {
      "id": 4616,
      "gpa": null,
      "major": "Information technology",
      "school": "UNIVERSITY OF SCIENCE",
      "diploma": "Bachelors",
      "end_time": "2015-09-01T00:00:00Z",
      "conf_score": 0.9265310240367791,
      "start_time": "2012-10-01T00:00:00Z",
      "picklist_major": "IT - Hardware/Networking",
      "major categories": "Computer and information technology",
      "major_categories_detail": "Information technology"
    }
  ],
  "experiences": [
    {
      "id": 15418,
      "detail": ". - Build and develop several structures of project including.- Manipulation, handling the user interface.- Handling activities at client.- Use reactjs, redux for project.Project : WorkID. - Time: from",
      "company": "KOLABS LLC",
      "end_time": "2023-04-13T00:00:00Z",
      "industry": "Other",
      "position": "Front end developer",
      "conf_score": 0.8068873668007818,
      "start_time": "2017-10-01T00:00:00Z"
    },
    {
      "id": 15420,
      "detail": "Project : UFA sportbook.- Time: from",
      "company": "KOLABS LLC",
      "end_time": "2023-04-13T00:00:00Z",
      "industry": "Other",
      "position": "Web Developer",
      "conf_score": 0.9404253900297244,
      "start_time": "2016-12-01T00:00:00Z"
    },
    {
      "id": 15422,
      "detail": ". - Manipulation, handling the user interface.- Handling activities at client.- On the server : write APIs for client,config server.- Use reactjs, redux for project.",
      "company": "KOLABS LLC",
      "end_time": "2017-06-30T00:00:00Z",
      "industry": "Other",
      "position": "Full stack developer",
      "conf_score": 0.8068873668007818,
      "start_time": "2016-12-01T00:00:00Z"
    },
    {
      "id": 15424,
      "detail": "- Module product: patient, doctor, appointment and fix another modules.- Full stack developer.- Manipulation, handling the user interface.- Handling activities at client.- On the server : write APIs for client, config server.",
      "company": "MEDITEK",
      "end_time": "2016-10-31T00:00:00Z",
      "industry": "Other",
      "position": "Web Developer",
      "conf_score": 0.9404253900297244,
      "start_time": "2015-04-01T00:00:00Z"
    }
  ],
  "address": "Ho Chi Minh City, Vietnam"
}