{
  "skills": [
    "core data",
    "c++",
    "iodine",
    "mobile client",
    "ams",
    "management",
    "studio",
    "redux",
    "io",
    "mobile platform",
    "react native",
    "android",
    "redux thunk",
    "memory management",
    "visual studio",
    "software development",
    "objective c",
    "reactjs",
    "database",
    "database design",
    "shell scripting",
    "python",
    "redux persist",
    "sqlite",
    "scripting"
  ],
  "fulltext": "Pham Van PhucHanoi, Vietnam (+84)949538345 phucpv89@gmail.com https://www.facebook.com/eris.mabuZaloPay - VNG CorporationJan 2016 - PresentIOT - VNG CorporationJune 2014 - Dec 2015WORK EXPERIENCELead Software Engineer ( Direct manager for 2 Senior Software Engineers, 2 Junior SoftwareEngineers, 4 Freshers )Main responsibilities:- Design, deploy and maintain merchant app- Build Frontend with React-native, React JS- Design database for iOS used SQLite- Have training for members- Make and give tasks for members - Perform, guide and push member to complete well their assignments- Deal with the accumulated issue from membersGaining Experience:- Advanced ability to develop app client React Native used redux, redux-thunk, redux-observable, redux-persist- Optimize app performance React Native, React JS- Create, optimize, manage external library- Completed the course 1st-Line Manager Development 2018Main Project: ZaloPayReact Native: Transaction-Log, Notifications, RedPacket, Topup, Manage Merchants Location, Billing, Data-TopupReact JS: Event Tet 2019, Game Mc Donald's Software EngineerMain responsibilities:- Create application control hardware IOT.- Build cross-platform client for mobile (Android, IOS) with QT & QT quick.- Connect, control device BLE.Gaining Experience:- Advanced ability to develop Cross Platform Mobile Client use C++ with QT, QT Quick QMLMain project:- Tracker, Coffee Machine Control, Light Control System, ZShareOBJECTIVEBeing an excellent software engineer who creates quality products for people. Alwaysimproving my knowledge to update new technology. I look forward to working in a professionalenvironment to develop maximum my ability. I am interested in many areas including SoftwareDevelopment, Cross-platform and so on.Ulab - VNG CorporationApr 2013 - June 2014Software EngineerMain responsibilities:- Design, deploy, and maintain for iOS app with Objective C- Design database used SQLite, CoreDataGaining Experience:- Advanced ability to develop application iOS- Knowledge on auto layout, core-data, memory management of objective C Main project:ZingBlog, ZingMe, News, UBusA.N.LABSep 2012 - Apr 2013VINICORPnov 2011 - Aug 2012Software EngineerWater Resource UniversityJuly 2007 - Nov 2011EDUCATIONMajor : Information TechnologyLanguageVietnamese, EnglishEditorXcode, Android Studio, Visual Studio Code, QT CreatorProgramming LanguageReact NativeReact JSObjective CC++PythonShell ScriptingSQLiteQMLSKILLS topcv.vnPowered by TCPDF (www.tcpdf.org)",
  "educations": [
    {
      "id": 4613,
      "gpa": null,
      "major": "Information technology",
      "school": "Water Resource University",
      "diploma": "Bachelors",
      "end_time": "2011-11-01T00:00:00Z",
      "conf_score": 0.9162385206282713,
      "start_time": "2007-07-01T00:00:00Z",
      "picklist_major": "IT - Hardware/Networking",
      "major categories": "Computer and information technology",
      "major_categories_detail": "Information technology"
    }
  ],
  "experiences": [
    {
      "id": 15409,
      "detail": "( Direct manager for 2 Senior Software Engineers, 2 Junior Software Engineers, 4 Freshers ) Main responsibilities:- Design, deploy and maintain merchant app- Build Frontend with React-native, React JS - Design database for iOS used SQLite - Have training for members - Make and give tasks for members- Perform, guide and push member to complete well their assignments- Deal with the accumulated issue from membersGaining Experience: - Advanced ability to develop app client React Native used redux, redux-thunk, redux- observable, redux -persist- Optimize performance app React Native, React JS - Create, optimize, manage external library- Completed the course 1st-Line Manager Development 2018 Main Project: ZaloPay React Native: Transaction-Log, Notifications, RedPacket, Topup, Manage Merchants Location, Billing, Data-Topup React JS: Event Tet 2019, Game Mc Donald's",
      "company": "ZaloPay - VNG Corporation",
      "end_time": "2023-04-13T00:00:00Z",
      "industry": "High Technology",
      "position": "Lead Software Engineer",
      "conf_score": 0.9264139694127339,
      "start_time": "2016-01-01T00:00:00Z"
    },
    {
      "id": 15410,
      "detail": "Main responsibilities:- Create application control hardware IOT. - Build cross-platform client for mobile (Android, IOS) with QT & QT quick.- Connect, control device BLE. Gaining Experience: - Advanced ability to develop Cross Platform Mobile Client use C++ with QT, QT Quick QML Main project:- Tracker, Coffee Machine Control, Light Control System, ZShare",
      "company": "IOT - VNG Corporation",
      "end_time": "2015-12-31T00:00:00Z",
      "industry": "Other",
      "position": "Software Engineer",
      "conf_score": 0.9264139694127339,
      "start_time": "2014-06-01T00:00:00Z"
    },
    {
      "id": 15411,
      "detail": "Main responsibilities:- Design, deploy, and maintain for iOS app with Objective C - Design database used SQLite, CoreData Gaining Experience: - Advanced ability to develop application iOS - Knowledge on auto layout, core-data, memory management of objective C Main project :ZingBlog, ZingMe, News, UBus",
      "company": "Ulab - VNG Corporation",
      "end_time": "2014-06-30T00:00:00Z",
      "industry": "Other",
      "position": "Software Engineer",
      "conf_score": 0.9264139694127339,
      "start_time": "2013-04-01T00:00:00Z"
    },
    {
      "id": 15412,
      "detail": "",
      "company": "A.N.LAB",
      "end_time": "2013-04-30T00:00:00Z",
      "industry": "Other",
      "position": "Software Engineer",
      "conf_score": 0.8823056520268192,
      "start_time": "2012-09-01T00:00:00Z"
    },
    {
      "id": 15413,
      "detail": "",
      "company": "VINICORP",
      "end_time": "2012-08-31T00:00:00Z",
      "industry": "Other",
      "position": null,
      "conf_score": 0.7314572406900115,
      "start_time": "2011-11-01T00:00:00Z"
    }
  ],
  "address": "Hanoi, Vietnam"
}