{
  "skills": [
    "team management",
    "java",
    "css",
    "microservices",
    "git",
    "agile",
    "testing",
    "administration",
    "algorithm",
    "angular 2",
    "svn",
    "database management",
    "firebase",
    "structure",
    "html",
    "credit risk",
    "redis",
    "design patterns",
    "mysql",
    "restful webservices",
    "redux",
    "security",
    "problem solving",
    "project management",
    "angular",
    "nosql",
    "elasticsearch",
    "spring security",
    "oop",
    "database",
    "database design",
    "rabbitmq",
    "spring boot",
    "docker",
    "hibernate",
    "jenkins",
    "recruitment",
    "software development",
    "risk management",
    "oauth2",
    "mongodb",
    "spring",
    "management",
    "medium",
    "data structure",
    "restful",
    "risks"
  ],
  "fulltext": "PERSONAL DETAILS Gender: Male Date of birth: 10 January 1994 Address: Cau Giay, Ha Noi Mobile: (+84) ***** Email: ****@gmail.com Linkedin: https://**** NGO QUOC THANG JAVA DEVELOPER EDUCATION 9/2012 - 6/2016: Bachelor of Information Technology (Honors Program) at University of Engineering and Technology Vietnam National University (UET-VNU) SKILLS 3 years of experience in software development Back-end: Java, Spring Boot, JPA, Hibernate, RESTful Webservices, Microservices Secondary skills: Front-end (Angular 2+, basic HTML/CSS), NodeJS Core programming theories (OOP, Data structures & algorithms, Database design, SOLID, Clean code, Design patterns , Problem solving) Relational & NoSQL database (MySQL, MongoDB, Firebase) Version control with Git, SVN Agile/Scrum process Confident at English (in basic communication and document inquire) Able and willing to learn new technologies Responsible, careful, active WORK EXPERIENCE August 2018 now: Java Developer at Integro Technologies Project: Credit Master Tool Features Credit application & credit risk management Team size 35 My roles Implement change requests Fix bugs Do testing (follow test cases, write test documents) 11/2016 7/2018: Java Developer at Netcompany Project: HM Portal Features Timesheet Management Expense Management Project Management Leave Request Management Team size 10 Technologies Java 8, Spring, Spring Security OAuth2, Angular 2 Jenkins, Docker MySQL, Microservices, RabbitMQ My roles Develop, test, fix functions in both back-end and front-end Responsible in database management (design, refactor, backup, restore) Support junior members Project: Optunli Features Provides effective recruitment/resource management solutions for organizations Helps candidates find jobs they are interested in with dynamic matching, application process tracking... Team size 15 Technologies NodeJS, MongoDB, Redis, Microservices Angular 2, Redux Jenkins, Docker My roles Develop, test, fix functions in both back-end and front-end Support junior members 3/2016 - 9/2016 : Software Developer at Van Hoa Viet Media JSC Project: Viettel Portal Features Provides information and services for millions of customers of Viettel Telecom Provides administration and monitoring solutions for Viettel's administrators Team size 15 Technologies AerospikeDB Elasticsearch Ganglia My roles Build a tool for processing, migrating Viettel's data between old system and new system Test, fix bugs Write documents, guides OTHER EXPERIENCE Made some Flash games using Flixel library, Photoshop, sound effect editors Graduation thesis: Building Advertisement Management Module for website",
  "educations": [
    {
      "id": 4628,
      "gpa": null,
      "major": "Information technology",
      "school": "University of Engineering and Technology - Vietnam National University (UET - VNU)",
      "diploma": "Bachelors",
      "end_time": "2016-06-01T00:00:00Z",
      "conf_score": 0.8785189316850562,
      "start_time": "2012-09-01T00:00:00Z",
      "picklist_major": "IT - Hardware/Networking",
      "major categories": "Computer and information technology",
      "major_categories_detail": "Information technology"
    }
  ],
  "experiences": [
    {
      "id": 15467,
      "detail": "Project: Credit Master Tool Features Credit application & credit risk managementTeam size35 My rolesImplement change requestsFix bugsDo testing (follow test cases, write test documents)",
      "company": "Integro Technologies",
      "end_time": "2023-04-13T00:00:00Z",
      "industry": "High Technology",
      "position": "Java Developer",
      "conf_score": 0.7930238043945285,
      "start_time": "2018-08-01T00:00:00Z"
    },
    {
      "id": 15469,
      "detail": "Project: HM Portal Features Timesheet Management Expense Management Project Management Leave Request Management Team size10 Technologies Java 8, Spring, Spring Security OAuth2, Angular 2 Jenkins, Docker MySQL, Microservices, RabbitMQ My rolesDevelop, test, fix functions in both back-end and front -endResponsible in database management (design, refactor, backup, restore...)Support junior members",
      "company": "Netcompany",
      "end_time": "2018-07-31T00:00:00Z",
      "industry": "High Technology",
      "position": "Java Developer",
      "conf_score": 0.8044329014146352,
      "start_time": "2016-11-01T00:00:00Z"
    }
  ],
  "address": "Cau Giay, Ha Noi"
}