{
  "skills": [
    "io",
    "css",
    "user interface",
    "ams",
    "wireframes",
    "android",
    "html"
  ],
  "fulltext": "ABOUT MESKILLSKEY MOMENTSFABULOUS CATIM AUX/UI DESIGNERNGUYEN HOANG TUAN HUUI am an enthusiasm graphic designer who have 2 years experiences in UX/UI field. I am willing to learn new things to find solution whenever I have obstacle. My ability is always try my best to improve products and continue developing my skills.0779001819tuanhuu288@gmail.comTIMELINE1992Hello Worldat Bien Hoa City2010 - 2014Information Technologyat Lac Hong University2014 - 2016Graphic Designat Dpi Center2016 - NowWeb and Product Designerat Bloomer AppSKILLSWEB DESIGNAPP DESIGNHTML/YouCSTOOLST Details :- Design and develop the user interface on iOS/ Android platform.- Analyze user behavior in order to optimize the user interface.- Produce design deliverables including user flows, sketches at various levels of fidelity, wireframes, journey maps.- Participate and collaborate in concept development and design ideation for new product features.- Here are my portfolio: https://www.behance.net/tuanhuu288Powered by TCPDF (www.tcpdf.org)",
  "educations": [
    {
      "id": 4622,
      "gpa": null,
      "major": "Information technology",
      "school": "Lac Hong University",
      "diploma": "Bachelors",
      "end_time": "1992-01-01T00:00:00Z",
      "conf_score": 0.704580444636798,
      "start_time": null,
      "picklist_major": "IT - Hardware/Networking",
      "major categories": "Computer and information technology",
      "major_categories_detail": "Information technology"
    }
  ],
  "experiences": [
    {
      "id": 15448,
      "detail": "",
      "company": "Dpi Center",
      "end_time": "2023-04-13T00:00:00Z",
      "industry": "Other",
      "position": "Product",
      "conf_score": 0.7731790017372627,
      "start_time": "2016-01-01T00:00:00Z"
    },
    {
      "id": 15449,
      "detail": "",
      "company": "Bloomer App",
      "end_time": "2014-01-31T00:00:00Z",
      "industry": "Other",
      "position": null,
      "conf_score": 0.6996816990411938,
      "start_time": "2010-01-01T00:00:00Z"
    }
  ],
  "address": null
}