{
  "skills": [
    "eye for detail",
    "interface design",
    "bazaar",
    "liaising with",
    "ams",
    "liaising",
    "srs",
    "management",
    "communication skills",
    "event promotion"
  ],
  "fulltext": "Nguyen Tran Anh TuanGraphic DesignPERSONAL STATEMENTI am a freelance graphic designer for print and web, with a portfolio focused on arts, magazine and UX|UI.I am a dedicated advocate of clean & clear design and have a sharp attention to details. I have strong management and communication skills. I keep up with latest web/app technologies and trends. WORK EXPERIENCEFrom August 2010 to February 2013RINGIER VIETNAM - Graphic Designerfor ELLE VN, ELLEMAN, MarryWedding, WomensHealth.Prepares final layout by marking and pasting up finished copy and art.Completes projects by coordinating with outside agencies, art services, printers, etc.Develop the layout and production design of magazines, newspapers, journals, corporate reports, and other publications.Meet with art directors to collaborate on design.From April 2012 to May 2013AVIATION MAGAZINE - Chief DesignerDevelop the layout and production design of magazines, newspapers, journals, corporate reports, and other publications.Collaborate with printers to select type of paper and ink.From April 2013 to August 2014FAME MAGAZINE - Art DirectorPlans concept by studying information and materials.Illustrates concept by designing rough layout of art and copy regarding arrangement, size, type size and style.Train and direct staff members who develop design concepts into art layouts or who prepare layouts for printing.From August 2014 to August 2016BAZAAR MAG - Graphic DesignerDevelop the layout and production design of magazinesMeet with art directors to collaborate on design .From Oct 2016 to Apr 2017MEDIHUB.VN - Creative ManagerTrain and direct staff members who develop design concepts into art layouts or who prepare layouts for printing.Work with editor and creative team to concept on advertising for clients and their products.From May 2017 to October 2017MIA.VN - Design team leader(seasonal contract)Recruit, train and direct staff members who develop design concepts into art layouts or who prepare layouts for promotion event.From Nov 2017 to Sep 2018THEAGENCY.VN - Sr Graphic designEnsuring satisfaction to customers by liaising with them to discover their events needs.With an eye for details and ability to think deeply about consumer journey and how to give them an awesome experience.From Nov 2018 to nowXOONTEC - UX|UI DesignerGather and evaluate user requirements in collaboration with product managers and coder.Develop UI mockups and prototypes that clearly illustrate how sites function and look like.MAGAZINE LAYOUTPRINTINGUX|UIMY SPECIALITIESDESIGN SKILLS1. COMPUTERAdobe PhotoshopAdobe IllustratorAdobe IndesignFigma/ SketchappInvision/ Marvelapp2. KNOWLEDGEGrid & LayoutTypographyColor TheoryBrandingPrinting TechniquesInterface DesignLANGUAGESVIETNAMESEmother languaguesENGLISHAdvanced levelEDUCATION2009-2010DPI CENTERGraphic Design2010-2014STUGraphic Design2017 KEYFRAME UX|UIHOBBIES & INTERESTSMovies Music Travel Money 14.08.1989CONTACT | tuananh.nguyentran1408@gmail.com",
  "educations": [
    {
      "id": 4627,
      "gpa": null,
      "major": "Graphic design",
      "school": "DPI CENTER STU",
      "diploma": "Other",
      "end_time": "2017-01-01T00:00:00Z",
      "conf_score": 0.8818430525008374,
      "start_time": "2014-01-01T00:00:00Z",
      "picklist_major": "Art/Design",
      "major categories": "Art",
      "major_categories_detail": "Applied Arts"
    }
  ],
  "experiences": [
    {
      "id": 15460,
      "detail": "Gather and evaluate user requirements in collaboration with product managers and coder.Develop UI mockups and prototypes that clearly illustrate how sites function and look like.",
      "company": "XOONTEC",
      "end_time": "2023-04-13T00:00:00Z",
      "industry": "Other",
      "position": "UX|UI Designer",
      "conf_score": 0.9186600440228837,
      "start_time": "2018-11-01T00:00:00Z"
    },
    {
      "id": 15461,
      "detail": "ensure satisfaction to customers by liaising with them to discover their events needs.With an eye for details and ability to think deeply about consumer journey and how to give them an awesome experience.",
      "company": "THEAGENCY.VN",
      "end_time": "2018-09-30T00:00:00Z",
      "industry": "Other",
      "position": "Sr Graphic design",
      "conf_score": 0.9260889292191576,
      "start_time": "2017-11-01T00:00:00Z"
    },
    {
      "id": 15462,
      "detail": "(seasonal contract)Recruit, train and direct staff members who develop design concepts into art layouts or who prepare layouts for promotion event.",
      "company": "MIA.VN",
      "end_time": "2017-10-31T00:00:00Z",
      "industry": "Other",
      "position": "Design team leader",
      "conf_score": 0.9260889292191576,
      "start_time": "2017-05-01T00:00:00Z"
    },
    {
      "id": 15463,
      "detail": "Develop the layout and production design of magazines",
      "company": "BAZAAR MAG",
      "end_time": "2016-08-31T00:00:00Z",
      "industry": "Other",
      "position": "Graphic Designer",
      "conf_score": 0.928580822868573,
      "start_time": "2014-08-01T00:00:00Z"
    },
    {
      "id": 15464,
      "detail": "for ELLE VN, ELLEMAN, MarryWedding, WomensHealth. Prepares final layout by marking and pasting up finished copy and art.Completes projects by coordinating with outside agencies, art services, printers, etc.Develop the layout and production design of magazines, newspapers, journals, corporate reports, and other publications.Meet with art directors to collaborate on design.",
      "company": "RINGIER VIETNAM",
      "end_time": "2013-02-28T00:00:00Z",
      "industry": "Other",
      "position": "Graphic Designer",
      "conf_score": 0.9260889292191576,
      "start_time": "2010-08-01T00:00:00Z"
    },
    {
      "id": 15465,
      "detail": "",
      "company": "DPI CENTER",
      "end_time": "2010-01-31T00:00:00Z",
      "industry": "Other",
      "position": null,
      "conf_score": 0.7464532525524961,
      "start_time": "2009-01-01T00:00:00Z"
    }
  ],
  "address": null
}