{
  "skills": [
    "phonegap",
    "css",
    "json",
    "golang",
    "Mrp",
    "html",
    "education technology",
    "mysql development",
    "mysql",
    "entity framework",
    "redux",
    "jquery",
    "sql",
    "javascript",
    "oop",
    "database",
    "mvc",
    "bootstrap",
    "ams",
    "linq",
    "asp"
  ],
  "fulltext": "PHAM QUANG SONASP.NET DEVELOPER78/22/39 Ton That Thuyet, Ward 16,District 4 HCMC, Vietnamphamquangson1994@gmail.com0775094178OBJECTIVEI am young, working with ASP.NET, always want to develop myself by learning new technologies and challengingmyself.So I hope you will reconsider my application and give me a chance to work with your company.WILLING TO ABSORB , LEARN FROM EXPERIENCE, RESPONSIBILITY AND FRIENDLYWORK EXPERIENCEBEYOND ENDGE COMPANYASP.NET DEVELOPERFEBRUARY 2018 - NOW- Position: .NET Developer.- Products: SmartMES, MCEmployee, SCDF, TheCompanyPlatform. + SmartMES: Major project, using ASP.NET MVC, LinQ, MySql, CodeFirst, Entity Framework, Kendo (Scheduler), Html, Css, Bootstrap, Javascript, Jquery, Json. + MCEmployee: Maintain, using ASP.NET MVC, LinQ, SQL Server, Database First, Entity Core, Html, Css, Bootstrap, Javascript, Jquery. + SCDF, TheCompanyPlatform: support FrontEnd-make 1 page foreach project: using .NET Core 2.0, LinQ, SQL Server, Code First, EntityCore, Html, Css, Bootstrap, Javascript, Jquery, K.SOLUTION COMPANYASP.NET DEVELOPERAPRIL 2017 - OCT 2017- Position: .NET Developer.- Products: MRP DANU Vina.- Using: ASP.NET MVC, LinQ, SQL Server, Stored procedure, DatabaseFirst, Entity Framework, Kendo (Grid), Javascript, Jquery, Json,.THUMBSUP COMPANYASP .NET DEVELOPERJANUARY 2016 - JANUARY 2017- Position: .NET Developer and Phonegap App.- Web Products: ufllvietnam.com, fcstonesvn.com, errandboy.ferya.org.- Apps: Adsplus, Newis.- Using: ASP.NET Web Form , LinQ, SQL Server Html, Css, Javascript, Jquery, Bootstrap, SELF DEVELOPMENT- I learned about React, Redux from 8th to 12th January 2018 and understand the basics of it.- I learned about Golang language for 3 weeks in Oct 2017 and madea website with basic functionality: CRUD (using: Html, Css, Javascript,Jquery, Golang, MySql).GENERAL KNOWLEDGE - SOLID principles - Repository pattern - Unit of Work pattern - OOPOTHER SKILLS- English: writing, readingCAOTHANG TECHNICAL COLLEGESOCT 2013MAJOR: INFORMATION TECHNOLOGYED topcv.vnPowered by TCPDF (www.tcpdf.org)",
  "educations": [
    {
      "id": 4632,
      "gpa": null,
      "major": "Information technology",
      "school": "CAOTHANG TECHNICAL COLLEGES",
      "diploma": "Colleges",
      "end_time": "2013-10-01T00:00:00Z",
      "conf_score": 0.7899505000759045,
      "start_time": null,
      "picklist_major": "IT - Hardware/Networking",
      "major categories": "Computer and information technology",
      "major_categories_detail": "Information technology"
    }
  ],
  "experiences": [
    {
      "id": 15483,
      "detail": ". - Products: SmartMES, MCEmployee, SCDF, TheCompanyPlatform. + SmartMES: Major project, using ASP.NET MVC, LinQ, MySql, Code First, Entity Framework, Kendo (Scheduler), Html, Css, Bootstrap, Javascript, Jquery, Json. + MCEmployee: Maintain, using ASP.NET MVC, LinQ, SQL Server, Database First, Entity Core, Html, Css, Bootstrap, Javascript, Jquery. + SCDF, TheCompanyPlatform: support FrontEnd-make 1 page for each project: using .NET Core 2.0, LinQ, SQL Server, Code First, Entity Core, Html, Css, Bootstrap, Javascript, Jquery,",
      "company": "BEYOND EDGE COMPANY",
      "end_time": "2023-04-13T00:00:00Z",
      "industry": "Other",
      "position": "ASP.NET DEVELOPER",
      "conf_score": 0.9468549575087841,
      "start_time": "2018-02-01T00:00:00Z"
    },
    {
      "id": 15485,
      "detail": ". - Products: MRP DANU Vina. - Using: ASP.NET MVC, LinQ, SQL Server, Stored procedure, Database First, Entity Framework, Kendo (Grid), Javascript, Jquery, Json,.",
      "company": "K.SOLUTION COMPANY",
      "end_time": "2017-10-31T00:00:00Z",
      "industry": "High Technology",
      "position": "ASP.NET DEVELOPER",
      "conf_score": 0.9420868699277866,
      "start_time": "2017-04-01T00:00:00Z"
    },
    {
      "id": 15487,
      "detail": "and Phonegap App. - Web Products: ufllvietnam.com, fcstonesvn.com, errandboy.ferya.org.- Apps: Adsplus, Newis. - Using: ASP.NET Web Form, LinQ, SQL Server Html, Css, Javascript, Jquery, Bootstrap,",
      "company": "THUMBSUP COMPANY",
      "end_time": "2017-01-31T00:00:00Z",
      "industry": "Other",
      "position": "ASP.NET DEVELOPER",
      "conf_score": 0.9501896985696431,
      "start_time": "2016-01-01T00:00:00Z"
    }
  ],
  "address": "78/22/39 Ton That Thuyet, Ward 16, District 4 City, Vietnam"
}