{
  "skills": [
    "stack",
    "docker",
    "sonar",
    "java",
    "javascript",
    "ams",
    "apache",
    "c#",
    "machine learning",
    "mongodb",
    "management",
    "bitbucket pipeline",
    "project planning",
    "io",
    "security",
    "postgresql",
    "sql database",
    "enterprise",
    "business analysis",
    "jsf",
    "git",
    "svn",
    "html5",
    "microservices architecture",
    "analysis",
    "rabbitmq",
    "microservices",
    "search",
    "android",
    "nginx",
    "network management",
    "sql",
    "css",
    "restful",
    "maven",
    "sailsjs",
    "reactjs",
    "system design",
    "socket io",
    "oracle",
    "database",
    "continuous integration",
    "jenkins",
    "lead a team",
    "jsp",
    "full stack development",
    "bitbucket",
    "php",
    "mysql",
    "system architecture"
  ],
  "fulltext": "Profile: Im Technical Architect and full-stack developer, hands-on developer over 6 years experience working on a variety of projects from conception to release. I have a passion for develop new products, feel happy when my products are useful and used by many users. My approach is create a product that will be used by over 1,000,000 concurrent users and to be a good manager. I am a confident communicator and am comfortable working either independently or as part of a team with highly responsibility. In October 2015, I was lead team Windeliv win 2nd place over 450 contestants team at Hackathon Job search innovation held by VietnamWork with product named CBOX. CBOX is an AI - a career assistant, using machine learning and natural language processing to ask and get information of users through chat and create CV for them. Skills Summary: Javascript, HTML5, CSS, ReactJS, Nodejs (Express, SailsJS, Socket.io), JAVA EE (Maven, JSF, JSP, ) Goovy on Grail PHP Phalcon, Codeinigter, Ubuntu 14.04 server installed LAMP (apache, mysql, php, ), installed NGINX, security, MySql, Oracle database server, Postgresql, MongoDB, Redshift, Source code management (Git, SVN, etc) Countinous Integration (Jenkins, Bitbucket Pipeline), Docker, Vagrant. Web Services (Restful, Soap) OpenAM SSO. RabbitMQ Microservices architecture. Education: 2007 2013 Ho Chi Minh University of Science Degree: Network Management. Employment History: QueenB JSC Fullstack Java Developer, Team Leader April 2012 April 2014 Took an active role in the full development life-cycle on both Front-end and Back-end. Worked closely with the customer to get information, business analysis, built products and fixed bugs. Successfully built and maintained a variety of customer-facing applications.(Dong Quangs Employee Management - ,C2 Saigon Travel Tour Management - KAPI, Tri Duc Pharmacy invoice, customer, employee management - bSell, etc.). From August 2013 working as Team Lead (4 members) and Project Manager.(2 Projects: Saigon Travel Tour Management - KAPI and Tri Duc Pharmacy invoice, customer, employee management - bSell). Maintained SQL databases and servers. (MySQL & Oracle) M_SERVICE JSC FullStack Developer April 2014 March 2015 Worked in MIS team. Took role as core member in full development life-cycle. Fixed bugs and maintained products. Maintained SQL databases and servers. (Oracle) Worked on both Front-end and Back-end for new features. ANDROBEAR CO.,LTD Technical Lead, Team Leader March 2015 March 2016 Played a crucial role in project planning by providing time estimates for completion of work. Researched and suggested conformed technology to build products. Undertook the responsibility of training junior developers, which involved compiling a suite of training materials. Researched and suggested conformed technology to build products. Lead team has 5 members including 2 web (PHP, Nodejs), 2 Mobile (1 Android, 1 iOS) and 1 designer. Also develop products as a developer. Successful in built and release 2 products on Apple Store and Google Store: Cancer (social network for Cancer Zodiac with over 1000 users), EasyJob (Social network for instant jobs with over 15000 users). SUTRIX SOLUTION Technical Architect April 2016 July 2017 Support Project Manager on technical solutions for PHP, nodejs, infrastructure. Design system architecture for software (PHP, nodejs, infrastructure). Analyze system architecture of enterprise software. Setup continuous integration (Jenkins, Bitbucket Pipeline) & coding standards scanner (Sonar Qube) for projects. Manage Team Member and Team Leader on development for project quality. Training Team on NodeJS to help team improve their skill to work with high level technical client. Support Team on Code Review for guranty code quality. Involve to projects as a senior developer to help team delivery ontime in some high workload projects. Communicate with high level technical client and help team to understand the technical specs. Giving technical solutions for some critical problems. Create Technical Specs Documents. ONSOLVE Senior Software Engineer July 2017 - Present Develop real-time notifications service which handle over 500,000 concurrent connections by NodeJS and C# (Microservices). Leading and training team member on NodeJS. Support TA to design architecture for whole system. Research and training team in new technology. Additional Info: Preferred Work Location: Ho Chi Minh City Win 2nd Place at Hackathon 2015 held by Vietnamworks",
  "educations": [
    {
      "id": 4635,
      "gpa": null,
      "major": "Network Management.",
      "school": "Ho Chi Minh University of Science",
      "diploma": "Bachelors",
      "end_time": "2013-01-01T00:00:00Z",
      "conf_score": 0.7551834254203837,
      "start_time": "2007-01-01T00:00:00Z",
      "picklist_major": "Other",
      "major categories": "",
      "major_categories_detail": ""
    }
  ],
  "experiences": [
    {
      "id": 15492,
      "detail": "Develop real-time notifications service which handle over 500,000 concurrent connections byNodeJS and C# (Microservices). Leading and training team member on NodeJS. Support TA to design architecture for whole system. Research and training team in new technology.",
      "company": "ONSOLVE",
      "end_time": "2023-04-13T00:00:00Z",
      "industry": "Other",
      "position": "Senior Software Engineer",
      "conf_score": 0.9219483572670066,
      "start_time": "2017-07-01T00:00:00Z"
    },
    {
      "id": 15494,
      "detail": "Support Project Manager on technical solutions for PHP, nodejs, infrastructure. Design system architecture for software (PHP, nodejs, infrastructure). Analyze system architecture of enterprise software. Setup continuous integration (Jenkins, Bitbucket Pipeline) & coding standards scanner (Sonar Qube) for projects. Manage Team Member and Team Leader on development for project quality. Training Team on NodeJS to help team improve their skill to work with high level technical client. Support Team on Code Review for guranty code quality. Involve to projects as a senior developer to help team delivery ontime in some high workload projects. Communicate with high level technical client and help team to understand the technical specs. Giving technical solutions for some critical problems. Create Technical Specs Documents.",
      "company": "SUTRIX SOLUTION",
      "end_time": "2017-07-31T00:00:00Z",
      "industry": "High Technology",
      "position": "Technical Architect",
      "conf_score": 0.9313091050096047,
      "start_time": "2016-04-01T00:00:00Z"
    },
    {
      "id": 15496,
      "detail": "Played a crucial role in project planning by providing time estimates for completion of work. Researched and suggested conformed technology to build products. Undertook the responsibility of training junior developers, which involved compiling a suite of training materials. Researched and suggested conformed technology to build products. Lead team has 5 members including 2 web (PHP, Nodejs), 2 Mobile (1 Android, 1 iOS) and 1 designer. Also develop products as a developer. Successful in built and release 2 products on Apple Store and Google Store: Cancer (social network for Cancer Zodiac with over 1000 users), EasyJob (Social network for instant jobs with over 15000 users).",
      "company": "ANDROBEAR CO.,LTD",
      "end_time": "2016-03-31T00:00:00Z",
      "industry": "Other",
      "position": "Technical Lead, Team Leader",
      "conf_score": 0.9178413110670213,
      "start_time": "2015-03-01T00:00:00Z"
    },
    {
      "id": 15498,
      "detail": "Worked in MIS team. Took role as core member in full development life-cycle. Fixed bugs and maintained products. Maintained SQL databases and servers. (Oracle) Worked on both Front-end and Back-end for new features.",
      "company": "M_SERVICE JSC",
      "end_time": "2015-03-31T00:00:00Z",
      "industry": "Other",
      "position": "FullStack Developer",
      "conf_score": 0.9089868123963978,
      "start_time": "2014-04-01T00:00:00Z"
    },
    {
      "id": 15500,
      "detail": "Took an active role in the full development life-cycle on both Front-end and Back-end. Worked closely with the customer to get information, business analysis, built products and fixed bugs. Successfully built and maintained a variety of customer-facing applications.(Dong Quangs Employee Management - ,C2 Saigon Travel Tour Management - KAPI, Tri Duc Pharmacy invoice, customer, employee management - bSell, etc.). From August 2",
      "company": "QueenB JSC",
      "end_time": "2014-04-30T00:00:00Z",
      "industry": "Other",
      "position": "Fullstack Java Developer, Team Leader",
      "conf_score": 0.9103244691196716,
      "start_time": "2012-04-01T00:00:00Z"
    },
    {
      "id": 15501,
      "detail": "ects:Saigon Travel Tour Management - KAPI and Tri Duc Pharmacy invoice, customer, employee management - bSell).",
      "company": "QueenB JSC",
      "end_time": "2013-12-31T00:00:00Z",
      "industry": "Other",
      "position": "Team Lead",
      "conf_score": 0.7621538175565864,
      "start_time": "2013-08-01T00:00:00Z"
    }
  ],
  "address": null
}