{
  "skills": [
    "brand positioning",
    "supply chain",
    "supply chain management",
    "quality management",
    "team management",
    "energetic",
    "testing",
    "problem solving skills",
    "marketing",
    "activity in commercial",
    "index",
    "management",
    "market research",
    "sales",
    "clarify",
    "problem solving"
  ],
  "fulltext": "EXPERIENCES ASSISTANT BRAND MANAGER Jul 2017 Jul 2018 LG VINA COSMETIC Fully in charge of luxury cosmetic brand O HUI tasks including: Work closely with sales department (Direct Sales, Store Sales, Sale Online, Sales Planning, etc.) to increase sales index. Research competitors monthly Visit market to analyze brand issues and understand industry trends Prepare and analyze reports: sales performance, campaign performance, etc. Execute marketing activities including launching events, activations, promotions, etc. Fully in charged digital channel of brands: facebook, e-commerce, advertising, etc. Permanently collaborate with factory for import and export of products, stock management, quality control, etc. Make sure product will be standardized with Quality Control team and Supply Chain Management team Co-ordinate with Korea Marketing team to prepare imported documents and promote plan to develop O HUI in Vietnam Market. Manage agencies for brands campaigns. MARKETING RESEARCH ASSOCIATE Oct 2015 Jul 2017 KANTAR MILLWARD BROWN VIETNAM Managing and shaping a research project from start to finish with guidance from managers (mostly involving FMCG clients such as Nestle, Pepsi, Unilever, etc.), task including: Work with CMI/brand teams to explore & clarify business backgrounds, needs & objectives Contribute ideas for research design and analytic approach to solve problems and write proposals Develop questionnaires and field surveys to collect consumer data Collect, interpret and communicate market information/insights especially for branding, advertising, develping products Write reports that include effective summaries, narratives & demonstrations (tables, graphs, etc.) Conduct market research as needed, including but not limited to Brand Positioning, Advertising Research, Attitude & Usage, Packaging & Label Research, Product Usage/claims Tests , etc. Key: Samsung maximisise displaying ads, POSM in-store quality achievements Friesland Campina - Dutch Girl, Active 20+ TVC brainstorming and evaluate idea direction, TVC testing for succesfull communication Coke Coffee Cocacola Understanding Consumers Usage and Attitudes Concept evaluatiTaste testi to launch new prctsLI THI NGOC TRAM Address: 68, No.3 Street, Binh Hung Hoa A, Binh Tan District, HCMC Phone: 0938 11 5653 Email: Tram.latn@gmail.com ABOUT ME Energetic, dedicated employee with strong inquiring mind, interpersonal, and problem solving skills Strong understanding about commercial activities in FMCG industry Good team player, who well adapt to high pressure working environment to deliver team goals EDUCATION BACHELOR OF COMMERCE MARKETING RMIT University Top 15% student in 2015 - Graduate with flying colors THANK YOU Powered by TCPDF (www.tcpdf.org)",
  "educations": [
    {
      "id": 4641,
      "gpa": null,
      "major": "Marketing",
      "school": "RMIT University",
      "diploma": "Bachelors",
      "end_time": "2015-01-01T00:00:00Z",
      "conf_score": 0.7369032366983922,
      "start_time": null,
      "picklist_major": "Marketing",
      "major categories": "Business and management",
      "major_categories_detail": "Business"
    }
  ],
  "experiences": [
    {
      "id": 15517,
      "detail": "Fully in charge of luxury cosmetic brand O HUI tasks including:Work closely with sales department (Direct Sales, Store Sales, Sale Online, Sales Planning, etc.) to increase sales index.Research competitors monthlyVisit market to analyze brand issues and understand industry trendsPrepare and analyze reports: sales performance, campaign performance, etc.Execute marketing activities including launching events, activations, promotions, etc.Fully in charged digital channel of brands: facebook, e-commerce, advertising, etc.Permanently collaborate with factory for import and export of products, stock management, quality control, etc.Make sure product will be standardized with Quality Control team andSupply Chain Management teamCo-ordinate with Korea Marketing team to prepare imported documents and promoted plan to develop O HUI in Vietnam Market. Manage agencies for brands campaigns.",
      "company": "LG VINA COSMETIC",
      "end_time": "2018-07-31T00:00:00Z",
      "industry": "Manufacturing",
      "position": "ASSISTANT BRAND MANAGER",
      "conf_score": 0.9542271074073599,
      "start_time": "2017-07-01T00:00:00Z"
    },
    {
      "id": 15519,
      "detail": "Managing and shaping a research project from start to finish with guidance from managers (mostly involving FMCG clients such as Nestle, Pepsi, Unilever, etc.), task including:Work with CMI/brand teams to explore & clarify business backgrounds, needs & objectivesContribute ideas for research design and analytic approach to solve problems and write proposalsDevelop questionnaires and field surveys to collect consumer dataCollect, interpret and communicate market information/insights especially for branding, advertising, develping productsWrite reports that include effective summaries, narratives & demonstrations (tables, graphs) , etc.)Conduct market research as needed, including but not limited to Brand Positioning, Advertising Research, Attitude & Usage, Packaging & Label Research, Product Usage/claims Tests, etc.Key achievements:Samsung - maximisise displaying ads, POSM in- storeFriesland Campina - Dutch Girl, Active 20+ TVC - brainstorming and evaluate idea direction, TVC testing for succesfull communicationCoke - Coffee Cocacola - Understanding Consumers Usage and Attitudes Concept evaluatiTaste testi to launch new pr cts",
      "company": "KANTAR MILLWARD BROWN VIETNAM",
      "end_time": "2017-07-31T00:00:00Z",
      "industry": "Other",
      "position": "MARKETING RESEARCH ASSOCIATE",
      "conf_score": 0.9542271074073599,
      "start_time": "2015-10-01T00:00:00Z"
    }
  ],
  "address": "68, No.3 Street, Binh Hung Hoa A, Binh Tan District, Ho Chi Minh City"
}