{
  "skills": [
    "management",
    "team management",
    "css",
    "c++",
    "java",
    "nunit",
    "git",
    "vba",
    "reactjs",
    "html",
    "linux",
    "full stack development",
    "game development",
    "mysql",
    "insurance",
    "redux",
    "jquery",
    "angular",
    "adapting",
    "unit test",
    "sql",
    "uml",
    "c#",
    "stack",
    "javascript",
    "oop",
    "database",
    "database design",
    "rabbitmq",
    "xml",
    "mvc",
    "jenkins",
    "frontend development",
    "php",
    "software development",
    "backend development",
    "android",
    "erp system",
    "tester",
    "qunit",
    "scrum master",
    "asp",
    "problem solving"
  ],
  "fulltext": "EDUCATION2011 INDUSTRIAL UNIVERSITY OF HO CHI MINH CITYMajor: Computer Science Engineer20152011 2015JOIN THE COMPETITION ACM AT UNIVERSITY OFSCIENCE (2012-2013)Certified Internship in TMA solutions (2015 )WORK EXPERIENCEAug 2018NICHIETSU SOFTWAREDeveloper Full-Stack (Key member - Size of trainee) your project team: 3 members- Project description: Build an app to read recipeinformation from the ES4 machine, workingwith semiconductor devices, keyboard, touch panel- Works description: supporting team management,communicating onsite, analyzing the requirementfrom Japanese customer, write app auto controlthe third app.- Skills: C#, C++, NUnitDec 2017ISOL SOFTWARE (ERP)Developer Full-Stack (Key member)Jul 2018- Size of your project team: 14 members- Project description: Build a web app for ERPSystem- Works description: supporting team managementand technology, writing Architecture DesignDocument, supporting database design, workingwith the fingerprint device, electronic board, updating and fixing project framework, analyzingrequirements (with PO, Scrum Master, Technicalleader), sharing soft skills (team, how to be aleader),. .v.v..- Skills: ReactJS, Redux, rabbitMQ, HTML - CSS -Java - MySQL - MicroservicesMay 2016Nov 2017FPT SOFTWAREDeveloper Full-Stack (Front End Leader - TestLeader) (Phase 1 - 3)- Size of your project team : 5 - 9 members- Size of your frontend team: 2 - 5 members- Project description: Build a web app for aninsurance company.- Works description: meeting with the Japanesecustomer, solving the problem, managing team, estimating, training technology for fresher .v.v- Skills: Angular JS - JQuery - Canvas - Map -Test - GIT - Javascript - HTML - CSS - JavaGiang Tri DatDeveloperCONTACT INFORMATIONJuly 03, 1993 Male 0838832129 giatridat93@gmail.com39, N11 Street, Buu Long ward, Bien Hoa city, Dong Nai province https://www.facebook.com/achive.jang SKILLSGITC/C++C#HTML/CSS/JS/ XMLASP.NET MVC 5JAVAMS SQLPOWERSHELLVBAANGULAR JSLINUXPHPJQUERYTESTREACT JSREDUXJENKINS/ARCHIVARABBITMQ OBJECTIVECareer orientation and desire for jobadvancement I want to work in a professional,competitive environment where I can find manyopportunities to advance myself. INTERESTSTravelMusicPhotographySoccerJan 2016Mar 2016FPT SOFTWAREDeveloper Frontend- Size of your project team: 5 members- Project description: Build a web map- Skills: Open Map Layer - IndexedDB - QUnit (Unittest) - OOP - Document(UML-Detailed Design..v..v .) - JavascriptMar 2016May 2016FPT SOFTWARETester- Size of your project team: 400 members- Project description: Build an app android- Skills: Unit test - Create and execute test caseJuly 2015Dec 2015FPT SOFTWAREDeveloper Backend- Project description: Writing tool convert fromEnglish to Japanese of game and editing sourcecode game with NScript Language.- Programming language: VBA - Nscript2011 PresentCHARITY- Helping child live in the Orphanage ACTIVITIES2015English certification: CNov 2015Fresher Java certification CERTIFICATIONSADDITIONAL INFORMATION 2017: TOEIC 590 Good communication, presentation, interpersonal, problem-solving, etc. Absorbing new technologies quickly. Ability to work well independently or in the group. Ability to learn better self. Adapting quickly to theenvironment. Reading materials in English is good. Planning and controlling time for myself. Management skills. Core value: Integrity - Respect to other - Accountability -Remove roadblock - Share experience - Help each other. Strength: There're optimism, perseverance, responsibility inwork and in life before all the worst. Work plans. There isassertive confidence. Weakness: As a perfectionist. But I'm trying to overcomethis drawback by itself.",
  "educations": [
    {
      "id": 4638,
      "gpa": null,
      "major": "Computer science",
      "school": "INDUSTRIAL UNIVERSITY OF HO CHI MINH CITY",
      "diploma": "Bachelors",
      "end_time": "2015-01-01T00:00:00Z",
      "conf_score": 0.9242047582276173,
      "start_time": "2011-01-01T00:00:00Z",
      "picklist_major": "IT - Hardware/Networking",
      "major categories": "Computer and information technology",
      "major_categories_detail": "Computer"
    }
  ],
  "experiences": [
    {
      "id": 15503,
      "detail": "Size of your project team: 3 members- Project description: Build an app to read recipe information from the ES4 machine, working with semiconductor devices, keyboard, touch panel- Works description: supporting team management, communicating onsite, analyzing the requirement from Japanese customer , write app auto control the third app.- Skills: C#, C++, NUnit",
      "company": "NICHIETSU SOFTWARE",
      "end_time": "2018-10-31T00:00:00Z",
      "industry": "High Technology",
      "position": "Developer Full - Stack (Key member - trainee)",
      "conf_score": 0.9111812961351613,
      "start_time": "2018-08-01T00:00:00Z"
    },
    {
      "id": 15504,
      "detail": "Size of your project team: 14 members- Project description: Build a web app for ERP System - Works description: supporting team management and technology, writing Architecture Design Document, supporting database design, working with the fingerprint device, electronic board, updating and fixing project framework, analyzing requirements (with PO, Scrum Master, Technical leader), sharing soft skills (team, how to be a leader),..v..v..- Skills: ReactJS, Redux, rabbitMQ, HTML - CSS - Java - MySQL - Microservices",
      "company": "ISOL SOFTWARE (ERP)",
      "end_time": "2018-07-31T00:00:00Z",
      "industry": "High Technology",
      "position": "Developer Full - Stack (Key member)",
      "conf_score": 0.905449349642689,
      "start_time": "2017-12-01T00:00:00Z"
    },
    {
      "id": 15505,
      "detail": "(Phase 1 - 3) - Size of your project team: 5 - 9 members- Size of your frontend team: 2 - 5 members- Project description: Build a web app for an insurance company.- Works description: meeting with the Japanese customer , solving the problem, managing team, estimating, training technology for fresher .v.v. Skills: Angular JS - JQuery - Canvas - Map - Test - GIT - Javascript - HTML - CSS - Java",
      "company": "FPT SOFTWARE",
      "end_time": "2017-11-30T00:00:00Z",
      "industry": "High Technology",
      "position": "Developer Full - Stack (Front End Leader - TestLeader",
      "conf_score": 0.9111812961351613,
      "start_time": "2016-05-01T00:00:00Z"
    },
    {
      "id": 15506,
      "detail": "- Size of your project team: 400 members- Project description: Build an app android- Skills: Unit test - Create and execute test case",
      "company": "FPT SOFTWARE",
      "end_time": "2016-05-31T00:00:00Z",
      "industry": "High Technology",
      "position": "Tester",
      "conf_score": 0.9125776658202421,
      "start_time": "2016-03-01T00:00:00Z"
    },
    {
      "id": 15507,
      "detail": "- Size of your project team: 5 members- Project description: Build a web map- Skills: Open Map Layer - IndexedDB - QUnit (Unit test) - OOP - Document(UML-Detailed Design..v.v.) - Javascript",
      "company": "FPT SOFTWARE",
      "end_time": "2016-03-31T00:00:00Z",
      "industry": "High Technology",
      "position": "Developer Frontend",
      "conf_score": 0.9166535282364164,
      "start_time": "2016-01-01T00:00:00Z"
    },
    {
      "id": 15508,
      "detail": "- Project description: Writing tool convert from English to Japanese of game and editing source code game with NScript Language. - Programming language: VBA - Script",
      "company": "FPT SOFTWARE",
      "end_time": "2015-12-31T00:00:00Z",
      "industry": "High Technology",
      "position": "Developer Backend",
      "conf_score": 0.9125776658202421,
      "start_time": "2015-07-01T00:00:00Z"
    }
  ],
  "address": "39, N11 Street, Buu Long ward, Bien Hoa city, Dong Nai province"
}