{
  "skills": [
    "sc",
    "Internet",
    "symfony",
    "marketing",
    "wordpress",
    "responsive",
    "javascript",
    "redux",
    "banking",
    "e service",
    "frontend development",
    "jquery",
    "git",
    "svn",
    "marketing strategy",
    "router",
    "email marketing",
    "medium",
    "eye for detail",
    "serverless",
    "css",
    "oop",
    "github",
    "le",
    "reactjs",
    "magento",
    "html document",
    "agile",
    "personal loan",
    "html",
    "training documents"
  ],
  "fulltext": "TRAN QUANG THIEN kuangthien@gmail.com 84 (0) 981 341 850 linkedin.com/in/kuangthien github.com/kuangthien SUMMARY A 9-years-experienced front-end developer specializing in (x)HTML, (S)CSS and ReactJS with the ability of working in an international team. A good team player in a cross-functional Agile team, comfortable to perform in Large-Scale Scrum (LeSS) framework as well as Scrum of Scrums (SoS) framework. Having a keen eye for details and a passion of asking WHY questions. PROFESSIONAL EXPERIENCES June 2016 to present more than 3 years Senior Front-end Developer FPT Software (HCM city, Vietnam) www.fpt-software.com Vietnams largest and one of the fastest growing software outsourcing companies - Develop single page applications using HTML/SCSS and ReactJS - Develop training documents for team members - Experienced of working in Agile environment Technologies ReactJs / Redux / React Router Webpack / SCSS/ CSS in JS JAMstack / NodeJs Serverless function ... Projects Products Clients 2019 Robo Advisor Additiv Sg 2018 Personal Loan App Customer Service Center App TymeBank Digital 2017 Internet Banking App Personal Loan App Commonwealth Bank 2016 Web Games - eMobiz Solution Massan, Prudential and Mondelez Live sites https://bank.tymedigital.co.za https://kta.commbank.co.id Dec 2015 to April 2016 5 months Magento Front-end Developer SmartOsc Co., Ltd (Hanoi, Vietnam) www.smartosc.com Premium, full service e-commerce agency for leading brands and e-tailers - Develop e-commerce websites using Magento - Develop POS solution - www.connectpos.com Jan 2013 to Sep 2015 2 years 9 months Front-end Team Leader Sutunam Vietnam Co., Ltd (Hanoi, Vietnam) www.sutunam.com A very young French start-up in digital media - Daily deal with CMS open sources such as Symfony, Magento and Wordpress - Fluent in HTML/CSS/SCSS, jQuery and responsive design 25 projects: cresus.fr, trolleydeslumieres.com, MyScooterama.com, diary.club75.fr, tableinbox. com, chocolaterieonline.com, artgato. com, sabeko.fr, boutique-plus.com, Sportroops Mobile App, Feb 2012 to present 3 years and more Web Freelancer Self-employed (Hanoi, Vietnam) - www.kuangthien.com - Design web interfaces: be.net/kuangthien - Develop and maintain websites for online campaigns - Optimize SEO on-site and consult online strategies for SME - Convert PSD designs to HTML documents/ HTML Emails 17 projects: tap4offers.co.uk, recruit.net, ivivu.com, m.vtc .vn, vietnamidol.com.vn , mtvvietnam.com.vn, expertrans.com, Jul 2010 Sep 2011 1 year 2 month x)HTML/CSS Developer SmartOsc Co., Ltd (Hanoi, Vietnam) - www.smartosc.com Top Magento Solution Partner in Asia - Convert PSD designs into Magento templates and cross browser - Convert designs of email campaign to HTML Emails for 80spurple.com, jackjones.com - Study and implement SEO, email marketing strategies in e-marketing team 15 projects: 80spurple.com, joshsfrogs.com, smartosc.com, nongsanngon.com,... EDUCATION BACKGROUND FPT School of Business - FPT University Mini-MBA Certificate 2014 Hanoi Aptech Education Center, Vietnam Higher Diploma in Software Engineering (HDSE ACCP 2008) SKILLS Technologies HTML, CSS/SCSS, Javascript Knowledge OOP, RDBMS and GIT/SVN Foreign Languages ​​English communication and French basic Soft Skills Working in group and leadership REFERENCES Tran Thu Trang Head of Marketing MTV Vietnam- www.mtvvietnam.com.vn 0936.603.579 Trangtt@gmail.com Romain Lavaud Project Leader Sutunam Vietnam www.sutunam.com 01202.036.950 rlavaud@sutunam.com Maneck Mohan CEO www.recruit.net +852 2525 0555 maneck@recruit.net Powered by TCPDF (www.tcpdf.org )",
  "educations": [
    {
      "id": 4648,
      "gpa": null,
      "major": null,
      "school": "FPT School of Business",
      "diploma": "Bachelors",
      "end_time": "2014-01-01T00:00:00Z",
      "conf_score": 0.7442335648804633,
      "start_time": null,
      "picklist_major": "Other",
      "major categories": "",
      "major_categories_detail": ""
    },
    {
      "id": 4649,
      "gpa": null,
      "major": "Software technology",
      "school": "Hanoi Aptech Education Center",
      "diploma": "Other",
      "end_time": "2008-01-01T00:00:00Z",
      "conf_score": 0.782952685691208,
      "start_time": null,
      "picklist_major": "IT - Hardware/Networking",
      "major categories": "Computer and information technology",
      "major_categories_detail": "Computer"
    }
  ],
  "experiences": [
    {
      "id": 15535,
      "detail": "HCM city, Vietnam) - www.fpt-software.comVietnams largest and one of the fastest growing software outsourcing companies- Develop single page applications using HTML/SCSS and ReactJS - Develop training documents for team members- Experienced of working in Agile environmentTechnologies ReactJs / Redux / React Router Webpack / SCSS/ CSS in JS JAMstack / NodeJs Serverless function ... Projects Products Clients 2019 Robo Advisor Additiv Sg 2018 Personal Loan App Customer Service Center App TymeBank Digital 2017 Internet Banking App Personal Loan App Commonwealth Bank 2016 Web Games - eMobiz Solution Massan, Prudential and Mondelez Live sites https://bank.tymedigital.co.za https://kta.commbank.co.id",
      "company": "FPT Software",
      "end_time": "2023-04-13T00:00:00Z",
      "industry": "High Technology",
      "position": "Senior Front - end Developer",
      "conf_score": 0.9264139694127339,
      "start_time": "2016-06-01T00:00:00Z"
    },
    {
      "id": 15537,
      "detail": "Self-employed (Hanoi, Vietnam) - www.kuangthien.com- Design web interfaces: be.net/kuangthien- Develop and maintain websites for online campaigns- Optimize SEO on-site and consult online strategies for SME - Convert PSD designs to HTML documents/ HTML Emails 17 projects: tap4offers.co.uk, recruit.net, ivivu.com, m.vtc.vn, vietnamidol.com.vn , mtvvietnam.com.vn, expertrans.com, ...",
      "company": "Sutunam Vietnam Co., Ltd",
      "end_time": "2023-04-13T00:00:00Z",
      "industry": "Other",
      "position": "Web Freelancer",
      "conf_score": 0.7050867654707917,
      "start_time": "2012-02-01T00:00:00Z"
    },
    {
      "id": 15539,
      "detail": "Hanoi, Vietnam) - www.smartosc.comPremium, full service e-commerce agency for leading brands and e-tailers- Develop e-commerce websites using Magento - Develop POS solution - www.connectpos.com",
      "company": "SmartOsc Co., Ltd",
      "end_time": "2016-04-30T00:00:00Z",
      "industry": "High Technology",
      "position": "Magento Front - End Developer",
      "conf_score": 0.8044357220536977,
      "start_time": "2015-12-01T00:00:00Z"
    },
    {
      "id": 15541,
      "detail": "Hanoi, Vietnam) - www.sutunam.comA very young French start-up in digital media- Daily deal with CMS open sources such as Symfony, Magento andWordpress - Fluent in HTML/CSS/SCSS, jQuery and responsive design25 projects: cresus.fr , trolleydeslumieres.com, MyScooterama.com, diary.club75.fr, tableinbox.com, chocolaterieonline.com, artgato. com, sabeko.fr, boutique-plus.com, Sportroops Mobile App, ...",
      "company": "Sutunam Vietnam Co., Ltd",
      "end_time": "2015-09-30T00:00:00Z",
      "industry": "Other",
      "position": "Front - end Team Leader",
      "conf_score": 0.9264139694127339,
      "start_time": "2013-01-01T00:00:00Z"
    },
    {
      "id": 15543,
      "detail": "(Hanoi, Vietnam) - www.smartosc.comTop leading Magento Solution Partner in Asia - Convert PSD designs into Magento templates and cross browser- Convert designs of email campaign to HTML Emails for 80spurple.com, jackjones.com...- Study and implement SEO, email marketing strategies in e-marketing team15 projects: 80spurple.com, joshsfrogs.com, smartosc.com, nongsanngon.com,...",
      "company": "SmartOsc Co., Ltd",
      "end_time": "2011-09-30T00:00:00Z",
      "industry": "High Technology",
      "position": "x)HTML/CSS Developer",
      "conf_score": 0.8044357220536977,
      "start_time": "2010-07-01T00:00:00Z"
    }
  ],
  "address": null
}