{
  "skills": [
    "sc",
    "task planning",
    "babe",
    "solution design",
    "management",
    "blockchain",
    "io",
    "rail",
    "mvp",
    "ea",
    "android",
    "github",
    "software development",
    "reactjs",
    "npm",
    "dia",
    "agile",
    "google maps"
  ],
  "fulltext": "Phu Tang Hong Software Developer (+84) 93 8 302 678 phutanghong@gmail.com Skype: phutanghong89 Github: https://github.com/thphu PROFILE I'm a softae deelope ith + eas epeience in softae indust. I had eas epeience in Andoid. Then I joined Jaascipt old and leaned eact eact-natie and eactjs, I built a eact-natie app fom scatch make it testable, maintainable and scalable. No Im oking at a blockchain statup compan, most of the time I pla ith ReactJS Dapp and build a liba to connect beteen blockchain and JS old nodeJS and fontend stuff. EXPERIENCE KardiaChain Softare engineer Apr 2018 - Present Reseach blockchain technolog, build demo dapp using solidit smat contact and ReactJS, build jaascipt liba to connect to blockchain. Emploment Hero Frontend deeloper Mar 2016 - Apr 2018 Maintain old esion and deelop ne mobile application using React-natie technolog, suppot backend deelope, poject manage design solutions. 59Media Senior Android deeloper Apr 2014 - Feb 2016 Deelop and maintain mobile applications as euest fom client, poide poject plans, eif solution, suppot and design mobile solutions and tain ne comme. Vina Source Senior Android deeloper Nov 2013 - Mar 2014 Deelop and maintain mobile applications as euest fom client. SKILLS React: / Blockchain: / Andoid: / Rub on Rails: / AWARDS KardiaChain e had an adantage tip ith blockchain, decentalize sstem. I also built a JS liba to connect blockchain to JS old. Emploment Hero We built a ne mobile app using React-natie, edu testable, scalable and maintainable. 59Media e built the fist smat alkie talkie app fo a Singapoe statup using mobile ebsocket, built a small team ith people and doe them b agile. TMA solutions e ee the fist mobile team in the compan, helped client to build a mobile fameok fo hotel management indust. LANGUAGES Jaa Andoid JaasciptReactJS and React-Natie Solidit Rub Rub on Rails Tma Solutions Android deeloper Nov 2011 - Oct 2013 Deelop and maintain mobile applications as euest fom client, eif solution and tain ne comme. EDUCATION Post and Telecommunication Institute of Technolog Bachelor - Major: Softare engineering 2007 - 2012 PROJECTS KardiaScan - JS tool URL: http://scan.kadiachain.io/ NPM: https://.npmjs.com/package/kadia-tool Tech : Jaascipt, babel, ReactJs, Redu, Functional pogamming. Responsibilities: build a website and JS-liba help kadia chain monito health of blockchain, help dapp deelope deplo and test smat contact. KardiaEchange URL: https://echange.kadiachain.io Youtube demo: https://.outube.com/atch?=MYOEAec Technolog: ReactJs, Redu, Functional pogamming, solidit smat contact, ebJS, kadiatool, etc. Responsibilities: Build a demo to sho coss-chain dapp communication - ke alue of Kadiachain. SchoolProfile Electronic School Report URL: http://hocba.kadiachain.io/ Technolog: ReactJs, Redu, Functional pogamming, solidit smat contact, ebJS, kadiatool, etc. Responsibilities: MVP demo to real use case of blockchain. piate chain Emploment Hero URL: iOS: https://itunes.apple.com/app/emploment-pig-mobile/id?mt= Andoid: https://pla.google.com/stoe/apps/details?id= com.ehlife Tech: React-natie, Redu, Functional pogamming. Responsibilities: Build technical solution, point UI/UX, and maintain this app form at the beginning. MarketOi URL: https://maketoi.com/ Tech: ReactJs, Redu, Redu obseable, Functional pogamming. Responsibilities: Maintain, bugs fiing and build ne cat featue base on mateial design Booking movie URL: https://github.com/thphu/small_moie Tech: Rub on Rails Responsibilities: mini poject to leaning Rub and Rails. Scrap to Value Freelancer project URL: https://pla.google.com/stoe/apps/details?id=com.elia.st.agpicke https://pla.google.com/stoe/apps/details?id= com.elia.st.use Tech: Andoid SDK, google map naigation. Responsibilities: Implement andoid platform. VoicePing URL: https://pla.google.com/stoe/apps/details?id=com.media.oiceping.stoe Tech: Andoid SDK, ebsocket, NDK, Audio codec. Responsibilities: Aange tasks, planning and epot poject status to diecto. Implement coe logic. Veif solution code eie and guide junio deelpes. Planning and estimation. Communicate ith iOS and backend, design API and message. Powered by TCPDF (www.tcpdf.org)",
  "educations": [
    {
      "id": 4647,
      "gpa": null,
      "major": "Software technology",
      "school": "Post and Telecommunication Institute of Technology",
      "diploma": "Bachelors",
      "end_time": "2012-01-01T00:00:00Z",
      "conf_score": 0.8628522234367149,
      "start_time": "2007-01-01T00:00:00Z",
      "picklist_major": "IT - Hardware/Networking",
      "major categories": "Computer and information technology",
      "major_categories_detail": "Computer"
    }
  ],
  "experiences": [
    {
      "id": 15534,
      "detail": "Resea ch blockchain technolog , build demo dapp using solidit sma t cont act and ReactJS, build ja asc ipt lib a to connect to blockchain.",
      "company": "KardiaChain",
      "end_time": "2023-04-13T00:00:00Z",
      "industry": "Other",
      "position": "Soft are engineer",
      "conf_score": 0.8971113975982192,
      "start_time": "2018-04-01T00:00:00Z"
    },
    {
      "id": 15536,
      "detail": "Maintain old e sion and de elop ne mobile application usingReact-nati e technolog , suppo t backend de elope , p oject manage design solutions.",
      "company": "Emp",
      "end_time": "2018-04-30T00:00:00Z",
      "industry": "Other",
      "position": "Frontend developer",
      "conf_score": 0.8598323488447718,
      "start_time": "2016-03-01T00:00:00Z"
    },
    {
      "id": 15538,
      "detail": "De elop and maintain mobile applications as e uest f om client, p o ide p oject plans, e if solution, suppo t and design mobile solutions and t ain ne comme .",
      "company": "59Media",
      "end_time": "2016-02-29T00:00:00Z",
      "industry": "Other",
      "position": "Senior Android de eloper",
      "conf_score": 0.8971113975982192,
      "start_time": "2014-04-01T00:00:00Z"
    },
    {
      "id": 15540,
      "detail": "De elop and maintain mobile applications as e uest f om client.",
      "company": "Vina Source",
      "end_time": "2014-03-31T00:00:00Z",
      "industry": "Other",
      "position": "Senior Android de eloper",
      "conf_score": 0.8971113975982192,
      "start_time": "2013-11-01T00:00:00Z"
    },
    {
      "id": 15542,
      "detail": "De elop and maintain mobile applications as e uest f om client, e if solution and t ain ne comme .",
      "company": "Tma Solutions",
      "end_time": "2013-10-31T00:00:00Z",
      "industry": "High Technology",
      "position": "Android de eloper",
      "conf_score": 0.8971113975982192,
      "start_time": "2011-11-01T00:00:00Z"
    }
  ],
  "address": null
}