{
  "skills": [
    "rtsp",
    "streaming",
    "java",
    "git",
    "c++",
    "agile",
    "iar",
    "real time streaming",
    "python",
    "linux",
    "leadership skills",
    "streaming protocol",
    "electronics engineering",
    "cgi",
    "unit test",
    "software development methodology",
    "linux kernel",
    "protocol",
    "mvc",
    "docker",
    "teamwork",
    "software development",
    "system design",
    "management",
    "communication skills",
    "problem solving"
  ],
  "fulltext": "CURRICULUM VITAE PERSONAL INFORMATION Full name: Tran Dao Long Gender: Male Date of birth: January 31st, 1993 University: Ho Chi Minh City University of Technology Faculty: Faculty of Electrical and Electronics Engineering Contact address: 161D/104/42 Lac Long Quan Street , District 11, Ho Chi Minh City. Phone number: +84705110794 Email: trandaolong@gmail.com Skype: trandaolong CAREER OBJECTIVES Working in a professional and challenging environment. Seeking a position where technical knowledge and leadership skill can be used in the best possible way for achieving the companys goals. EDUCATION 2011 4/2016: Ho Chi Minh City University of Technology Scholarship from Kanden System Solution of Japan Sunflower Mission Engineering and Technology Scholarship 2015 GPA: 8.3/10 Honors program 2008 2011: Chu Van An High School/ Ninh Thuan Province Certification of third prize 11th grade in Mathematical Competition at province level and third prize in South Vietnam Mathematical Olympiad (April 30 Mathematical Olympiad). First prize and third prize in The Road to Olympia peak Competition: this is a famous game show hold annual in Vietnam for high school students. This competition requires knowledge in a wide range of academic and popular categories. SKILLS Experience in Linux environment. Experience in using C, C++, Python, Java for software development Experience in Agile software development methodology. Ability to use Git, Docker Ability to learn new technology quickly. Flexibility, problem solving ability, teamwork skill and leadership skill. Ability to communicate in English well EXPERIENCES R&D engineer in DEK Technology with Edgeware project (10/2017 present) Develop software for IPTV: develop services in Linux kernel (C) and user space (C++) Write unit test (C++) and auto test ( Python) Knowledge with containers in video: MPEG, TS. Use RTSP (real time streaming protocol) for communication between Set-top box and server Use Docker to establish the environment for building and debugging software Software Engineer in Robert Bosch India and Vietnam on Car Multimedia project (6/2015 10/2017) Design system with MVC (Model-View-Controller) architecture Use CGI, IAR to design View and Controller Develop for Model by C++ in Linux environment Member in Pay It Forward Club (Scientific research club in faculty of electrical and electronics engineering). Scientific research project (Projects name: Support System for Motorbike): The main purpose of this project is to decrease the number of people who die of traffic accidents and update the status of the roads automatically to notify that information to everyone who uses a motorbike. VOLUNTEER/ SOCIAL ACTIVITIES Green Summer 2013 in Tra Vinh province - building constructions and teaching children. Participate in extra activities in Pay It Forward Club. Learning Points for experiences and social activities: team work skill, self-study skill, communication skill, time management skill and leadership skill. CHARACTERS AND HOBBIES Characters: Active, enthusiastic, hardworking and responsible. Have a good sense of humour and get on easily with people. Hobbies: Guitar, music listening and book reading. Powered by TCPDF (www.tcpdf.org)",
  "educations": [
    {
      "id": 4646,
      "gpa": null,
      "major": null,
      "school": "Chu Van An High School",
      "diploma": "Other",
      "end_time": "2011-01-01T00:00:00Z",
      "conf_score": 0.7050867654707917,
      "start_time": "2008-01-01T00:00:00Z",
      "picklist_major": "Other",
      "major categories": "",
      "major_categories_detail": ""
    },
    {
      "id": 4645,
      "gpa": "8.3",
      "major": null,
      "school": "Ho Chi Minh City University of Technology",
      "diploma": "Bachelors",
      "end_time": "2016-04-01T00:00:00Z",
      "conf_score": 0.7723195083135149,
      "start_time": "2011-01-01T00:00:00Z",
      "picklist_major": "Other",
      "major categories": "",
      "major_categories_detail": ""
    }
  ],
  "experiences": [
    {
      "id": 15532,
      "detail": ") Develop software for IPTV: develop services in Linux kernel (C) and user space (C++) Write unit test (C++) and auto test (Python) Knowledge with containers in video: MPEG, TS. Use RTSP (real time streaming protocol) for communication between Set-top box and server Use Docker to establish the environment for building and debugging software So",
      "company": "DEK Technology",
      "end_time": "2023-04-13T00:00:00Z",
      "industry": "High Technology",
      "position": "R&D engineer",
      "conf_score": 0.9242015051317842,
      "start_time": "2017-10-01T00:00:00Z"
    },
    {
      "id": 15533,
      "detail": "ntific research club in faculty of electrical and electronics engineering). Scientific research project (Projects name: Support System for Motorbike): The main purpose of this project is to decrease the number of people who die of traffic accidents and update the status of the roads automatically to notify that information to everyone who uses a motorbike.",
      "company": "Robert Bosch India",
      "end_time": "2017-10-31T00:00:00Z",
      "industry": "Other",
      "position": "Software Engineer",
      "conf_score": 0.8974112503227706,
      "start_time": "2015-06-01T00:00:00Z"
    }
  ],
  "address": "161d/104/42 Lac Long Quan Street, District 11, Ho Chi Minh City"
}