{
  "skills": [
    "project tracking",
    "java",
    "spring cloud",
    "jira",
    "bpm",
    "j2ee",
    "parcel",
    "ubuntu",
    "security",
    "jquery",
    "unix",
    "dataflow",
    "activemq",
    "elasticsearch",
    "management information system",
    "macos",
    "virtual machine",
    "javascript",
    "bug fixing",
    "devops",
    "sps",
    "banking",
    "spring boot",
    "ams",
    "docker",
    "cloud",
    "operation system",
    "operating system",
    "information management",
    "java virtual machine",
    "identity",
    "spring",
    "centos",
    "postgresql",
    "management",
    "trello",
    "communication skills"
  ],
  "fulltext": "Tung Nguyen OBJECTIVE I have worked with Java, its frameworks and Microservice Architecture for 3 years. Absolutely, it is so attracted to me so that I would like to continue learning in depth and investigate more Java Virtual Machine and Operation System comprehensively. Beside the hard skills, I am improving the soft skills such as communication skills, explainmination skills and leadship qualities. Therefore I am looking for a professional and internal environment where I can maximize my contribution and accumulate more experience to become a Java Technical Architecture next 4 years. WORK EXPERIENCE May 2016 - PresentSwiss Post Solution Java Developer - Maintain Web-Services, Web-Applications serving Post Logistic ofSwitzerland and implement the change requests. - Research new technology and architecture for software team. - Developing the platform serving for all projects in SPS Vietnam andSPS Global. - Work with technical architect to finalize low level design and report whatinvestigating new technology for him - Use JIRA, Trello project tracking. Feb 2016 - May 2016TMA Solutions Java Developer - Develop Web-Application managing a list of UNIX command line andexecuting them automatically. PROJECTS Centralize Document Input Processing Platform (Jan 2017 - Current) Customer Swiss Post Solution Global Description - The main business of Swiss Post is Digital Data Processing. Therefore, they would like an centralize system handling the different documents and be scalable, high securities. Team size 12 My position One of three key members - Work with technical architect to finalize the low level design My responsibilities - Discuss with IT department of customer to finalize the integration mechanism - Development - Bug Fixing - Java 8 programing language - Spring Boot, Spring Data JPA/Elasticsearch, Spring Integration, Spring Cloud Config, Spring Cloud Dataflow Technologies used - ActiveMQ, Elasticsearch, PostgreSQL - Docker - WSO2 products: API Manager, Identity Server - Inubit BPM Post Logistic System (May 2016 - Dec 2016) Customer Post Logistic Switzerland Description - Post Logistic Switzerland digitalizes the parcel information and submit to the system. It validates, classifies and delivers these information to the correspond Webhooks. Team size 6 My position Java developer My responsibilities - Develop change requests from customer. - Java 8 programing language Technologies used - Spring boot, Spring Data JPA - Docker - Elasticsearch, PostgreSQL Genband Loadline Up (Feb 2016 - May 2016) Customer Internal Team TMA Description - This web-application help the devops in managing the list of UNIX command line and executing them automatically Team size 3 My position Java developer My responsibilities - Development. - Optimize code - Bug Fixing - Java programing language Technologies used - J2EE - jQuery CERTIFICATIONS 2016 Java Developer Certification from University of Science, HCMC EDUCATION Sep 2013 - May 2016 Banking University, HCMC Major: Management Information System SKILLS Programming Java, JavaScript Operating System MacOS , Windows, Ubuntu, Centos Language English INTERESTS I prefer investigating new technology that relevant Microservice Architecture and reading about computer programing and architectures. REFERENCES Mobile: 0901299856 - Mr. Dung: Team leader",
  "educations": [
    {
      "id": 4662,
      "gpa": null,
      "major": "Information manage",
      "school": "Banking University, HCMC",
      "diploma": "Bachelors",
      "end_time": "2016-05-01T00:00:00Z",
      "conf_score": 0.9192536033612259,
      "start_time": "2013-09-01T00:00:00Z",
      "picklist_major": "Administrative/Clerical",
      "major categories": "Press and information",
      "major_categories_detail": "Library Information"
    }
  ],
  "experiences": [
    {
      "id": 15588,
      "detail": "- Maintain Web-Services, Web-Applications serving Post Logistic ofSwitzerland and implement the change requests.- Research new technology and architecture for software team.- Developing the platform serving for all projects in SPS Vietnam andSPS Global. - Work with technical architect to finalize low level design and report what investigating new technology for him- Use JIRA, Trello project tracking.",
      "company": "Swiss Post Solution",
      "end_time": "2023-04-13T00:00:00Z",
      "industry": "Transportation & Logistics",
      "position": "Java Developer",
      "conf_score": 0.9166535282364164,
      "start_time": "2016-05-01T00:00:00Z"
    },
    {
      "id": 15590,
      "detail": "- Develop Web-Application managing a list of UNIX command line and executing them automatically.",
      "company": "TMA Solutions",
      "end_time": "2016-05-31T00:00:00Z",
      "industry": "High Technology",
      "position": "Java Developer",
      "conf_score": 0.9283402044765778,
      "start_time": "2016-02-01T00:00:00Z"
    }
  ],
  "address": null
}