{
  "skills": [
    "css",
    "git",
    "ruby",
    "lead a team",
    "html",
    "ubuntu",
    "mysql",
    "symfony",
    "wordpress",
    "dash",
    "marketing",
    "coffeescript",
    "javascript",
    "website development",
    "database",
    "database design",
    "protocol",
    "mobile application",
    "codeigniter",
    "ams",
    "php",
    "rail",
    "angularjs",
    "vuejs",
    "centos",
    "online shopping"
  ],
  "fulltext": "Experience(Ruby on Rails08/2016 - CurrentEvolable Asia Use Ruby on Rails, AngularJS, VueJS, CoffeeScript to develop B-Dash systems (A system built tomanage marketing data in a comprehensive and consistent way) Deploy, maintain and upgrade new projects features. PHP11/2014 - 07/2016OgilvyOne Use Drupal, Symfony and Wordpress to develop websites for a number of top MNC clients includingUnilever, Nestle, FrieslandCampina, etc. Ensure all websites and programs to be technically optimized and run properly. projects features. Build internal systems and protocols to ensure content optimisation and high-quality user experienceacross all platforms including websites, mobile, social, video, blogs, retail portals etc.Ruby on Rails04/2013 - 11/2014ZIGExN VeNtura Lead a team of 5 members on ShopZIGExN project. Used Ruby on Rails to develop job seeking (Arubaito-ex.jp) and online shopping tools for Japanesemarket Deployed, maintained and implemented new projects features. Provide high performance, manageable server for web application, mobile application using Ruby onRails. Setup and configured server (Centos, Ubuntu). Design database and architecture for the project.PHP& Html/Css2011 - 2013Digicom Corp Converted PSD to HTML & CSS (including javascripts). Created and developed websites using PHP & MySQL and other PHP frameworks such as Yii,Opencart, Codeigniter and Wordpress. Education*Bachelor of IT2008 - 2012Saigon UniversityCao Thang Technical College Best Thesis Award for students from Information & Technology facultyTran Minh TuanJob: Web DeveloperApply Position: Ruby on Rails DeveloperDate of birth: 01/01/1990I am passionate about using technology to create products and services thatimprove peoples lives and brings practical value to the community. Social Contacts /trantuanckc trantuanckc (+84) 094.640.2200 trantuanckc@gmail.com!\"#$%& SkillsRuby on Rails 85%PHP 65%HTML/CSS & Javascript (AngularJS, VueJS, CoffeeScript) 80%Server (Ubuntu/Centos) ) 65%GIT 90%'Powered by TCPDF (www.tcpdf.org)",
  "educations": [
    {
      "id": 4672,
      "gpa": null,
      "major": null,
      "school": "Saigon UniversityCao Thang Technical College",
      "diploma": "Bachelors",
      "end_time": "2012-01-01T00:00:00Z",
      "conf_score": 0.8937074928385723,
      "start_time": "2008-01-01T00:00:00Z",
      "picklist_major": "Other",
      "major categories": "",
      "major_categories_detail": ""
    }
  ],
  "experiences": [
    {
      "id": 15618,
      "detail": "Use Ruby on Rails, AngularJS, VueJS, CoffeeScript to develop B-Dash systems (A system built to manage marketing data in a comprehensive and consistent way).Deploy, maintain and upgrade new projects features.",
      "company": "Evolable Asia",
      "end_time": "2023-04-13T00:00:00Z",
      "industry": "Other",
      "position": null,
      "conf_score": 0.7721324597176661,
      "start_time": "2016-08-01T00:00:00Z"
    },
    {
      "id": 15620,
      "detail": "Use Drupal, Symfony and Wordpress to develop websites for a number of top MNC clients includingUnilever, Nestle, FrieslandCampina, etc.Ensure all websites and programs to be technically optimized and run properly.Deploy, maintain and upgrade new features.Build internal systems and protocols to ensure content optimisation and high-quality user experience across all platforms including websites, mobile, social, video, blogs, retail portals etc.",
      "company": "OgilvyOne",
      "end_time": "2016-07-31T00:00:00Z",
      "industry": "Other",
      "position": "PHP",
      "conf_score": 0.7707675877424722,
      "start_time": "2014-11-01T00:00:00Z"
    },
    {
      "id": 15622,
      "detail": "Lead a team of 5 members on ShopZIGExN project.Used Ruby on Rails to develop job seeking (Arubaito-ex.jp) and online shopping tools for Japanese market.Deployed, maintained and implemented new projects features.Provide high performance, manageable server for web application, mobile application using Ruby onRails. Setup and configured server (Centos, Ubuntu). Design database and architecture for the project.",
      "company": "ZIGExN VeNtura",
      "end_time": "2014-11-30T00:00:00Z",
      "industry": "Other",
      "position": "Ruby on Rails",
      "conf_score": 0.7707675877424722,
      "start_time": "2013-04-01T00:00:00Z"
    },
    {
      "id": 15624,
      "detail": "Converted PSD to HTML & CSS (including javascripts).Created and developed websites using PHP & MySQL and other PHP frameworks such as Yii, Opencart, Codeigniter and Wordpress.",
      "company": "Digicom Corp",
      "end_time": "2013-01-31T00:00:00Z",
      "industry": "Other",
      "position": "PHP& Html/Css",
      "conf_score": 0.8044357220536977,
      "start_time": "2011-01-01T00:00:00Z"
    }
  ],
  "address": null
}