{
  "skills": [
    "linux",
    "rxswift",
    "xpath",
    "tomcat",
    "c++",
    "ams",
    "apache",
    "cocos2d",
    "xml",
    "studio",
    "io",
    "sql database",
    "cornerstone",
    "ubuntu",
    "git",
    "svn",
    "firebase",
    "mvp",
    "swift",
    "ubuntu linux",
    "search",
    "viper",
    "xslt",
    "firebase crashlytics",
    "design patterns",
    "sql",
    "oop",
    "jira",
    "visual studio",
    "mvvm",
    "crashlytics",
    "testflight",
    "gitkraken",
    "arduino",
    "mvc",
    "microsoft",
    "objective c",
    "uml",
    "unity",
    "database",
    "cocoa",
    "pascal",
    "networking",
    "xcode",
    "streaming",
    "mac o x",
    "sqlite",
    "html"
  ],
  "fulltext": "CURRICULUM VITAE HOANG HUNG CUONG I. PERSONAL DETAILS Full name: HOANG HUNG CUONG Gender: Male Date of birth: 24th April 1986 Nationality: Vietnamese Contact address: 108/72 Nguyen Trai St. Thanh Xuan District Hanoi City Email: chickchick.ce@gmail.com Skype: chick.chik Tel: 0329573998 II. CARRER OBJECTIVES I seek challenging opportunitues where I can fully use my skills and experiences for the success of the organization. I am seeking a company here I can grow professionally and personally. To make great applications for many users from over the world. To satisfy the passion with technology. III. TECHNICAL SKILLS Categories Knowledge/Skills Languages ​​* Objective C/ Cocoa (expert with experience more than 7 years) * Swift Platforms * Windows * DOS * Mac OS X * Linux (Ubuntu) Database * SQL Server * SQLite * CoreData * Realm Tools * Xcode * Eclipse * Visual Studio * Dev C++ * Borland C++ 5.02 * QT Creator * Turbo Pascal/Free Pascal * SmartSVN, CornerStone, GitKraken Design Pattern * OOP, MVC, MVP, MVVM, VIPER, VIP Other * SVN, GIT * CocoaPod * Fabric , Crashlytics, TestFlight * UML * Apache Tomcat 5.5 * Microsoft Office, Open Office * XML, XSD, XSLT, Xpath * Photoshop, Lightroom IV. EDUCATION AND QUALIFICATIONS Year Occupation University Location 2007 2011 Student FPT University, Falcuty of Software Engineering. Dec/11: Get FE certificate, by VITEC. Detech building, No.8 Ton That Thuyet St, Cau Giay District, Hanoi City. V. LANGUAGE SKILLS Vietnamese: Mother tongue English: TOEFL 503/650 (Exam at the University) Fluent for comunication Japanese: N4 (2014) VI. WORK HISTORY Time Company Title Jun 2010 Jan 2011 Fsoft Intern 2011 - 2012 Tinhvan Outsourcing parttime as ios developer Jan 2012 Oct 2018 SETA Asia (change to name is CO-WELL Asia) Senior ios developer & ios leader Oct 2018 Now AnPSoft ios developer & project lead VII. RELEVANT PROJECTS No Project Name Description Role Core Technical & Tools 1 EBook ebook reading app ios developer PDF reader Svn Jira 2 Foster An application which can help devices transfer data via audio ios developer Audio C FSK-Arduino WebCache 3 Gohan An ios project with contain 10 small cooking games. ios developer Cocos2d, Cocos2dx Svn 4 AKM Karaoke app which can display lyric to TV and genegate score after sing ios developer CoreGraphic C++ karaoke lib ASIHTTPRequest Svn 5 Hotei A puzzle game ios developer Unity Integrate Social networking to unity project svn 6 Score App App for golf player which can calculate score and syncronize score to server (also working when offline) ios developer CoreData ASIHTTPRequest Svn Jenkin 7 Kuilima App for pregnant women ios developer Sqlite Calendar ASIHTTPRequest svn 8 Alarm Alarm app which user have to finish a mini game to turn off alarm ios lead Realm AFNetworking Cocos2dx Itunes library connect Local PushNotification In-App purhcase svn 9 Meema Date App which user can stream audio and video ios developer AFNetworking JSONModel Audio & Video streaming CocoaPod Git, cocoapod 10 Che Tube Video play & Live stream game AOE ios developer Firebase Admob, Facebook Audience Network Youtube player HTML SWAP Git, cocoapod ios developer for maintain AFNetworking, FMDB, Mansory, AdobeMobileSDK, Fabric, Crashlytic, cocoapod 11 TsutayaTV Watch and manage movies from Tsutaya system. RxSwift, Snapkit, Alamofire, Firebase, Crashlytics, git, cocoapod ios developer & Project leader 12 KTown Utility application for search services near us. Same as Foody app but has lots of services (food, restaurant, atm, ) VIII. HOBBIES AND ACTIVITIES I prefer to spend free time to study new things and coding. I like traveling with my friend on weekend. I also like photography. I have uploaded some photos at: https://500px.com/hhc . I usually spend 1 to 2 hours for football or running after work twice a week. Cinema is also a nice place to be with friends & family at weekends. Sometime I like to stay alone in my room and listen to music.",
  "educations": [
    {
      "id": 4691,
      "gpa": null,
      "major": "Software technology",
      "school": "FPT University",
      "diploma": "Bachelors",
      "end_time": "2011-12-13T00:00:00Z",
      "conf_score": 0.7932270159829526,
      "start_time": "2011-01-01T00:00:00Z",
      "picklist_major": "IT - Hardware/Networking",
      "major categories": "Computer and information technology",
      "major_categories_detail": "Computer"
    }
  ],
  "experiences": [
    {
      "id": 15683,
      "detail": "",
      "company": "AnPSoft",
      "end_time": "2023-04-13T00:00:00Z",
      "industry": "Other",
      "position": "ios developer and project lead",
      "conf_score": 0.8691690065894404,
      "start_time": "2018-10-01T00:00:00Z"
    },
    {
      "id": 15685,
      "detail": "",
      "company": "CO - WELL Asia",
      "end_time": "2018-10-31T00:00:00Z",
      "industry": "Other",
      "position": "Senior ios developer and ios leader",
      "conf_score": 0.7761728190039863,
      "start_time": "2012-01-01T00:00:00Z"
    },
    {
      "id": 15686,
      "detail": "",
      "company": "Fsoft",
      "end_time": "2011-01-31T00:00:00Z",
      "industry": "Other",
      "position": "Internet",
      "conf_score": 0.9050765977702602,
      "start_time": "2010-06-01T00:00:00Z"
    }
  ],
  "address": "108/72 Nguyen Trai St. - Thanh Xuan District - Hanoi City"
}