{
  "skills": [
    "java",
    "css",
    "testing",
    "analysis",
    "automation",
    "ionic",
    "automation testing",
    "html",
    "design patterns",
    "mysql",
    "java core",
    "insurance",
    "oracle",
    "sql",
    "selenium",
    "testng",
    "website development",
    "agent system",
    "excel",
    "jsp",
    "cache",
    "ams",
    "angularjs",
    "problem solving skills",
    "analyst",
    "spring",
    "maintenance",
    "restful",
    "problem solving"
  ],
  "fulltext": "Work Experience Feb 2015 Present Senior Java Developer Code88 Company Develop betting system as a Team Leader: using Spring, MySQL, Restful Webservice , Cache, AngularJS, Ionic, JS/HTML/CSS for programming. User can access the site to place bet the match and manage/setting user accounts. (https://www.pinnacle888.com/en/) Design and implement agent system which manages Credit users: assign setting, report Design and implement in memory cache request data. Review code and support other members to coding. Manage the workload of the team. Apply multiple threading and manage thread pool to improve performance. Report status to Project Manager (Weekly Report). Using English to communicate with Singapore/Malay team. Nov 2012 Jan 2015 Java Developer CSC Company iPOS project : Working with other developers to develop Automation test tool: using Spring, Selenium, TestNG. The user (BA/QA) can use the tool to define testing script for santity test. Design and implement. Customize TestNG report. Read data in excel to build test script. Analysis and provide solution. Integral project: Working as developer to maintenance insurance product: using Java, jsp/servlet to fix bug and implement new feature. Help team leader review code and guide team member to do task. Design and implement. Code review. Read basic design document and write detail design document. Analysis and provide solution. Pham Truong Hoang Tham SENIOR JAVA Profile I am Java Web developer with 6 years of working experience within the IT industry. My greatest strengths are being able to write and code programs in accordance with a brief, investigation, analytical defects and perform well under pressure. I am looking for an ambitious company which will challenge me to reach a higher level, develop my solving problem skills and give me a chance to develop my knowledge and potential. Contact 27/70/76 Street 9, Ward 16, Go Vap District, Ho Chi Minh City. 01234506744 thampham65@gmail.com Skills Java Core Advanced Spring Framework Advanced Analyst & Design DB Advanced JMeter Advanced AngularJS Advanced Selenium/TestNG Advanced Design Pattern Intermediate PL/SQL Intermediate NodeJS Intermediate Ionic Intermediate App Dynamics Intermediate Education HUFLIT, Bachelor of Engineering Nov 2008 Nov 2012 Nhat Nghe, Java Web Mar 2011 Sep 2011 Udemy , Spring Framework May 2017 Jun 2017 Udemy, JMeter Oracle, Oracle Certified Associate Java SE 7 Programmer Jul 2018 Jul 2018 Nov 2015 Nov 2015 Hobbies & interests I love walking, hiking and cycling. I also enjoy playing soccer and volleyball. Learning English. Research new technology. Powered by TCPDF (www.tcpdf.org)",
  "educations": [
    {
      "id": 4671,
      "gpa": null,
      "major": "Java Web",
      "school": "Nhat Listen",
      "diploma": "Other",
      "end_time": "2011-09-01T00:00:00Z",
      "conf_score": 0.7687020555050932,
      "start_time": "2011-03-01T00:00:00Z",
      "picklist_major": "Other",
      "major categories": "",
      "major_categories_detail": ""
    }
  ],
  "experiences": [
    {
      "id": 15617,
      "detail": "Develop betting system as a Team Leader: using Spring, MySQL, Restful Webservice , Cache, AngularJS, Ionic, JS/HTML/CSS ... for programming. User can access the site to place bet the match and manage/setting user accounts. (https://www.pinnacle888.com/en/)Design and implement agent system which managesCredit users: assign setting, report...Design and implement in memory cache request data.Review code and support other member to coding.Manage the workload of the team.Apply multiple threading and manage thread pool to improve performance.Report status to Project Manager (Weekly Report). Using English to communicate with Singapore/Malay team.",
      "company": "Code88 Company",
      "end_time": "2023-04-13T00:00:00Z",
      "industry": "High Technology",
      "position": "Senior Java Developer",
      "conf_score": 0.9512303155325736,
      "start_time": "2015-02-01T00:00:00Z"
    },
    {
      "id": 15619,
      "detail": "Udemy, JMeter Oracle, Oracle Certified Associate Java SE 7",
      "company": "Nhat Listen",
      "end_time": "2018-07-31T00:00:00Z",
      "industry": "Other",
      "position": "Programmer",
      "conf_score": 0.7564460015213893,
      "start_time": "2018-07-01T00:00:00Z"
    },
    {
      "id": 15621,
      "detail": "iPOS project : Working with other developers to developAutomation test tool: using Spring, Selenium, TestNG. The user(BA/QA) can use the tool to define testing script for santity test.Design and implement.Customize TestNG report.Read data in excel to build test script.Analysis and provide solution.Integral project: Working as developer to maintenance insurance product: using Java, jsp/servlet to fix bugs and implement new feature. Help team leader review code and guide team member to do task.Design and implement.Review code.Read basic design document and write detail design document.Analysis and provide solution.",
      "company": "CSC Company",
      "end_time": "2015-01-31T00:00:00Z",
      "industry": "Other",
      "position": "Java Developer",
      "conf_score": 0.9283402044765778,
      "start_time": "2012-11-01T00:00:00Z"
    },
    {
      "id": 15623,
      "detail": "",
      "company": "Nhat Listen",
      "end_time": "2012-11-30T00:00:00Z",
      "industry": "Other",
      "position": null,
      "conf_score": 0.7673455453045458,
      "start_time": "2011-03-01T00:00:00Z"
    }
  ],
  "address": "27/70/76 Street 9, Ward 16, Go Vap District, Ho Chi Minh City."
}