{
  "skills": [
    "machine learning",
    "github",
    "ionic",
    "redis",
    "iodine",
    "tensorflow",
    "io",
    "angular",
    "eslint",
    "material design",
    "cassandra",
    "oop",
    "database",
    "database design",
    "cfs",
    "mobile apps",
    "docker",
    "cloud",
    "angularjs",
    "socket io",
    "mongodb",
    "biomedical engineering",
    "aws"
  ],
  "fulltext": "Pham Khoi Nguyen Nodejs deeloper ith an interest in Machine Learning and Healthcare application Github: https://github.com/nichealpham Room 341 Binh Phu Apartment Ward 10, District 6 Ho Chi Minh City (+84) 914-118-896 nichealpham@ gmail.com 26/05/1995 EXPERIENCES NAMTECH CO.LTD, Nodejs Deeloper From 4/2017 to 10/2018 (1.5 year) Designing resources that sere as building blocks for backend and database sstems, suitable for sererless and microserices architecture. Products: salesfit.t, justdone.com.au Technologies: Sererless, Microserice, Nodejs, MongoDB, Redis, NeDB, TpeScript, ESLint, ES, OOP, AWS, GCP INTEL PRODUCTS VIETNAM CO.LTD, CS IoT Intern From 8/2016 to 3/2017 (6 Months) Deelop backend apis, integrate third part serials and design database infrastructure for Intels mobile apps Products: VNAT CS Cafe, VNAT CS Shuttle Bus Tracking Technologies: Nodejs, MongoDB, Intercom, SendInBlue, Stripe, BurstSMS, Google Analtics, Ionic, Socket.io CASSANDRA.CF, Founder and Deeloper From 8/2015 to 6/2016 (1 year) Founded and deelop an aard-inning Electrocardigram ECG signal isualization and analsis softare Upto $, grand prize Products: Cassandra.cf Technologies: Angularjs, Ionic, Chartist, Material Design, ECG Analytic, Electron, Startup EDUCATION International Universit, Vietnam National Uniersite Bachelor of Biomedical Engineering Telecommunication and Netork for health science PROGRAMMING Nodejs, TpeScript, Docker MongoDB, Redis Tensorflo.js, Pthon Cloud Proiders AWS, GCP Vue.js, Nut.js Angular , Ionic Presentation ACHIEVEMENTS National Instrument Design Competition , Austin Teas, US st Prize Winner VietChallenge , MIT Top Finalists IoT Startup , Saigon Innovation Hub rd Prize Winner LANGUAGES Vietnamese English TOEFL iBT 9/",
  "educations": [
    {
      "id": 4673,
      "gpa": null,
      "major": "Engineering technology of building materials",
      "school": "International University , Vietnam National Uni assist",
      "diploma": "Bachelors",
      "end_time": null,
      "conf_score": 0.740186394012631,
      "start_time": null,
      "picklist_major": "Technical",
      "major categories": "Technology",
      "major_categories_detail": "Architectural and construction engineering technology"
    }
  ],
  "experiences": [
    {
      "id": 15625,
      "detail": "(1.5 year)Designing resources that ser e as building blocks for backend and database s stems, suitable for ser erless and microser ices architecture.Products: salesfit.t , justdone.com.auTechnologies: Ser erless, Microser ice, Nodejs, MongoDB, Redis, NeDB, T peScript, ESLint, ES, OOP, AWS, GCP",
      "company": "NAMTECH CO.LTD",
      "end_time": "2018-10-31T00:00:00Z",
      "industry": "High Technology",
      "position": "Nodejs Developer",
      "conf_score": 0.9142206543796373,
      "start_time": "2017-04-01T00:00:00Z"
    },
    {
      "id": 15626,
      "detail": "(6 Months) De elop backend apis, integrate third part ser ices and design database infrastructure for Intels mobile appsProducts: VNAT CS Cafe, VNAT CS Shuttle Bus Tracking Technologies: Nodejs, MongoDB, Intercom, SendInBlue, Stripe, BurstSMS, Google Analtics, Ionic, Socket.io",
      "company": "INTEL PRODUCTS VIETNAM CO.LTD",
      "end_time": "2017-03-31T00:00:00Z",
      "industry": "Other",
      "position": "CS IoT Internet",
      "conf_score": 0.9142206543796373,
      "start_time": "2016-08-01T00:00:00Z"
    },
    {
      "id": 15627,
      "detail": "(1 year)Founded and de elop an a ard- inning Electrocardigram ECG signal isualization and anal sis soft are Upto $ , grand prizeProducts: Cassandra.cf Technologies: Angularjs, Ionic, Chartist, Material Design, ECG Anal sis,Electron, Startup",
      "company": "CASSANDRA.CF",
      "end_time": "2016-06-30T00:00:00Z",
      "industry": "Other",
      "position": "Founder and De eloper",
      "conf_score": 0.9380974856686034,
      "start_time": "2015-08-01T00:00:00Z"
    }
  ],
  "address": "Ward 10, District 6, Ho Chi Minh City"
}