{
  "skills": [
    "angular",
    "task management",
    "crm",
    "call center",
    "javascript",
    "c#",
    "jwt",
    "mongodb",
    "management",
    "netbeans",
    "studio",
    "crm system",
    "postgresql",
    "business analysis",
    "mongoose",
    "vuejs",
    "entity framework",
    "linq",
    "analysis",
    "structure",
    "redis",
    "typescript",
    "team management",
    "ajax",
    "rabbitmq",
    "microservices",
    "mysql",
    "asp",
    "cache",
    "asset management",
    "nginx",
    "sql",
    "css",
    "visual studio",
    "mvc",
    "reactjs",
    "oracle",
    "nestjs",
    "sqlite",
    "api gateway",
    "angularjs",
    "php",
    "workbench",
    "html"
  ],
  "fulltext": "Pham Anh TuanTeam lead, fullstack orsenior0973867762 Male kenry.phyam@gmail.com 17/02 HCM, VietnamDONG NAI UNIVERSITY TECHNOLOGYOct 2010 - May 2014SOMETHING TO SAY - EXPERIENCE - EducationMajor: SoftwarePlease kindly contact with meWelcome to my profile. If you want to find a leading position or fullstack on the Nodejs then I'm the one you arelooking for. But I'm not sure I the perfect person for your company but i will be bringing very many real value to you. Ihave had more than five year working with .Net and Node. I don't want to say much about my skills on this site.All my values ​​will be reflected in what bring to you.My english is listening and speaking at the basic level and i'm improving it.over 5 yearsLinkedln : https http://www.linkedin.com/in/anh-tu%E1%BA%A5n-ph%E1%BA%A1m-b97364169/Skype : anh.tuan.pham.itMain Skills+ Skills.- Nodejs and C#. (have over five year working with both node and c# language)- Javascript, Css, Ajax, HTML.- Winform , WPF.- Web Asp.net , MVC. Web API.- Reactjs- Vuejs.- Expressjs.- Nestjs.- Angularjs.- Angular 6.- Typescript.+ Databases- SQL Server,.- Oracle.- Postgresql.- Mongodb.- MySql.+ IDE, Plugin, etc . ..- Store Procedure, Function, Trigger.- Linq.- ADO.net- Entity framework- RabbitMQ.- Redis cache.- Mongoose.- PM2.- Nginx.- TypeOrm.- etc....+ Pattens- Microservices. - Evensourcing.- CQRS.- Domain-driven-design.- Dependence injection.- Jwt.- Respository.- Api gateway.DAT VIET SOFTWAREApril 2014 - July 2016Work experienceTeam Lead.+ Estimate for the project+ Business analysis+ Build framework+ Build solution for the project+ Research more new solution to apply for the project+ Create and assign task to the member + Meeting with customer+ Check and review code.+ Track process+ ...etc+ Projects. 1. University of Transport and Communications management system. + Language. - C#, WPF, MVC 4, Angualrjs, PL/SQL + IDE - Visual studio 2013, Oracle 11g. Sqlserver 2012, Oracle client 2. Lingo.vn ecommerce management system. + Language. - C#, MVC 4, Javascript, PL/SQL + IDE - Visual studio 2013, Oracle 11g. Sqlserver 2012, Oracle client 3. International seaport management system. + Language. - C#, MVC 4, Javascript, SQL. + IDE - Visual studio 2015, Oracle 11g. 4. Document management system for Pasteur Institute of Ho Chi Minh City. + Language. - C#, MVC 4, Javascript, SQL, Angularjs + IDE - Visual studio 2015, SqlServer 2012 5. Book meetingroom and borrow asset management system. + Language. - C#, MVC 4, Javascript, SQL + IDE - Visual studio 2015, PostgresqlISB VIETNAMOCt 2016 - OCT 2017Programmer+ Estimate for the project+ Business analysis+ Build framework+ Build solution for the project+ Research more new solution to apply for the project+ Meeting with customer+ Projects. 1. Compare tool. + Language. - C#, WPF, SQLite + IDE - Visual studio 2013. 2. Timesheet management + Language. - PHP, Codeigniter framework, Angualrjs, SQL + IDE - Netbeans, Workbench. 3. Lshare viewer(Medical) + Language. - C#, WPF + IDE - Visual studio 2015.SOGO TECHNOLOGY SOLUTION COMPANYNov 2017 - MAY 2018Teamlead+ Estimate for the project+ Business analysis+ Build framework+ Build solution for the project+ Research more new solution to apply for the project+ Projects. 1. TMS (Transport management system). WMS (Warehouse Management System). CMS (Customer management system). CRM (Call center) + Language. - MVC 5, Postgresql, angularjs. Nodejs. + IDE - Visual studio 2017. + Patten - Microservices, Dependence Injection.VNNG IT TECHNOLOGY SOLUTION COMPANYJAN 2018 - Till nowTeamlead+ Estimate for the project+ Business analysis+ Build framework+ Build solution for the project+ Research more new solution to apply for the project+ Preparing sprint goals+ Management task+ Resolve problem.+ Install environment for server+ Deploy project+ Build library.+ Management team member+ Init project and build structure for backend and frontend.+ Projects. 1. Justdone, CRM, Safefit. + Language. - Nodejs, Vue, Mongodb, Expressjs, Typescript. + IDE - Visual studio code. + Patten - Microservices, Dependence Injection. Repository2. Ecommerce. + Language - Nodejs, Typescript, Reactjs, Angular 6. Postgresql. + IDE - VScode, Navicat, Robo3pt. + Patten - Microservices, Dependence Injection. Repository, CQRS, Eventsourcing. Jwt, Apigateway. + Others - Redis, RabbitMQ,SOME EXTERNAL PROJECTSOMETIME - Till now+ Projects. 1. Document management. + Language. - Nodejs, angular 6, Mongodb, Expressjs, Typescript. + IDE - Visual studio code.2. Tasks, Redis, Mail management. + Language - Nodejs, Typescript,Angular 6. + IDE - VScode topcv.vn",
  "educations": [
    {
      "id": 4680,
      "gpa": null,
      "major": "Software",
      "school": "DONG NAI UNIVERSITY TECHNOLOGY",
      "diploma": "Bachelors",
      "end_time": "2014-05-01T00:00:00Z",
      "conf_score": 0.9140377985465645,
      "start_time": "2010-10-01T00:00:00Z",
      "picklist_major": "Other",
      "major categories": "",
      "major_categories_detail": ""
    }
  ],
  "experiences": [
    {
      "id": 15642,
      "detail": "+ Estimate for the project+ Business analysis+ Build framework+ Build solution for the project+ Research more new solution to apply for the project+ Preparing sprint goals+ Management task+ Resolve problem.+ Install environment for server+ Deploy project+ Build library.",
      "company": "VNNG IT TECHNOLOGY SOLUTION COMPANY",
      "end_time": "2023-04-13T00:00:00Z",
      "industry": "High Technology",
      "position": "Teamlead",
      "conf_score": 0.9186600440228837,
      "start_time": "2018-01-01T00:00:00Z"
    },
    {
      "id": 15645,
      "detail": "ON COMPANY Nov 2017 - MAY 2018 Teamlead + Estimate for the project+ Business analysis+ Build framework+ Build solution for the project+ Research more new solution to apply for the project+ Projects. 1. TMS (Transport management system).WMS (Warehouse management system).CMS (Customer management system).CRM (Call center)+ Language. - MVC 5, Postgresql, angularjs. Nodejs. + IDE - Visual studio 2017. + Patten - Microservices, Dependence In",
      "company": "SOGO TECHNOLOGY SOLUTION COMPANY",
      "end_time": "2018-05-31T00:00:00Z",
      "industry": "High Technology",
      "position": "Teamlead",
      "conf_score": 0.795152252433889,
      "start_time": "2017-11-01T00:00:00Z"
    },
    {
      "id": 15647,
      "detail": "+ Estimate for the project+ Business analysis+ Build framework+ Build solution for the project+ Research more new solution to apply for the project+ Create and assign task to the member+ Meeting with customer+ Check and review code.+ Track process+ ...etc+ Projects. 1. University of Transport and Communications management system.+ Language. - C#, WPF, MVC 4, Angualrjs, PL/SQL + IDE - Visual studio 2013, Oracle 11g. Sqlserver 2012, Oracle client2. Lingo.vn ecommerce management system.+ Language. - C#, MVC 4, Javascript, PL/SQL + IDE - Visual studio 2013, Oracle 11g. Sqlserver 2012, Oracle client3. International seaport management system.+ Language. - C#, MVC 4, Javascript, SQL. + IDE - Visual studio 2015, Oracle 11g.4. Document management system for Pasteur Institute of Ho Chi Minh City. + Language. - C#, MVC 4, Javascript, SQL, Angularjs + IDE - Visual studio 2015, SqlServer 2012 5. Book meetingroom and borrow asset management system.+ Language. - C#, MVC 4, Javascript, SQL + IDE - Visual studio 2015, Postgresql",
      "company": "DAT VIET SOFTWARE",
      "end_time": "2016-07-31T00:00:00Z",
      "industry": "High Technology",
      "position": "Team Lead.",
      "conf_score": 0.830738895005311,
      "start_time": "2014-04-01T00:00:00Z"
    }
  ],
  "address": "Ho Chi Minh City, Vietnam"
}