{
  "skills": [
    "studio",
    "user interface",
    "css",
    "github",
    "blackberry",
    "svn",
    "desktop",
    "experience design",
    "reactjs",
    "html",
    "css3",
    "bitbucket",
    "wordpress",
    "jquery",
    "product management",
    "print ads",
    "marketing",
    "le",
    "visual studio",
    "html5",
    "responsive",
    "javascript",
    "bug fixing",
    "leading and motivating",
    "material ui",
    "website development",
    "actionscript",
    "react native",
    "bootstrap",
    "gulp",
    "android",
    "grunt",
    "mongodb",
    "management",
    "restful"
  ],
  "fulltext": "HUNG NGUYEN FRONT-END DEVELOPER MOBILE: 0908-547-477 EMAIL: hung.nguyen@hotmail.com.vn SKYPE ID: minhhung98 DETAIL: www.linkedin.com/in/nmhung SKILLS Expert in HTML/CSS, SASS, LESS, JavaScript, jQuery, React. Knowledge of NodeJS, Express, MongoDB. Adobe suite (Photoshop, Illustrator, InDesign). Repository: SVN, Github, Bitbucket. Programming and design EXPERIENCE TTA HCM, Vietnam 12/2017 Present SENIOR FRONT-END Implemented a graphic user interface CMS/products. Built single-page applications with JavaScript on a custom-built framework. Leveraged React and JavaScript to build chatbot projects. Developed and maintained critical components of chatbot website, autocomplete, carousel,... using React components Develop new UI functionality for multithreaded user-facing applications running on touchscreen devices, using ReactJS Cross-browser and cross-platform compatible solutions. Technologies used in project: ReactJS, UX/UI, Javascript, jQuery, Bootstrap, Material UI, LESS, SASS, RESTful API. SENTIFI HCM, Vietnam 04/2016 06/2017 SOFTWARE ENGINEER (Front-end) Created template product on desktop/tablet/smartphone. Create and clone and fix bugs for widgets. Cross-browser and cross-platform compatible solutions. Use Bootstrap and responsive integrate UI for multi-devices. Technologies used in project: UX/UI, HTML5, CSS3, Javascript, jQuery UI, Bootstrap 3, LESS, SASS, Grunt, Gulp, RESTful API, ReactJS, React Native. APPCAMEL PTY LTD HCM, Vietnam 11/2015 03/2016 FRONT-END & UX/UI CUM MANAGER Implemented a graphic user interface CMS/products. Develop new UI functionality for multithreaded user-facing applications running on touchscreen devices. In charge of the office and software product management of the company. Managing stakeholder expectation, leading and motivating the employees. Supervise and make sound decisions for developing product. Learning business, flow and scope of software production. VINASOURCE INC. HCM, Vietnam 08/2012 11/2015 FRONT-END & UX/UI DESIGN Cross-browser and cross-platform compatible solutions. Work HTML5/CSS3/jQuery/Javascript from PSD files using Photoshop, Dreamweaver or MS Visual Studio. Work with client via email directly. Design and develop website by wordpress. Contributed to the overall development of the web development team. Technologies used in project: HTML5, CSS3, Javascript, jQuery, jQuery UI, Bootstrap 2 & 3, Wordpress. SEQUENT ASIA IT HCM, Vietnam 03/2011 08/2012 SENIOR WEB & MOBILE DESIGNER Design user interface for Website, iPhone and iPad. Print charge of deploying /formatting gfx. Assist team members with GUI for websites, mobiles. PLAYSOFT HCM, Vietnam 05/2010 02/2011 DIGITAL ARTIST Design user interface for iPhone, Bada Samsung, Android and BlackBerry. Print charge of deploying /formatting gfx. Using HTML/CSS for app. Assist team members with GUI for websites. TECHKNOWLEDGE HCM, Vietnam 12/2007 01/2009 TEAM LEADER/WEB DESIGNER Design mockups for websites, logos, brochure and export HTML, CSS for website. Flash / Actionscript : www.tknowledge.com is the first flash site that I have done by myself. Managing a design team. Supervise projects related design. Assign works for designers to complete deadline. Assist team members with GUI for websites. CLEVERLEARN ENGLISH LANGUAGE CENTER HCM, Vietnam 01/2006 12/2007 DESIGNER Design banner, brochure, flyer, print-ad, website. Support marketing department. EDUCATION LOTUS COLLEGE HCM, Vietnam 2005 2006 COMPUTER-AIDED GRAPHIC ART DESIGN Participated Advance Computer-Aided Graphic Art Design. VIETNAM NATIONAL UNIVERSITY-HCMC, Vienam 2000 2003 THE DIPLOMA OF PROFESSIONAL TRAINING IT NETWORK UNIVERSITY OF NATURAL SCIENCE HO CHI MINH CITY, Vietnam 2002 2007 Finished COMPUTER SCIENCE",
  "educations": [
    {
      "id": 4688,
      "gpa": null,
      "major": "Chinese Pedagogy",
      "school": "LOTUS COLLEGE",
      "diploma": "Colleges",
      "end_time": "2006-01-01T00:00:00Z",
      "conf_score": 0.9169645786863446,
      "start_time": "2005-01-01T00:00:00Z",
      "picklist_major": "Education/training",
      "major categories": "Science education and teacher training",
      "major_categories_detail": "Teacher training"
    },
    {
      "id": 4690,
      "gpa": null,
      "major": "Computer science",
      "school": "UNIVERSITY OF NATURAL SCIENCE",
      "diploma": "Bachelors",
      "end_time": "2007-01-01T00:00:00Z",
      "conf_score": 0.9169645786863446,
      "start_time": "2002-01-01T00:00:00Z",
      "picklist_major": "IT - Hardware/Networking",
      "major categories": "Computer and information technology",
      "major_categories_detail": "Computer"
    },
    {
      "id": 4689,
      "gpa": null,
      "major": "PROFESSIONAL TRAINING - IT NETWORK",
      "school": "VIETNAM NATIONAL UNIVERSITY - HCM",
      "diploma": "Bachelors",
      "end_time": "2003-01-01T00:00:00Z",
      "conf_score": 0.8091472125915703,
      "start_time": "2000-01-01T00:00:00Z",
      "picklist_major": "Other",
      "major categories": "",
      "major_categories_detail": ""
    }
  ],
  "experiences": [
    {
      "id": 15671,
      "detail": "mplemented a graphic user interface CMS/products. Built single-page applications with JavaScript on a custom-built framework.Leveraged React and JavaScript to build chatbot projects.Developed and maintained critical components of chatbot website, autocomplete, carousel,... using React componentsDevelop new UI functionality for multithreaded user-facing applications running on touchscreen devices, using ReactJS Cross-browser and cross-platform compatible solutions.Technologies used in project: ReactJS, UX/UI, Javascript, jQuery, Bootstrap, Material UI, LESS, SASS, RESTful API.",
      "company": "TT",
      "end_time": "2023-04-13T00:00:00Z",
      "industry": "Other",
      "position": "SENIOR FRONT - END",
      "conf_score": 0.9558421534842083,
      "start_time": "2017-12-01T00:00:00Z"
    },
    {
      "id": 15674,
      "detail": "reated template product on desktop/tablet/smartphone.Create and clone and fixing bugs for widgets.Cross-browser and cross-platform compatible solutions.Use Bootstrap and responsive integrate UI for multi-devices.Technologies used in project: UX/UI, HTML5 , CSS3, Javascript, jQuery UI, Bootstrap 3, LESS, SASS, Grunt, Gulp, RESTful API, ReactJS, React Native.",
      "company": "SENTIFI",
      "end_time": "2017-06-30T00:00:00Z",
      "industry": "Other",
      "position": "SOFTWARE ENGINEER (Front - end)",
      "conf_score": 0.9558421534842083,
      "start_time": "2016-04-01T00:00:00Z"
    },
    {
      "id": 15676,
      "detail": "mplemented a graphic user interface CMS/products. Develop new UI functionality for multithreaded user-facing applications running on touchscreen devices.In charge of the office and software product management of company.Managing stakeholder expectation, leading and motivating the employees.Supervise and make sound decisions for developing product.Learning business, flow and scope of software production.",
      "company": "APPCAMEL PTY LTD",
      "end_time": "2016-03-31T00:00:00Z",
      "industry": "Other",
      "position": "FRONT - END & UX/UI CUM MANAGER",
      "conf_score": 0.9279145309152705,
      "start_time": "2015-11-01T00:00:00Z"
    },
    {
      "id": 15678,
      "detail": "ross-browser and cross-platform compatible solutions.Work HTML5/CSS3/jQuery/Javascript from PSD files using Photoshop, Dreamweaver or MS Visual Studio. Work with client via email directly.Design and develop website by wordpress.Contributed to the overall development of the web development team.Technologies used in project: HTML5, CSS3, Javascript, jQuery, jQuery UI, Bootstrap 2 & 3, Wordpress.",
      "company": "VINASOURCE INC.",
      "end_time": "2015-11-30T00:00:00Z",
      "industry": "Other",
      "position": "FRONT - END & UX/UI DESIGN",
      "conf_score": 0.9279145309152705,
      "start_time": "2012-08-01T00:00:00Z"
    },
    {
      "id": 15679,
      "detail": "Design user interface for Website, iPhone and iPad. In charge of deploying /formatting gfx.Assist team members with GUI for websites, mobiles.",
      "company": "SEQUENT ASIA IT",
      "end_time": "2012-08-31T00:00:00Z",
      "industry": "Other",
      "position": "SENIOR WEB & MOBILE DESIGNER",
      "conf_score": 0.9215035261320195,
      "start_time": "2011-03-01T00:00:00Z"
    },
    {
      "id": 15680,
      "detail": "Design user interface for iPhone, Bada Samsung, Android and BlackBerry. In charge of deploying /formatting gfx.Using HTML/CSS for app.Assist team members with GUI for websites.",
      "company": "PLAYSOFT",
      "end_time": "2011-02-28T00:00:00Z",
      "industry": "Other",
      "position": "DIGITAL ARTIST",
      "conf_score": 0.9279145309152705,
      "start_time": "2010-05-01T00:00:00Z"
    },
    {
      "id": 15681,
      "detail": "Design mockups for websites, logos, brochure and export HTML, CSS for website.Flash / Actionscript : www.tknowledge.com is the first flash site that I have done by myself.Managing a design team. Supervise projects related design.Assign works for designers to complete deadline.Assist team members with GUI for websites.",
      "company": "TECHKNOWLEDGE",
      "end_time": "2009-01-31T00:00:00Z",
      "industry": "High Technology",
      "position": "TEAM LEADER/WEB DESIGNER",
      "conf_score": 0.9153543666771341,
      "start_time": "2007-12-01T00:00:00Z"
    },
    {
      "id": 15682,
      "detail": "Design banner, brochure, flyer, print-ad, website.Support marketing department.",
      "company": "CLEVERLEARN ENGLISH LANGUAGE CENTER",
      "end_time": "2007-12-31T00:00:00Z",
      "industry": "Education",
      "position": "DESIGNER",
      "conf_score": 0.9220077565357997,
      "start_time": "2006-01-01T00:00:00Z"
    }
  ],
  "address": null
}