{
  "skills": [
    "networking",
    "java",
    "c++",
    "algorithm",
    "structure",
    "io",
    "project management",
    "sql",
    "le",
    "stack",
    "react native",
    "futures",
    "teamwork",
    "android",
    "mobile project",
    "mongodb",
    "spring",
    "management",
    "data structure"
  ],
  "fulltext": "EDUCATION9/2014Hutech UniversityMajor: Software technologyGPA: 3.24/4WORK EXPERIENCENov 2015 - Jun 2016Deputy Manager of the club OLP HUTECHPart-timeManagement and teaching for HUTCH Olympics, a clubfor data structures and algorithms.May 2017 - July 2017Part time in FPTCoding Java web spring.July 2017 - May 2018Senior IOS in FujinetFull-timeCompleted two mobile app projects Eesty andTippin.Eesty: Virtual wallet store virtual money store.Tippin: Social networking site for virtual currencycustomers..May 2018 - NowFull stack Nodejs Smartlog logistic companyFull-timeBuild warehouse management website system for largewarehouse in Vietnam. HandHeld mobile project management, import and export goods in warehouse. Complete mobile application Click&Collect DKL on 2platforms ios and android with React Native.Le Thanh LuanSoftware EngineerCONTACT INFORMATION25/2/1988 Male 0963146525 thanhluan.bkhn@gmail.com 491 Dien Bien Phu Street ,Binh Thanh District ,Ho ChiMinh Cityhttps://www. facebook.com/thanhluan252 OBJECTIVEDesire to have a dynamic, stable and professionalworkingenvironment to enhance productivity, gainprofessionalexperience in the software field and havethe opportunity todevelop in the future.SKILLSAglorithmC/C++Full stack NodeJS, React NativeMy SQL,MongoDbIOS,AndroidHONORS & AWARDSFirst prize in the Hutech Informatics Olympic2015Consolation prize for the National Informatics Olympiadin Nha Trang2015Consolation prize contest OLP Viet Nam Nationalstudents in Nha Trang2015Consolation prize for the 2017 ACM ICPC VietnamSouthern Provincial Contest2016The 3rd prize for Olympic information students inINTERESTSSoccer MusicVietnam 2017-Good teamwork skills.-Dynamic, creative, not afraid to challenge-Be careful, hardworking, have a high responsibility inthework.- Ability to work under high pressure- Honest, happy, harmonious with people.ADDITIONAL INFORMATION topcv.vn",
  "educations": [
    {
      "id": 4687,
      "gpa": "3.24",
      "major": "Software technology",
      "school": "Hutech University",
      "diploma": "Bachelors",
      "end_time": "2014-09-01T00:00:00Z",
      "conf_score": 0.8464256548178335,
      "start_time": null,
      "picklist_major": "Other",
      "major categories": "",
      "major_categories_detail": ""
    }
  ],
  "experiences": [
    {
      "id": 15670,
      "detail": "Full-time Build warehouse management website system for large warehouse in Vietnam. HandHeld mobile project management, import and export goods in warehouse.Complete mobile application Click&Collect DKL on 2 platforms ios and android with React Native.",
      "company": "Smartlog logistics company",
      "end_time": "2023-04-13T00:00:00Z",
      "industry": "High Technology",
      "position": "Full stack Nodejs",
      "conf_score": 0.91474298265062,
      "start_time": "2018-05-01T00:00:00Z"
    },
    {
      "id": 15673,
      "detail": "Full-time Completed two mobile app projects Eesty andTippin.Eesty: Virtual wallet store virtual money store.Tippin: Social networking site for virtual currency customers..",
      "company": "Fujinet",
      "end_time": "2018-05-31T00:00:00Z",
      "industry": "Other",
      "position": "Senior IOS",
      "conf_score": 0.9183108138921148,
      "start_time": "2017-07-01T00:00:00Z"
    },
    {
      "id": 15675,
      "detail": "",
      "company": "FPT",
      "end_time": "2017-07-31T00:00:00Z",
      "industry": "High Technology",
      "position": "Coding",
      "conf_score": 0.920031615510459,
      "start_time": "2017-05-01T00:00:00Z"
    },
    {
      "id": 15677,
      "detail": "Part-time Management and teaching for HUTCH Olympics, a club for data structures and algorithms.",
      "company": "the club OLP HUTECH",
      "end_time": "2016-06-30T00:00:00Z",
      "industry": "High Technology",
      "position": "Deputy Manager",
      "conf_score": 0.9230513043345034,
      "start_time": "2015-11-01T00:00:00Z"
    }
  ],
  "address": "491 Dien Bien Phu Street , Binh Thanh District , Ho Chi Minh City"
}