{
  "skills": [
    "studio",
    "ruby",
    "testing",
    "github",
    "golang",
    "python",
    "ea",
    "digitalocean",
    "sales",
    "quickbooks",
    "javascript",
    "analytics",
    "docker",
    "cloud",
    "heroku",
    "tdd",
    "rail",
    "angularjs",
    "graphql",
    "mongodb",
    "postgresql",
    "aws",
    "restful"
  ],
  "fulltext": "Github//sonhnguyen Linkedin//sonhnguyenn NGUYEN HOANG SON (+84) 098-636-0207 sonhnguyenn@gmail.com SUMMARY A young, hungry and curious software engineer being passionate about designing and crafting software to make peoples lies ette. Hae ee deelopig e appliatios usig an ide aiety of laguages ​​ad tehiues (Golang, Ruby on Rails). A fast learner looking forward to tackle the right problems by using the right tools. Be able to learn and adapt new languages, technologies and best practices. A team player and an effective communicator that cuts to the chase. EMPLOYMENT Product Engineer Floating Cube Studios October 2016 - Now We do backends for EPOS, a Point of Sales systems for companies and retail stores. Develop multiple iterations of the product using Python, Golang and currently Ruby on Rails that serves thousands of customers. Technologies: Golang, Ruby on Rails, Postgres. Working on multi-tenancy monolith backend using Ruby on Rails with TDD, Event Sourcing, Bounded Context in mind. Implement RESTful API backend using Golang for communicating with a third-party API (QuickBooks) with proper automated testing and CI/CD process. Daily tasks include building new RESTful/ GraphQL APIs, ustoes speifi futioalities like handling CSVs importing/ exporting and various business report pages. Provide peer reviews and ensure code quality across projects. Software Engineer, Intern KMS Technology February August 2016 Worked with the supported resources from KMS Technology to develop a web application to extract and report trends in real estate market in HCM City Built an automated procedure in crawling information and delivering the reports to users. Able to deliver eaigful epots o houses pies posted o ultiple eal estate sites ad giig out tedig ad pie predictions of an area in HCM City. Built and deployed an automated application using technologies and frameworks such as Vagrant, Docker, AngularJS, NodeJS, MongoDB, Jade, SASS. EDUCATION Ho Chi Minh City VNUHCM, University of Science 2012-2016 Bachelor of Computer Science, graduated Advanced Program in Computer Science in September, 2016. TECHNICAL EXPERIENCE Projects Youtime. A side project for a 24-hour hackathon. Used Golang as a RESTful API backend server with MongoDB. Supports and supports subtitles in Youtube videos by enabling multiple users to add subtitles for a video. PCchecker. A side project used Golang to crawl multiple ecommerce websites for prices and information of computer parts. It helps users to find the best deal in town and also acting as a sharing hub for your PC builds. DotAStats. A side project used Golang to crawl professional DotA 2 matches real time and gives analytics. ADDITIONAL EXPERIENCE AND AWARDS American Chamber of Commerce in Vietnam (AMCHAM, 2015): Winner of the 15th Annual AmCham Scholarship Awards (top 50 out of 500 applicants). TOEFL ITP: 603/670. Languages ​​and Technologies Javascript, Golang, Ruby on Rails, PostgreSQL, MongoDB, GraphQL. Setup and maintain cloud instances (Heroku, AWS, DigitalOcean). Powered by TCPDF (www.tcpdf.org)",
  "educations": [
    {
      "id": 4686,
      "gpa": null,
      "major": "Computer science",
      "school": "VNUHCM, University of Science",
      "diploma": "Bachelors",
      "end_time": "2016-01-01T00:00:00Z",
      "conf_score": 0.8445472795956643,
      "start_time": "2012-01-01T00:00:00Z",
      "picklist_major": "IT - Hardware/Networking",
      "major categories": "Computer and information technology",
      "major_categories_detail": "Computer"
    }
  ],
  "experiences": [
    {
      "id": 15669,
      "detail": "We do backends for EPOS, a Point of Sales systems for companies and retail stores. Develop multiple iterations of the product using Python, Golang and currently Ruby on Rails that serves thousands of customers.Technologies: Golang, Ruby on Rails, Postgres. Working on multi-tenancy monolith backend using Ruby on Rails with TDD, Event Sourcing, Bounded Context in mind. Implement RESTful API backend using Golang for communicating with a third-party API (QuickBooks) with proper automated testing and CI/CD process. Daily tasks include building new RESTful/ GraphQL APIs, usto e s spe ifi fu tio alities like handling CSVs importing/ exporting and various business report pages. Provide peer reviews and ensure code quality across projects.",
      "company": "Floating Cube Studios",
      "end_time": "2023-04-13T00:00:00Z",
      "industry": "Other",
      "position": "Product Engineer",
      "conf_score": 0.9313091050096047,
      "start_time": "2016-10-01T00:00:00Z"
    },
    {
      "id": 15672,
      "detail": "Worked with the supported resources from KMS Technology to develop a web application to extract and report trends in real estate market in HCM City Built an automated procedure in crawling information and delivering the reports to users. Able to deliver ea i gful epo ts o houses posted o ultiple eal estate sites a d gi i g out t e di g a d p i e predictions of an area in HCM City. Built and deployed an automated application using technologies and frameworks such as Vagrant, Docker, AngularJS, NodeJS, MongoDB, Jade, SASS. ADDITIONAL EXPERIENCE AND AWARDS American Chamber of Commerce in Vietnam (AMCHAM, 2015): Winner of the 15th Annual AmCham Scholarship Awards (top 50 out of 500 applicants). TOEFL ITP: 603/670. Languages ​​and Technologies Javascript, Golang, Ruby on Rails, PostgreSQL, MongoDB, GraphQL. Setup and maintain cloud instances (Heroku, AWS, DigitalOcean).",
      "company": "KMS Technology",
      "end_time": "2016-12-31T00:00:00Z",
      "industry": "High Technology",
      "position": "Software Engineer, Intern",
      "conf_score": 0.8189360019687867,
      "start_time": "2016-08-01T00:00:00Z"
    }
  ],
  "address": null
}