{
  "skills": [
    "stack",
    "hl",
    "docker",
    "payment",
    "java",
    "javascript",
    "error rate",
    "ams",
    "management",
    "studio",
    "redux",
    "io",
    "file sharing",
    "mobile service",
    "drm",
    "html5",
    "firebase",
    "tester",
    "react native",
    "swift",
    "medium",
    "google maps",
    "mean stack",
    "website development",
    "restful",
    "mvvm",
    "software development",
    "phonegap",
    "objective c",
    "mobile payment",
    "laravel",
    "backend development",
    "windows phone",
    "game development",
    "cocoa",
    "cdn",
    "python",
    "streaming service",
    "streaming",
    "sqlite",
    "blackberry",
    "php",
    "agile",
    "mysql",
    "system architecture"
  ],
  "fulltext": "Hoang Huu PhamSoftware DeveloperOVERVIEW| am a mobile & backend developer, having 8 years of experience in the software industry with the desire ofbuilding great products from the ground up. Being in many roles: developer, solution architect, team leader, I havehelped companies built successful products with great feedback from partners and clients.Expertise in these domains below:- Mobile messenger application.- Video streaming system: HLS Streaming, Multi-DRM system , Transcoder & Packager, Media Player.- Mobile app development: iOS native & hybrid using Objective-C, Swift, PhoneGap, React Native.- NodeJS, PHP RESTful API.- Adobe Flash, HTML5 Animation, AR Game.iOS (7 years ), Javascript (5 years), Backend (4 years), React Native (2 years), .NET (1 year)WORK EXPERIENCESSenior DeveloperEast Agile (2018 - Present)Senior DeveloperFPT Software (2017 - 2018)Tech leadVTVcab Corp (2013 - 2017)DeveloperVIMASS (2012 - 2013)Intern & DeveloperPPCLink Mobile & VTC Game Studio (2010 - 2012)EDUCATIONHanoi University of Science &0Bachelor of Computer Science - Bridge Software Engineer (BrSE)TechnologyStudy at HEDSPI (Human Higher Education Development Support ProjectOct 2006 - May 2011on ICT) a cooperation in ICT training between HUST and Japaneseuniversities.PROJECTSBBM MessengerSenior iOS Developer2018 - 2019BBM was formerly the messenger application of BlackBerry. It was later bought byEmtek Indonesia (East Agile's client) with the ambition to become the mostpopular messenger in Indonesia./ joined a team of 3 engineers to revamp the UI of emoticons keyboard andstickers shop screens. Then I worked with other team of 8 engineers to migrate theexisting File sharing infrastructure to the new one, focused on reducing the Fileuploading error rate, and implemented new features like File preview, Photoediting, etc...Technologies used: Objective-C, Reactive Cocoa, Swift, CoreData, SQLiteOCMock, MVVM Clean Architecture, Fabric crashlytic, Firebase.Aviator0Senior iOS Developer2017 - 2018Aviator is a big offshore project between FPT Software and a US aircraftcompany. We helped the client to build a kind of allin-one tablet application fromscratch, supports iPad and Surface Pro, provides centralized access to seamless, integrated suite of EFB tools./ joined a group of 40 iOS developer and tester, organized by following the client 'sSAFe Agile framework. Our Weather scrum team includes 5 developers and 4testers, worked closely to optimize the Weather dashboard UI performance,integrated the proprietary flight map & chart SDK and implemented the weatherdata regex parser.Technologies used: Swif, MVVM Clean Architecture.HomiFreelance iOS Developer2017Homi is an ioSs application provides parents and school staff a set of tools: studentschedule management, attendance tracking, school fee reminder, learningprogress tracking and reporting.I worked with another engineer to develop the app from scratch using ReactNative.Technologies used: React Native, Objective-C, Redux, Fabric.VTVcab ONTech Lead - Software Engineer2013 - 2017VTVcab ON is a Multi-screen DRM protected video streaming service of VTVcab.Joined project from the beginning as a technical leader, I had worked closely withmany partners in APAc Video industry, to build up the overall system architectureof our streaming service, includes Video transcoder & packager, Storage,Metadata ingesting, DRM, CDN, web service, mobile app, and front-end. Took onmany roles:+ Technical planning+ Solution architect+ Mobile iOS Developer+ Web Developer+ System engineerTechnologies used: Python, Docker, MEAN stack, Laravel, MySQL, React Native,Objective-C, AFNetworking, RestKit, CoreData, Fabric crashlytic, CodePush.Awarded for Outstanding performer in 2016AR GameDeveloper2013This is a cross-platform Augmented Reality 3D Game, developed for GalaxyStudio JSC, to support the ticket giveaway event of their viral campaign of \"TheAmazing Spider-man 2\" movie. The gameplay requires the user to walk outside atthe specific location, use the phone camera to look around for a flying card, thencapture it for exchange for small gifts, movie tickets. It was downloaded 45000times, thousands of active players.I built both client and backend using Laravel and hybrid mobile framework.Technologies used: Phonegap, Cocos3D iOS, jPCT-AE 3D, Objective-C, Java,Laravel PHP, MySQLVIMASS E-wallet0Developer2012 - 2013VIMAss is a mobile payment service, launched earlier than many competitors atthat time. It also includes many useful features like finding nearby ATM,Restaurant, Hotel, etc../ joined the iOS team of 4 developers, developed Google Maps based features.Then I moved to Windows Phone team to refactor and apply MVVM to the existingcode base, implemented iOS corresponding features and a High-resolution photocropping tool.Technologies used: Objective-C, AFNetworking, .NET, LightMVVM, Ninject,SQLite.",
  "educations": [
    {
      "id": 4700,
      "gpa": null,
      "major": "Computer science",
      "school": "Hanoi University of Science &",
      "diploma": "Bachelors",
      "end_time": "2011-05-01T00:00:00Z",
      "conf_score": 0.8263227818945743,
      "start_time": "2006-10-01T00:00:00Z",
      "picklist_major": "IT - Hardware/Networking",
      "major categories": "Computer and information technology",
      "major_categories_detail": "Computer"
    }
  ],
  "experiences": [
    {
      "id": 15720,
      "detail": "",
      "company": "East Agile",
      "end_time": "2023-04-13T00:00:00Z",
      "industry": "Other",
      "position": "Senior Developer",
      "conf_score": 0.7897513794629749,
      "start_time": "2018-01-01T00:00:00Z"
    },
    {
      "id": 15722,
      "detail": "",
      "company": "FPT Software",
      "end_time": "2018-01-31T00:00:00Z",
      "industry": "High Technology",
      "position": "Senior Developer",
      "conf_score": 0.7878693389357473,
      "start_time": "2017-01-01T00:00:00Z"
    },
    {
      "id": 15724,
      "detail": "",
      "company": "VTVcab Corp",
      "end_time": "2017-01-31T00:00:00Z",
      "industry": "Other",
      "position": "Tech lead",
      "conf_score": 0.7878693389357473,
      "start_time": "2013-01-01T00:00:00Z"
    },
    {
      "id": 15726,
      "detail": "",
      "company": "VIMASS",
      "end_time": "2013-01-31T00:00:00Z",
      "industry": "Other",
      "position": "Developer",
      "conf_score": 0.7878693389357473,
      "start_time": "2012-01-01T00:00:00Z"
    },
    {
      "id": 15728,
      "detail": "",
      "company": "PPCLink Mobile & VTC Game Studio",
      "end_time": "2012-01-31T00:00:00Z",
      "industry": "High Technology",
      "position": "Interns & Developers",
      "conf_score": 0.9050765977702602,
      "start_time": "2010-01-01T00:00:00Z"
    }
  ],
  "address": null
}