{
  "skills": [
    "stack",
    "css3",
    "iodine",
    "javascript",
    "es6",
    "react navigation",
    "mongodb",
    "management",
    "redux",
    "blockchain",
    "io",
    "frontend development",
    "html5",
    "leasing",
    "router",
    "redux saga",
    "react native",
    "android",
    "redux thunk",
    "native navigation",
    "ecs",
    "website development",
    "le",
    "github",
    "reactjs",
    "nextjs",
    "laravel",
    "navigation",
    "redux persist",
    "full stack development",
    "php",
    "mysql",
    "zeromq"
  ],
  "fulltext": "730 Le Duc Tho Street, Ho Chi Minh City (08) 945 935 349 luannguyenbkit@gmail.com LUAN NGUYENABOUT ME -I have about 3-year experience working with React JS and React Native especially Infinito Wallet product is one of my best product that I devoted a lot of time to build with my colleagues. It is used by more than 100k people and downloaded by more than 500k people also. -Before that, joining many Ecommerce projects related to ReactJS and Next.js brings me a lot of interest to work and research more about ReactJS, React- Native and Javascript. -I spend time learning so many Backend Technologies such as Nodejs, Laravel and I have some personal products related to this field also. EXPERIENCES Infinity Blockchain Labs SEP 2017 - NOW Project: Infinito Wallet (https://www.infinitowallet.io) Position: Leader & Senior React-Native Developer Technical: React-Native, Redux, Redux-saga, Redux-Persist, React- Navigation, React-Native-Navigation... Description: Infinito Wallet is my first project about Blockchains. It took me a lot of time to research React-Native and libraries related to Mobile. Scubism Vietnam APR 2016 - AUG 2017 Project: Repark-toppi (https://www.repark-toppi.jp/) Position: Frontend Developer Technical: NextJS, ReactJS, Redux, Redux Thunk, React Router... Descriptions: Repark toppi is a product of IoT which is about car park management. I worked for admin. I focus on NextJS and have a lot of experience of Server-Rendering. Project: EC-ORANGE Ecommerce platform (https://ec-orange.jp/) Position: Full Stack Developer Technical: ReactJS, Redux, Redux Thunk, React Router and Laravel for backend Descriptions: This is my first ReactJS project and also a big project of Scubism. I was familiar with ES6, definitions of Javascript and I started working ReactJS from this time. Vien Dong College AUG 2015 - MAR 2016 Project: VGB - vgb.com.vn Position: WEB Developer Technical: NodeJS, Laravel. Descriptions: VGB is a project about Gold Market. YouNet AUG 2014 - FEB 2015 Project: Processing Big Data with ZeroMQ Position: Developer Technical: PHP, ZeroMQ, PHP Memcache Descriptions: My responsibilities is crawling and dealing big data with ZeroMQ. Private Project PROJECTS IN FREETIME Project: LOOMKY (https://loomky.ch/) Position: React-Native Developer Technical: React-Native, Redux, Redux-saga, Redux-Persist, React-Navigation Descriptions: Loomky is a project about leasing cars. Project: TOPTRADE SHOPPING (https://play.google.com/store/apps/details?id=com.gts.toptrade) Position: React-Native Developer Technical: React-Native, Redux, Redux-saga, Redux-Persist , React-Navigation Descriptions: Toptrade Shopping is an online marketplace and has existed on Android. Project: AZB FUND (https://azbmining.com/) Position: React-Native Developer, Laravel Developer Technical: React-Native, Redux, Redux-saga, Redux-Persist, React-Navigation Descriptions: AZB FUND is an interesting project which builds a product for miners to have commissions. Project: REACT-NATIVE-NAVIGATION (https://github.com/luannguyenQV/react-native-boilerplate) Position: React-Native Developer Technical: React-Native, Redux, Redux-saga, Redux-Persist, React-Navigation Descriptions : This is my personal project. I have collected new technologies of React JS, React- Native as well as Redux, Redux-saga, React-Navigation. EDUCATION Master of Computer Science 2015 - NOW University: Ho Chi Minh University of Technology Thesis: Access Control for big data Advisor: Assoc. Prof. Dang Tran KhanhBachelor of Engineering 2009 - 2014 University: Ho Chi Minh City University of Technology Thesis: Processing Big Data With ZeroMQ Advisor: Assoc. Prof. Quan Thanh Tho SKILLS JAVASCRIPTS (ES6, ES7): REACTJS, REACT-NATIVE (A tons of libraries: Redux, Redux Thunk, Redux Saga, Redux Persist, Reselect, React-Navigation) NODEJS NEXTJS PHP: LARAVEL FRAMEWORKS HTML5, CSS3 MYSQL, MONGODB HOBBIES Read books, blogs about programming, history and novel. Play billiards, football. SOCIALS FACEBOOK: https://www.facebook.com/luannguyenbkit GITHUB: https://github.com/luannguyenQV LINKEDIN: https://www.linkedin.com/in/luannguyenbkit Powered by TCPDF (www.tcpdf.org)",
  "educations": [
    {
      "id": 4706,
      "gpa": null,
      "major": "Engineering",
      "school": "Ho Chi Minh City University of Technology",
      "diploma": "Bachelors",
      "end_time": "2014-01-01T00:00:00Z",
      "conf_score": 0.9341165813024392,
      "start_time": "2009-01-01T00:00:00Z",
      "picklist_major": "Other",
      "major categories": "",
      "major_categories_detail": ""
    },
    {
      "id": 4705,
      "gpa": null,
      "major": "Computer science",
      "school": "Ho Chi Minh University of Technology",
      "diploma": "Masters",
      "end_time": "2023-04-01T00:00:00Z",
      "conf_score": 0.9464906564127071,
      "start_time": "2015-01-01T00:00:00Z",
      "picklist_major": "IT - Hardware/Networking",
      "major categories": "Computer and information technology",
      "major_categories_detail": "Computer"
    }
  ],
  "experiences": [
    {
      "id": 15737,
      "detail": "Technical: React-Native, Redux, Redux-saga, Redux-Persist, React-Navigation, React-Native-Navigation... Description: Infinito Wallet is my first project about Blockchains. It took me a lot of time to research React-Native and libraries related to Mobile.",
      "company": "Infinity Blockchain Labs",
      "end_time": "2023-04-13T00:00:00Z",
      "industry": "Other",
      "position": "Leader and Senior React - Native Developer",
      "conf_score": 0.9300076365241543,
      "start_time": "2017-09-01T00:00:00Z"
    },
    {
      "id": 15738,
      "detail": "echnical: NextJS, ReactJS, Redux, Redux Thunk, React Router... Descriptions: Repark toppi is a product of IOT which is about car park management. I worked for admin. I focus on NextJS and have a lot of experience of Server-Rendering. Project: EC-ORANGE Ecommerce platform (https://ec-orange.jp/) Position: Full Stack",
      "company": "Scubism Vietnam",
      "end_time": "2017-08-31T00:00:00Z",
      "industry": "Other",
      "position": "Frontend Developer",
      "conf_score": 0.9300889487219538,
      "start_time": "2016-04-01T00:00:00Z"
    },
    {
      "id": 15739,
      "detail": "Technical: NodeJS, Laravel. Descriptions: VGB is a project about Gold Market.",
      "company": "Scubism Vietnam",
      "end_time": "2016-03-31T00:00:00Z",
      "industry": "Other",
      "position": "WEB Developer",
      "conf_score": 0.8847780264672979,
      "start_time": "2015-08-01T00:00:00Z"
    },
    {
      "id": 15740,
      "detail": "Technical: PHP, ZeroMQ, PHP Memcache Descriptions: My responsibilities is crawling and dealing big data with ZeroMQ.",
      "company": null,
      "end_time": "2015-02-28T00:00:00Z",
      "industry": "Other",
      "position": "Developer",
      "conf_score": 0.6981244904084882,
      "start_time": "2014-08-01T00:00:00Z"
    }
  ],
  "address": "730 Le Duc Tho Street, Ho Chi Minh City"
}