{
  "skills": [
    "hard working",
    "studio",
    "mobile system",
    "java",
    "git",
    "json",
    "testing",
    "clustering",
    "blackberry",
    "objective c",
    "project management software",
    "jira",
    "project planning",
    "design patterns",
    "io",
    "project management",
    "making decision",
    "payment",
    "swift",
    "mvvm",
    "analytics",
    "titan",
    "auditing",
    "xml",
    "mvc",
    "ocr",
    "software development",
    "android",
    "rest",
    "socket io",
    "mobile project",
    "xcode",
    "management",
    "unit testing",
    "trello",
    "problem solving"
  ],
  "fulltext": "RESUME Personal Information: Full name:Ken Vu Date of birth:9th November, 1982 Place of birth:Viet Nam Gender:Male Address: 19 Cong Hoa Street,Tan Binh,Ho Chi Minh City Phone (Mobile) 0908 168 099 Email:vuvietan911 @gmail.com Skype:vu.viet.an Education Background: 12/2002 07/2006: University of Technology Sydney, Australia Bachelor of Science in Information Technology (Graduated) 09/1999 08/2002: Ho Chi Minh City University of Technology (HCMUT), HCMC, Vietnam Information Technology 09/1996 06/1999: Nguyen Thi Minh Khai High School, HCMC, Vietnam Certificate of Graduation Certifications: -Bachelor of Science in Information Technology -IELTS (6.5) Skills and attributes: Programming skills: -8 years experiences in developing mobile app for iOS -2 years experience in developing Android app -Languages: Objective-C, Swift, Java -Ability to use Adobe Photoshop, Sketch, Zeplin Management skills: -Project Planning -Communication -Member motivations - Decision-making -Problem-solving Softwares: -IDE: xCode, Android Studio -Managements: Jira, Trello -Communication: Skype, Slack -Source control: Git Technologies: -Storyboard, Autolayout, Analyze tools -JSON/XML, REST API - Social networks: Facebook, Youtube, Google -Health Kit -Push notification -In-app purchase -Ads network -Socket programming -Unit testing -Design patterns: MVC, MVVM Professional skill: -Mobileteamlead,collect&analyzeprojectsrequirements,providehighlevelsolution&softwarearchitecture.Estimate&assigntaskstoappropriateteammembers.ApplyScrummethodologyforproject management software development -Strongteamplayerandprojectmanagementskillsgainedfromvarious academic projects -Abilitytospeak,listen,readandwriteEnglish&Vietnamesefluently Attributes: -Be willing to learn & a fast learner -Hard working & responsible -Self motivated -Be able to work under pressure -Flexibility and adaptability -Willing to listen & change -Initiative and enthusiasm Mobile projects (iOS & Android): Name Description Duration Technologies Palup Chat application 6 months Objective-C, socket IO Bodytan Scan Skin scanning application 4 months Objective-C,techniquetodetectskin color ESScan Document management and processing application 1 year Objective-C, storyboard,OCR,CoreData Applicint Health & Inssurance application 1 year Objective-C,HealthKit,CoreData Launchpad Application for school - iPad app 6 months Objective-C, storyboard Barworld Bar & Club promotion application 5 months Objective-C,storyboard,pushnotification, Facebook Graph API ORB Healthcare application 1 year Swift,storyboard,pushnotification iBackward App to reverse videos, add image & text to videos, slow motion videos 3 months Swift,storyboard,pushnotification,FacebookGraphAPI, Youtube API iLaugh Social network applications similar to 9GAG 6 months Swift ,storyboard,pushnotification,FacebookGraphAPI,YoutubeAPI,Adsnetwork(Google&Facebookads),Analytics tool PhotoBrowsing Extracts photo & videos from website and display in app 2 months Swift3,storyboard,pushnotification,analytic tools CIBOS Post and find meals around you (iOS & Android) 6 months Swift3,storyboard,pushnotification,analytictools,Authorize.netpayment,mapclustering Auvenir Auditing mobile app (iOS & Android) 1 year Objective-C,Realtime,SocketProgramming Work History: Year Company Position Projects 2006-2007 CSC (Paragon Solutions) Java Developer 2007 -2015 Elisoft 2007-2008: Java developer 2008-2015: Mobile developer (iOS + Android + Blackberry) eHealth Various outsourcing projects 2015-2016 New Ocean Information System Mobile team lead Various outsourcing projects 2016-2017 Amaris Mobile team lead Management Softwares 2018 Titan Mobile team lead Auvenir Powered by TCPDF (www.tcpdf.org)",
  "educations": [
    {
      "id": 4703,
      "gpa": null,
      "major": "Information technology",
      "school": "Ho Chi Minh City University of Technology (HCMUT),",
      "diploma": "Bachelors",
      "end_time": "2002-08-01T00:00:00Z",
      "conf_score": 0.9264183525559493,
      "start_time": "1999-09-01T00:00:00Z",
      "picklist_major": "IT - Hardware/Networking",
      "major categories": "Computer and information technology",
      "major_categories_detail": "Information technology"
    },
    {
      "id": 4704,
      "gpa": null,
      "major": null,
      "school": "Nguyen Thi Minh Khai High School",
      "diploma": "Other",
      "end_time": "1999-06-01T00:00:00Z",
      "conf_score": 0.7551000629210486,
      "start_time": "1996-09-01T00:00:00Z",
      "picklist_major": "Other",
      "major categories": "",
      "major_categories_detail": ""
    },
    {
      "id": 4702,
      "gpa": null,
      "major": "Information technology",
      "school": "University of Technology Sydney, Australia",
      "diploma": "Bachelors",
      "end_time": "2006-07-01T00:00:00Z",
      "conf_score": 0.917841109432358,
      "start_time": "2002-12-01T00:00:00Z",
      "picklist_major": "IT - Hardware/Networking",
      "major categories": "Computer and information technology",
      "major_categories_detail": "Information technology"
    }
  ],
  "experiences": [
    {
      "id": 15732,
      "detail": "",
      "company": "Auvenir",
      "end_time": "2018-12-31T00:00:00Z",
      "industry": "Other",
      "position": "Mobile team lead",
      "conf_score": 0.704580444636798,
      "start_time": "2018-01-01T00:00:00Z"
    },
    {
      "id": 15733,
      "detail": "",
      "company": "Titan",
      "end_time": "2017-01-31T00:00:00Z",
      "industry": "Other",
      "position": "Mobile team lead",
      "conf_score": 0.9050765977702602,
      "start_time": "2016-01-01T00:00:00Z"
    },
    {
      "id": 15734,
      "detail": "",
      "company": "Amaris",
      "end_time": "2016-01-31T00:00:00Z",
      "industry": "Other",
      "position": "Mobile team lead",
      "conf_score": 0.8202357435735704,
      "start_time": "2015-01-01T00:00:00Z"
    },
    {
      "id": 15735,
      "detail": "",
      "company": "Elisoft",
      "end_time": "2015-01-31T00:00:00Z",
      "industry": "Other",
      "position": "Java developer",
      "conf_score": 0.9050765977702602,
      "start_time": "2008-01-01T00:00:00Z"
    },
    {
      "id": 15736,
      "detail": "",
      "company": "CSC (Paragon Solutions)",
      "end_time": "2007-01-31T00:00:00Z",
      "industry": "High Technology",
      "position": "Java Developer",
      "conf_score": 0.9162385206282713,
      "start_time": "2006-01-01T00:00:00Z"
    }
  ],
  "address": "19 Cong Hoa Street, Tan Binh, Ho Chi Minh City"
}