{
  "skills": [
    "io",
    "cocoapods",
    "postgresql",
    "core data",
    "enterprise",
    "design patterns",
    "restful",
    "css",
    "django",
    "python",
    "git",
    "oop",
    "testing",
    "swift",
    "rest",
    "objective c",
    "html"
  ],
  "fulltext": "CHIEM DUC CHIiOS Developer ABOUT ME- About 3 years of experience in iOS development - Have basic knowledge in backend REST api with Django and Python (I wrote the api for my own app) - Fluent in EnglishSKILLSSWIFT OBJECTIVE-C GIT AUTO LAYOUT CORE DATAPHOTOSHOP XCODE OOP RESTFUL HTML & CSS API EXPERIENCEWANNA INCiOS developer, Dec 2017 - now- In charged of all iOS projects of the company - Involved in architecture, design patterns, coding best practices for all iOS projectsCONSTRUCT DIGITALiOS Intern, Aug 2016 - Dec 2017 - Focused on learning about iOS development by making demos, improve through code reviews. - In charged of maintaining iOS e-commerce brand app that's available in multiple SEA countries (Tupperware). - Supported to develop an enterprise app for teaching purpose for a Japanese company. EDUCATION & TRAININGUNIVERSITY OF SOCIAL SCIENCES & HUMANITIESBachelor of Arts in Australian Studies2011-2015 STANDFORD IOS SWIFT ONLINE COURSEHARVARD EDX: INTRODUCTION TO CSLANGUAGES ENGLISH FluentToeic 890/990 PROJECTS TASTESHAREWanna IncThis is a cooking app. My responsibilities: - Analyzed requirements with the team. - Researched for the most suitable architecture. - Developed the app from scratch, with best practices in mind. - Testing and fixing bugs. - Implemented the changes/new features required by the manager. - Submitted to Appstore. Techs involved: Cocoapods, Google/Facebook logins, Swift, Rest API, Youtube Video Player, Autolayout. OHAYO CHECKERLionThis is an app to check for the emotions of children through their voice, from the emotion data we can tell if something is wrong with the children. My responsibilities: - Analyzed requirements. - Developed the app from scratch. - Testing and fixing bugs. - Implemented the changes/new features required by the manager. Techs involved: Cocoapods, Audio Record, Swift, Rest API, Autolayout. NOVER: TRUYEN FULL - CONVERTPersonal projectThis is a novel reader app with multiple sources for readers to choose. * The highest rank was 9th on Books Category of Vietnam Appstore. My responsibilities: - Brainstormed the requirements - Divided the requirements into phases base on priority. - Developed the iOS app with Swift - Built the backend API with Python, Django and Postgresql. - Submitted to Appstore. Techs involved: Amazon Web Services, Core Data, Auto layout, web crawling, Postgresql, REST API, Django,...TUPPERWARE SINGAPORETupperware BrandsThis is an e-commerce app for people to view the products, get promos,... My responsibilities : - Worked on out-dated code base. - Improved the app performance. - Reduced number of crash points from 4 to zero. - Fixed numerous of layout issues. Techs involved: 3rd party library, image caching, REST API, Objective-C, debugging.",
  "educations": [
    {
      "id": 4723,
      "gpa": null,
      "major": "Industrial design",
      "school": "UNIVERSITY OF SOCIAL SCIENCES & HUMANITIES",
      "diploma": "Bachelors",
      "end_time": "2015-01-01T00:00:00Z",
      "conf_score": 0.9116797220560419,
      "start_time": "2011-01-01T00:00:00Z",
      "picklist_major": "Art/Design",
      "major categories": "Art",
      "major_categories_detail": "Applied Arts"
    }
  ],
  "experiences": [
    {
      "id": 15784,
      "detail": "- In charged of all iOS projects of the company- Involved in architecture, design patterns, coding best practices for all iOS projects",
      "company": "WANNA INC",
      "end_time": "2023-04-13T00:00:00Z",
      "industry": "Other",
      "position": "iOS developer",
      "conf_score": 0.9125776658202421,
      "start_time": "2017-12-01T00:00:00Z"
    },
    {
      "id": 15785,
      "detail": "- Focused on learning about iOS development by making demos, improve through code reviews.- In charged of maintaining iOS e-commerce brand app that's available in multiple SEA countries (Tupperware). - Supported to develop an enterprise app for teaching purpose for a Japanese company.",
      "company": "CONSTRUCT DIGITAL",
      "end_time": "2017-12-31T00:00:00Z",
      "industry": "High Technology",
      "position": "iOS Internet",
      "conf_score": 0.9142206543796373,
      "start_time": "2016-08-01T00:00:00Z"
    }
  ],
  "address": null
}