{
  "skills": [
    "memcached",
    "search",
    "sourcetree",
    "git",
    "css",
    "html",
    "reactjs",
    "redis",
    "amp",
    "css3",
    "mysql",
    "bitbucket",
    "redux",
    "jquery",
    "mobx",
    "marketing",
    "sales",
    "html5",
    "javascript",
    "payment",
    "apache",
    "database",
    "sc",
    "nginx",
    "laravel",
    "bootstrap",
    "restful",
    "jenkins",
    "frontend development",
    "php",
    "teamwork",
    "gulp",
    "sphinx",
    "data structure",
    "gitlab",
    "redmine"
  ],
  "fulltext": "Tran Thanh DamFullStack/ReactJs Developer 415/25 Truong Chinh street, TanBinh district, HCM City ttdam92@outlook.comDropoutsCONTACTEDUCATIONInformation TechnologyTay Do University| October 2010 - June 2012 0939 071 958 Bac Lieu 01/06/1992 linkedin.com/in/henrytran92 Single HCM City- Develop, upgrade and maintain company's e-commerce website- Integrated Bagasus Logistics API- Execute landing pages for sales event - Communicate with other developers to find solutions and resolve problems.- Report to Team LeaderLanguages ​​and Techs:+ Website developed based on Prestashop CMS+ Front-end: Javascript, jQuery, Bootstrap, CSS3, HTML5+ Back-end: PHP (Prestashop CMS), MySQL, Memcached, RESTful API+ Source Control: Git/GitlabTake care project https://www.sosanhgia.com- Work directly to the Director to make plans and develop features- Communicate with other developers to find solutions and resolve problems.- Create task schedules and report to the Director- Research and make suggestions (Functioning, Layout, UX)- Integrated Google AMP, Structured data for better SEO.- ​​Optimize backend and frontend code for high performance, SEOs and highEXPERIENCESPHP DeveloperPhuc Hai, LTD| 02/2016 - 11/2016Senior PHP DeveloperKeycap JSC| 12/2016 - 04/2018 SKILLSPHPJavascriptCSS3/SASS/LESSMySQLApache, Nginx,LunixReactJS/ReduxRedis, ElasticsearchTeamworkLANGUAGESEnglishWorking knowledgeINTERESTSMusic, Book, Travel, Movie, Mangaranked Google PageSpeedLanguages ​​and Techs:+ Front-end: HTML, Javascript/jQuery/SCSSulp, CSS -end: Phalcon PHP+ Database: MySQL, Sphinx+ Source control: Bitbucket, SourceTree- Develop Login/Payment gateway for web game- Create, integrate & maintain API for game- Support other teams (Product team, Marketing team)- Work directly to Director /Team leader to make plant and develop new featuresLanguages ​​& techs:- PHP and PHP Frameworks (Laravel, Zend)- MySQL, Elastic search, Redis- CSS/SCSS- ReactJS, Redux, Js, jQuery- Git/Bitbucket, Sourcetree, Jenkins , Redmine...- Take care, develop new version for frontend project of giig.asia - an influencerplatform.- Convert static layouts design on Figma to cool application.- We (my team) meeting every morning to reporting task progress, share ideasand discuss to resolve problems.Languages ​​& techs:- ReactJs, Mobx, Mobx State Tree, Webpack- HTML5/CSS3/SCSS/BootstrapFullStack DeveloperMySquar Limited| 05/2018 - 11/2018Senior Frontend DeveloperTicketBox Co Ltd| 11/2018 - Present",
  "educations": [
    {
      "id": 4714,
      "gpa": null,
      "major": "Information technology",
      "school": "Tay Do University",
      "diploma": "Bachelors",
      "end_time": "2012-06-01T00:00:00Z",
      "conf_score": 0.8087261703987104,
      "start_time": "2010-10-01T00:00:00Z",
      "picklist_major": "IT - Hardware/Networking",
      "major categories": "Computer and information technology",
      "major_categories_detail": "Information technology"
    }
  ],
  "experiences": [
    {
      "id": 15763,
      "detail": "- Take care, develop new version for frontend project of giig.asia - an influencer platform.- Convert static layouts design on Figma to cool application.- We (my team) meeting every morning to reporting task progress, share ideas and discuss to resolve problems.Languages ​​& techs:- ReactJs, Mobx, Mobx State Tree, Webpack - HTML5/CSS3/SCSS/Bootstrap",
      "company": "TicketBox Co Ltd",
      "end_time": "2023-04-13T00:00:00Z",
      "industry": "Other",
      "position": "Senior Frontend Developer",
      "conf_score": 0.902768374209996,
      "start_time": "2018-11-01T00:00:00Z"
    },
    {
      "id": 15764,
      "detail": "- Develop Login/Payment gateway for web game- Create, integrate & maintain API for game- Support other teams (Product team, Marketing team)- Work directly to Director/Team leader to make plant and develop new featuresLanguages ​​& techs:- PHP and PHP Frameworks (Laravel, Zend) - MySQL, Elastic search, Redis - CSS/SCSS - ReactJS, Redux, Js, jQuery",
      "company": "MySquar Limited",
      "end_time": "2018-11-30T00:00:00Z",
      "industry": "Other",
      "position": "FullStack Developer",
      "conf_score": 0.902768374209996,
      "start_time": "2018-05-01T00:00:00Z"
    },
    {
      "id": 15765,
      "detail": "Take care project https://www.sosanhgia.com- Work directly to the Director to make plans and develop features- Communicate with other developers to find solutions and resolve problems.- Create task schedules and report to the Director - Research and make suggestions (Functioning, Layout, UX) - Integrated Google AMP, Structured data for better SEO. - Optimize backend and frontend code for high performance, SEOs and highMusic, Book, Travel, Movie, Manga ranked Google PageSpeed ​​Languages ​​and Techs: + Front-end: HTML, Javascript/jQuery/Gulp, CSS/SCSS + Back-end: Phalcon PHP + Database: MySQL, Sphinx + Source control: Bitbucket, SourceTree",
      "company": "Keycap JSC",
      "end_time": "2018-04-30T00:00:00Z",
      "industry": "Other",
      "position": "Senior PHP Developer",
      "conf_score": 0.902768374209996,
      "start_time": "2016-12-01T00:00:00Z"
    },
    {
      "id": 15766,
      "detail": "- Develop, upgrade and maintain company's e-commerce website- Integrated Bagasus Logistics API - Execute landing pages for sales event- Communicate with other developers to find solutions and resolve problems.- Report to Team Leader PH Languages ​​and Techs: + Website developed based on Prestashop CMS + Front-end: Javascript, jQuery, Bootstrap, CSS3, HTML5 + Back-end: PHP (Prestashop CMS), MySQL, Memcached, RESTful API + Source Control: Git/Gitlab",
      "company": "Phuc Hai, LTD",
      "end_time": "2016-11-30T00:00:00Z",
      "industry": "Other",
      "position": "PHP Developer",
      "conf_score": 0.902768374209996,
      "start_time": "2016-02-01T00:00:00Z"
    }
  ],
  "address": "415/25 Truong Chinh street, Tan Binh district, Hcm City"
}