{
  "skills": [
    "online games",
    "css",
    "git",
    "windows 8",
    "svn",
    "html",
    "reactjs",
    "linux",
    "html page",
    "redis",
    "ubuntu",
    "mysql",
    "entity framework",
    "sqlite",
    "jquery",
    "angular",
    "sql",
    "log management",
    "sql",
    "c#",
    "windows server",
    "stack",
    "sql database",
    "payment",
    "wsdl",
    "website development",
    "database",
    "mvvm",
    "banking",
    "npm",
    "laravel",
    "codeigniter",
    "nginx",
    "mvc",
    "bootstrap",
    "windows phone",
    "php",
    "software development",
    "teamwork",
    "mariadb",
    "backend development",
    "centos",
    "management",
    "restful",
    "asp"
  ],
  "fulltext": "Pham Ngoc DucSoftware DeveloperAddress1072/1 Truong Sa street, Ward 12, District 3,HCMC, VietnamPhone 0937746537E-mail ducpn216@gmail.comDate of birth1989-06-216 years of experience of the Back End development (PHP, NodeJS, Redis, NPM, ...)8 years of experience in Front End / web development (HTML, CSS, ReactJS, ...)5 years of experience in programming with .NET technology8 years of experience of database (MySQL, MSSQL)Could deploy services on Linux (CentOS, Ubuntu) and Windows ServerExperience in working directly with China and Korea client. Working under high pressure and having good teamwork skills 2018-04 -2019-01Full Stack Software DeveloperStartup (Game Online) ResponsibilitiesAchievementsBuilt Auto Telco Recharge System (using NodeJS, Redis Queue). System could automatically login into thirdparty system and recharge Telco cards in the queue, it could recover and recharge failed cardsBuilt Payment System (Telco Card, Banking, SMS, InApp) (using PHP Laravel framework, NodeJs, Mysql)Connected some services from China, Korea partners (using Restful API, .NET WSDL)Built Auto Crawl System (using NodeJS, Mysql). System could automatically crawl posts from websitesperiodicallyMaintained databases (Backup, Replication)Could work well with frameworks : ReactJs, Nodejs (Sail JS, Express JS), PHP (Laravel, Codeigniterframework)Could work well with MariaDB, MySql, RedisCould deploy services on Linux ( CentOs, Ubuntu)Familiar with packages from NPM, Composer2015-01 -2018-04Full Stack Software DeveloperME Corporation ResponsibilitiesBuilt Payment System (Telco Card, Banking, SMS, InApp) (using PHP Laravel framework, NodeJs, Mysql)Built General CMS (Content Management System) ) for all game websites (using Laravel framework, NodeJs,Mysql, Redis)Built Support Management System (using ReactJs, NodeJs, Redis)Built and maintained websites that are compatible on PC, Tablet and Mobile (using Laravel framework, mysql,html, css, ...)Deploy HTML pages from Photoshop fileDeploy all services (nginx, redis, ...) on Linux (CentOS, Ubuntu)Integrated services (payment, login, statistics, ...) from foreign partners (China, Korea )EXPERIENCEAchievements Could work well with some frameworks : ReactJs, Nodejs (Sail JS, Express JS), PHP (Laravel, Codeigniterframework) Could work well with MariaDB, MySql, RedisCould deploy services on Linux (CentOs, Ubuntu)Familiar with packages from NPM, ComposerWebsites could be compatible on PC, Tablet and Mobile 2014-01 -2015-01Software DeveloperDI Central Vietnam ResponsibilitiesAchievementsBuilt application on Windows Phone mobile and Windows 8 tablets (Distribution Management System Project)Built components for app on Win8Build APIs for appBuilt SQLite database for storageHad experience in development on mobile and tabletCould work well with XAML languageHad experience in working with MVVM pattern and some patterns in DMS projectHad some useful knowledges about business of Distribution Management System2013-03 -2014-01Software DeveloperVTC Online ResponsibilitiesAchievementsBuilt and maintained websites of games (.NET WebForm and MVC) 3.5, Entity Framework)Built events for gamesIntegrated APIs from foreign partnersIntegrated payment for games (charging card, banking)Built Inside System (statistics, users, payment, logs, ...) Could work well with C#, MVC, .NET Entity Framework , 3 Layers ModelCould work well with SqlServer, Windows ServerOptimized performance of websites and databasesOvercame incidents quicklyCollaborated and worked with partners well2011-01 -2013-03Software DeveloperFPT Online ResponsibilitiesAchievementsBuilt and maintained websites of games (.NET WebForm)Built events for gamesBuilt forums of games (VBulletin) )Built APIs to connect to other departments (Payment dept, Inside dept)Built log management systemFamiliar with C#, ASP.NET, SQL Server, MySQL, jQuery, CSS, HTMLCut HTML from PSD file quicklyOptimized queries and store proceduresOptimized websites with high score of Google InsightOptimized websites for SEO standards2007-10 -2011-01Hoa Sen University, Bachelor in Software, 2011EDUCATIONPHP (Laravel, CodeIgniter framework, Composer, Webpack)Node JS (Express JS, Sail JS)Front End (HTML, CSS, React JS, Angular JS, Bootstrap, Semantic UI).NET (C#, ASP.NET, Windows Form)Database (SQL Server, MySQL, Redis)Server (Windows Server, Linux CentOS - Ubuntu)Source Control (Git, SVN, TFS)SKILLSFootballTravelCoffeeINTERESTS",
  "educations": [
    {
      "id": 4732,
      "gpa": null,
      "major": "Software",
      "school": "Hoa Sen University",
      "diploma": "Bachelors",
      "end_time": "2011-01-01T00:00:00Z",
      "conf_score": 0.8204576913853826,
      "start_time": "2011-01-01T00:00:00Z",
      "picklist_major": "Other",
      "major categories": "",
      "major_categories_detail": ""
    }
  ],
  "experiences": [
    {
      "id": 15829,
      "detail": "rtup (Game Online) Responsibilities Achievements Built Auto Telco Recharge System (using NodeJS, Redis Queue). System could automatically login into third party system and recharge Telco cards in the queue, it could recover and recharge failed cards Built Payment System (Telco Card, Banking, SMS, InApp) (using PHP Laravel framework, NodeJs, Mysql) Connected some services from China, Korea partners (using Restful API, .NET WSDL) Built Auto Crawl System (using NodeJS, Mysql). System could automatically crawl posts from websites periodically Maintained databases (Backup, Replication) Could work well with frameworks : ReactJs, Nodejs (Sail JS, Express JS), PHP (Laravel, Codeigniter framework) Could work well with MariaDB, MySql, Redis Could deploy services on Linux (CentOs, Ubuntu) Familiar with packages from NPM, Composer",
      "company": null,
      "end_time": "2019-01-31T00:00:00Z",
      "industry": "Other",
      "position": "Full Stack Software Developer",
      "conf_score": 0.9076390508009022,
      "start_time": "2004-04-13T00:00:00Z"
    },
    {
      "id": 15830,
      "detail": "ponsibilitiesBuilt Payment System (Telco Card, Banking, SMS, InApp) (using PHP Laravel framework, NodeJs, Mysql) Built General CMS (Content Management System) for all game websites (using Laravel framework, NodeJs, Mysql, Redis) Built Support Management System (using ReactJs, NodeJs, Redis) Built and maintained websites that are compatible on PC, Tablet and Mobile (using Laravel framework, mysql, html, css, ...) Deploy HTML pages from Photoshop file Deploy all services (nginx, redis, ...) on Linux (CentOS, Ubuntu) Integrated services (payment, login, statistics, ...) from foreign partners (China, Korea) Achievements Could work well with some frameworks : ReactJs, Nodejs (Sail JS, Express JS) , PHP (Laravel, Codeigniter framework) Could work well with MariaDB, MySql, Redis Could deploy services on Linux (CentOs, Ubuntu) Familiar with packages from NPM, Composer Websites could be compatible on PC, Tablet and Mobile",
      "company": "ME Corporation",
      "end_time": "2018-01-31T00:00:00Z",
      "industry": "Other",
      "position": "Full Stack Software Developer",
      "conf_score": 0.9066901719952083,
      "start_time": "2001-04-13T00:00:00Z"
    },
    {
      "id": 15831,
      "detail": "ponsibilitiesAchievements Built application on Windows Phone mobile and Windows 8 tablets (Distribution Management System Project) Built components for app on Win8 Build APIs for app Built SQLite database for storage Had experience in development on mobile and tablet Could work well with XAML language Had experience in working with MVVM pattern and some patterns in DMS project Had some useful knowledges about business of Distribution Management System",
      "company": "DI Central Vietnam",
      "end_time": "2015-01-31T00:00:00Z",
      "industry": "Other",
      "position": "Software Developer",
      "conf_score": 0.8963209441344201,
      "start_time": "2001-04-13T00:00:00Z"
    },
    {
      "id": 15832,
      "detail": "ponsibilitiesAchievements Built and maintained websites of games (.NET WebForm and MVC 3.5, Entity Framework) Built events for games Integrated APIs from foreign partners Integrated payment for games (charging card, banking) Built Inside System (statistics, users, payment, logs, . ..) Could work well with C#, MVC, .NET Entity Framework, 3 Layer Model Could work well with SqlServer, Windows Server Optimized performance of websites and databases Overcame incidents quickly Collaborated and worked with partners well",
      "company": "VTC Online",
      "end_time": "2014-01-31T00:00:00Z",
      "industry": "Other",
      "position": "Software Developer",
      "conf_score": 0.8963209441344201,
      "start_time": "2003-04-13T00:00:00Z"
    }
  ],
  "address": "1072/1 Truong Sa street, Ward 12, District 3, Hcmc, Vietnam"
}