{
  "skills": [
    "digital marketing",
    "payment",
    "marketing",
    "intervals",
    "sales",
    "reporting and analysis",
    "administration",
    "market research",
    "analysis",
    "sell",
    "roof",
    "email marketing",
    "scheduling",
    "decision making",
    "analyzing reports",
    "forums"
  ],
  "fulltext": "EXPERIENCENayCMO DichoichungDichung Jsc each phase of the project, PR, facebook ads ...>> Add 4000 real members to the group>> Develop 25 key experiences, 9 experts, 150 tours2018Marketing Giovanni Group about needs, trends, customers, competitors, distribution networks, products, price ranges, business programs, services and customer-focused business report analysis, products, prices . Compare with the expenditure to make a product and marketing plan for each month, each purchase, each year. Plan and control the product development process in terms of materials, design, quantity, packaging. Brand, supplier, market leaderPlan and control the marketing process from distribution, PR, digital, e-commerce activities to business programs Implement from the same as the Creative Director to bring from faculty, cloves, product information>> 2017 revenue exceeded 13% of target>> E-commerce revenue exceeded 380% of target>> Polo Filo BST revenue exceeded 84% of target Target>> Sales of Italy Luxury Handbag Collection exceeded 52% of target20162016Review of brand Boo Ltd Market research, sales data analysis, consumption planning for each purchaseProduct development: product selection, quality selection materials, choosing partners, negotiating entry prices, setting selling prices, following the lead and quality of the products, and finding new sources for the project, giving the same marketing plan and similarity to each collection >> 2015 revenue exceeded 32% compared to the previous year. with the goal>> 2016 to increase 2 stores compared to 2015>> From vi tri thu 3 to vi tri thu 2 in the ranking of company brands>> Develop 2 new sources for the project2014Email 2014 FreelanceWriting , post PR, content, SEO, FacebookRun ads FacebookTest apps, set up website>> Write standard SEO 500 words in 15 minutes2012Tran Thi Ngoc QuyenMarketing leader INTRODUCTIONI have experience in creativity and constant change. I have the opportunity to work for some of the most remote brands in Vietnam. I have the ability to control the whole and focus on every detail at the same time. I worked continuously under great pressure, highly focused for long periods of time, controlled the work according to deadlines and worked well in a timely manner. I like to work in a small group but do my own work effectively and efficiently. OBJECTIVES: 40 years old CONTACTS Born11/24/1987Di Dong+84368035592ttnquyen.bk@gmail.comDia chiLinh Dam, Hoang Mai, HanoiKY DEVICESEnglishMS OfficeSEO, Content , News, PRSet up websiteEvent EXPERIENCE2012Truong Nhom Marketing onlineVC Corp20112011Content MarketingVC Corp2010Merchendiser Hanosimex2010Executive 2010Branch of Manufacturing Sportswear Joint Stock CompanyWrite product content, PR articles, blogs, SEO articles, Dien DanWrite media messages for CPC, description , email marketing, banners, newsletters, running ads Linking products on the website with other e-commerce magazines such as Dien Dan, groups Upload similar, set up and take photos Provide information on the website >> Write PR articles quickly Lastest in 30 minutes>> Best time to run ads: 18 million/2h/128 orders Order management: receiving documents - proofreading, translation, and testingPairing, checking, sending and matching Working on documentation, production planning>> Know the materials in the textile industryBuilding an e-commerce website with all functions: management of products, NCC, payment, transportation, storage, trading tools, PR, SEO, digital marketing, customer care Research the market and sales history to decide on target products, complementary products, branded products ... in each stage Choose which products to store and non-Marketing budgets: deciding on directions, marketing messages, words, choosing product content, choosing advertising channels, PR, CPC, Facebook, email marketing, making business programs Update trends, trends, Hot news to use for sales and PR >> 2011 revenue exceeded 8% of target >> Best achievement: 800 units / product code / 3 on the webDIMEMANHHonesty, promotion, energy, revenue Fast, use strong language, show off quickly, work most effectively when being the main owner at work, DIFFERENTIAL when defending your personal views, SUCH TINH THINH NGUYEN NGUYEN NGUYEN NGUYEN NGUYEN NGUYEN NGUYEN NGUYEN NGUYNH NGUYEN NGUYEN VIETNAM Business AdministrationNational Formosa University, Taiwan2012Bachelor of Business Administration2010Bachelor of Garment Technology and Fashion DesignHanoi University of Science and Technology, Vietnam. Nguyen My HangBranch SuperviserLotte Co., LtdHOI THAO2013Fomosa 2013 Conference, TaiwanTransWorld University 2013 Conference, Taiwan091884286nguyenmyhang104@gmail.com",
  "educations": [
    {
      "id": 4750,
      "gpa": null,
      "major": "Engineering technology of building materials",
      "school": "Hanoi University of Science and Technology",
      "diploma": "Bachelors",
      "end_time": "2010-01-01T00:00:00Z",
      "conf_score": 0.9046868950032719,
      "start_time": null,
      "picklist_major": "Technical",
      "major categories": "Technology",
      "major_categories_detail": "Architectural and construction engineering technology"
    },
    {
      "id": 4749,
      "gpa": null,
      "major": "Urban and construction management",
      "school": "National Formosa University",
      "diploma": "Masters",
      "end_time": "2014-01-01T00:00:00Z",
      "conf_score": 0.9050765977702602,
      "start_time": null,
      "picklist_major": "Architecture / Interior Design",
      "major categories": "Architecture and construction",
      "major_categories_detail": "Architecture and planning"
    }
  ],
  "experiences": [
    {
      "id": 15889,
      "detail": "each phase of the project event, PR, facebook ads ... >> Add 4000 real members to the group >> Develop 25 core experiences, 9 experts, 150 tours",
      "company": "Dichoichung Dichung Jsc",
      "end_time": "2023-04-13T00:00:00Z",
      "industry": "Other",
      "position": "CMO",
      "conf_score": 0.919071140268551,
      "start_time": "2018-01-01T00:00:00Z"
    },
    {
      "id": 15891,
      "detail": "Market research on needs, trends, customers, competitors, distribution networks, products, price ranges, business programs, services and Customer Focused Business Reporting Analysis, product, price. Compare with set targets to come up with product and marketing plans for each month, season, year. Plan and control the product development process in terms of material, design, quantity, packaging. brands, suppliers, delivery schedulePlan and control the marketing process from distribution, PR, digital, e-commerce activities to business programsImplemented from the Creative Director's ideas to bring out keywords, orientation, product information>> 2017 revenue exceeded 13% of target>> E-commerce revenue exceeded 380% of target>> Polo Filo BST revenue exceeded 84% compared to target Target>> Sales of Italy Luxury Handbag Collection exceeded 52% of target",
      "company": "Giovanni Group",
      "end_time": "2016-12-31T00:00:00Z",
      "industry": "Other",
      "position": "Product Marketing",
      "conf_score": 0.8300731565898793,
      "start_time": "2016-01-01T00:00:00Z"
    },
    {
      "id": 15893,
      "detail": "Market research, sales data analysis, sales planning for each season Product development: product selection, material selection, partner selection, import price negotiation, selling price development, progress tracking and product quality Find new sources of goods for the project Provide orientation and marketing ideas for each collection >> 2015 revenue exceeded 32% of target >> 2016 increased 2 stores compared to 2015 >> From No. 3 rose to the 2nd position in the ranking of the company's brands>> Develop 2 new product sources for the project",
      "company": "Boo Ltd",
      "end_time": "2016-01-31T00:00:00Z",
      "industry": "Other",
      "position": "Brand Management",
      "conf_score": 0.919071140268551,
      "start_time": "2014-01-01T00:00:00Z"
    },
    {
      "id": 15894,
      "detail": "Build a fully functional e-commerce website: product management, NCC, payment, shipping, warehousing, trade tools, PR, SEO, digital marketing, customer care, market research and sales history to decide on target products, complementary products, branded products ... in each stage Choose which products to store and budget estimatesMarketing: decide on direction, marketing message, keywords, closing product content, choose advertising channels, PR, CPC, Facebook, email marketing, make business programsUpdate trends, trends, hot news to use for sales and PR >> 2011 revenue exceeded 8% compared to the target Target>> Best achievement: 800 pcs /1 product code / 3 days on the web",
      "company": "VC Corp",
      "end_time": "2012-01-31T00:00:00Z",
      "industry": "Other",
      "position": "Online Marketing Team Leader",
      "conf_score": 0.9309830986368706,
      "start_time": "2011-01-01T00:00:00Z"
    },
    {
      "id": 15895,
      "detail": "Write product content, PR articles, blogs, SEO articles, forumsWrite media messages, short descriptions for CPC, email marketing, banners, news stories, run ads Link products on the website with e-commerce platforms Other as well as forums, groups, Ideas, set up, take photos Provide inside information >> Write the fastest PR post in 30 minutes >> Best advertising performance: 18 million/2h/128 orders",
      "company": "VC Corp",
      "end_time": "2011-01-31T00:00:00Z",
      "industry": "Other",
      "position": "Content Marketing",
      "conf_score": 0.9174648511369632,
      "start_time": "2010-01-01T00:00:00Z"
    },
    {
      "id": 15896,
      "detail": "Order management: receiving documents - samples, translating and checkingPreparing samples, checking samples, sending and returning to partnersMaking documents, production plans>> Identify types of materials in the textile industry",
      "company": "Hanosimex",
      "end_time": "2010-12-31T00:00:00Z",
      "industry": "Other",
      "position": "Merchandiser staff",
      "conf_score": 0.8003058848900325,
      "start_time": "2010-01-01T00:00:00Z"
    }
  ],
  "address": "Linh Dam, Hoang Mai, Hanoi"
}