{
  "skills": [
    "angular",
    "enterprise system",
    "c#",
    "resource planning",
    "rest",
    "management",
    "unit test",
    "enterprise",
    "entity framework",
    "enterprise resource planning",
    "finance",
    "service management",
    "medium",
    "asp",
    "sps",
    "website development",
    "sql",
    "accounting",
    "le",
    "manage data",
    "mvc",
    "enterprise resources",
    "bootstrap",
    "mysql",
    "jquery"
  ],
  "fulltext": "Le Minh NhatMIDDLE WEB DEVELOPERPhone: 036-3907-361E-mail: minhnhat.sun1395@gmail.comAddress: 9 District, Ho Chi Minh City Seeking a responsible career in an organization where I can utilize my skills, knowledge to work at my level best . To grow with the organization and deliver the best possible services. Work hard to achieve the corporate targets and goals keeping in view the corporate mission and vision.KEY COMPETENCIES & OFFERINGSC#Angular 4MS SQLSAP(SQL Any Where)MySQLNodeJSJQueryASP .NETREST APIEntity FrameworkWORK EXPERIENCETRG InternationalSystem Manage Data of Hotel Hilton (American)(03-2017 - 10-2017) Provided application management services, room, ect for Hilton hotel..Role: Dev Key Responsibilities: Implement new and improve existing micro-services applications.Highlights: - ASP .NET, MVC - Bootstrap - MS SQL - Entiy FrameworkFPT SOFTWAREERP(Enterprise Resource Planning Systems)(12-2017-03-2019) Provide applications to manage tasks sush as: small and medium enterprise system, accounting - finance of member enterprise personal,..... We have 3 size Ha Noi, Da Nang, Ho Chi Minh, and total member is more than 500 members, I worked in size Ho Chi Minh, we have about 8 smallteam Dev function and big team Core, with 9 members each team.+ Role: Dev Function+ Key Responsibilities: - Implement new and improve existing micro-services applications. - Handle business, and load data to front end - Write SPs(Stored Procedure), UNIT TEST Front - end.+ Highlights: - REST API - SAP(SQL Any Where) - Angular 4EDUCATIONAssociation in Information Technology ( Sep 2013 - Sep 2016 ) UNIVERSITY OF NATURAL SCIENCESPowered by TCPDF (www.tcpdf.org)",
  "educations": [
    {
      "id": 4745,
      "gpa": null,
      "major": "Information technology",
      "school": "UNIVERSITY OF NATURAL SCIENCES",
      "diploma": "Bachelors",
      "end_time": "2016-09-01T00:00:00Z",
      "conf_score": 0.8459292895710756,
      "start_time": "2013-09-01T00:00:00Z",
      "picklist_major": "IT - Hardware/Networking",
      "major categories": "Computer and information technology",
      "major_categories_detail": "Information technology"
    }
  ],
  "experiences": [
    {
      "id": 15878,
      "detail": "ide applications to manage tasks sush as: small and medium enterprise system, accounting - finance of member enterprise personal,..... We have 3 sizes Ha Noi, Da Nang, Ho Chi Minh, and total member is more than 500 member, I worked in size Ho Chi Minh, we have about 8 smallteam Dev function and big team Core, with9 member each team.+ Role: Dev Fu",
      "company": "FPT SOFTWARE",
      "end_time": "2019-03-31T00:00:00Z",
      "industry": "High Technology",
      "position": "ERP(Enterprise Resource Planning Systems .)",
      "conf_score": 0.900251393514954,
      "start_time": "2017-12-01T00:00:00Z"
    },
    {
      "id": 15880,
      "detail": "Responsibilities: Implement new and improve existing micro-services applications.Highlights: - ASP .NET, MVC - Bootstrap - MS SQL - Entiy Framework TRG International",
      "company": "Hotel Hilton",
      "end_time": "2017-10-31T00:00:00Z",
      "industry": "Other",
      "position": "System Management Data",
      "conf_score": 0.7951781563417549,
      "start_time": "2017-03-01T00:00:00Z"
    }
  ],
  "address": "9 District, Ho Chi Minh City"
}