{
  "skills": [
    "java",
    "c++",
    "analysis",
    "bidding",
    "mysql",
    "data governance",
    "sqlite",
    "project management",
    "microsoft",
    "sql",
    "sales",
    "c#",
    "sell",
    "database design",
    "hl",
    "microsoft dynamics",
    "crm",
    "react native",
    "flutter",
    "object oriented",
    "php",
    "software development",
    "android",
    "postgresql",
    "data structure",
    "asp"
  ],
  "fulltext": "EDUCATION2002 - 2004 Phu Lam Vocational Technical High School Major: Information Technology (Intermediate)Graduate: Good 2005 - 2008 University of Natural Sciences Major: Information Technology (Bachelor's Degree)Graduate: Good , grade point average: 7.132008 - 20011 University of Science Major: Information Technology (Bachelor)Graduate: Good average, GPA: 6.38 Nguyen Thanh Hieu Mobile Programmer CONTACT INFORMATION October 21, 1984 NamTan Hoa Dong, P14, Q6, HCMC KNOWLEDGES TO LEARN Programming languages: Java, C++, ASP.NET, VB.NET, C#,PHP Database: SQL Server, MySQLOther topics: System analysis and design Systems, Software Project Management, Object Oriented Programming, Data Structures, Database Administration, Website Design and Development The company is very smooth.- Next: Together with the project team to develop and deploy the product to the market.- Finally: Desire to get a good position in the company. WORK EXPERIENCE16/07/2018 - 20 April 2019 (Mobile programmer)LAVIHOLDING JSC Software development: Agriculture management* Android: LaviFarm(https://play.google.com/store/apps/details?id=com.farm .laviholding.farmapp)* Flutter: Bidding Laviholding, Tanifood(https://play.google.com/store/apps/details?id=com.laviholdingthumuanongsan.flutterebiding&hl=en)(https://play.google.com/ store/apps/details?id=laviholding.tanifood.tanifoodintroduce&hl=en) * .Net: Farm Group (Microsoft Dynamics CRM)03/2016 - 7/15/2018 (Mobile programmer)GPPT Enterprise Software CO.,LTD Software Development: Sales Management, Supervision - DMS* Android: S2S(https://play.google.com/store/apps/details?id=com.bsd.s2s)* React Native: S2S Manager* .Net: Web Service03/2014 - 10/2015 (Java programmer) CHILD POS - YoungPOS - Troubleshooting and software maintenance:* Java: shopyoung, shopclient (Hanh Dung Shoes) POS (Sushi King Restaurant)- Software development: Sales management for POSK machines SKILLS Android, JavaC#, VB, ASP, React Native, FlutterMicrosoft Dynamic CRMPHP, QtSQL Server, MySQL, PostgreSQL, SQLiteRead and understand English documents Document study* Android: Nails POS, Restaurant POS, eMenu, Epinion* VB.Net: ePOS * ASP.Net: Dressing up BB* Qt: eMenu- Software development: Manage messaging for mobile* PHP: PosIQ (http://youngco.us/posiq)",
  "educations": [
    {
      "id": 4762,
      "gpa": "7.13",
      "major": "Information technology",
      "school": "University of Natural Sciences",
      "diploma": "Bachelors",
      "end_time": "2008-01-01T00:00:00Z",
      "conf_score": 0.9008467173080731,
      "start_time": "2005-01-01T00:00:00Z",
      "picklist_major": "IT - Hardware/Networking",
      "major categories": "Computer and information technology",
      "major_categories_detail": "Information technology"
    },
    {
      "id": 4761,
      "gpa": null,
      "major": "Information technology",
      "school": "Phu Lam Technical - Professional High School",
      "diploma": "Other",
      "end_time": "2004-01-01T00:00:00Z",
      "conf_score": 0.9279145309152705,
      "start_time": "2002-01-01T00:00:00Z",
      "picklist_major": "IT - Hardware/Networking",
      "major categories": "Computer and information technology",
      "major_categories_detail": "Information technology"
    }
  ],
  "experiences": [
    {
      "id": 15930,
      "detail": "Software development: Agriculture management* Android: LaviFarm (https://play.google.com/store/apps/details? id=com.farm.laviholding.farmapp)* Flutter: Bidding Laviholding, Tanifood (https: //play.google.com/store/apps/details? id=com.laviholdingthumuanongsan.flutterebiding&hl=en (https://play.google.com/store/apps/details? id=laviholding.tanifood.tanifoodintroduce&hl=en )* .Net: Farm Group (Microsoft Dynamics CRM)",
      "company": "LAVIHOLDING JOINT STOCK COMPANY",
      "end_time": "2019-04-30T00:00:00Z",
      "industry": "Other",
      "position": "Mobile programmer",
      "conf_score": 0.9174648511369632,
      "start_time": "2018-07-16T00:00:00Z"
    },
    {
      "id": 15932,
      "detail": "Software development: Sales management, monitoring - DMS * Android: S2S (https://play.google.com/store/apps/details? id=com.bsd.s2s)* React Native: S2S Manager * .Net: Web Services",
      "company": "GPPT Enterprise Software CO., LTD",
      "end_time": "2018-07-31T00:00:00Z",
      "industry": "Other",
      "position": "Mobile programmer",
      "conf_score": 0.9174648511369632,
      "start_time": "2016-03-01T00:00:00Z"
    },
    {
      "id": 15934,
      "detail": "Troubleshooting and software maintenance:* Java: shopyoung, shopclient (Hanh Dung Shoes) POS (Sushi King Restaurant) - Software development: Sales management for POS machines * Android: Nails POS, Restaurant POS, eMenu, Epinion * VB.Net: ePOS * ASP.Net: Dress of BB * Qt: eMenu - Software development: Mobile messaging management* PHP: PosIQ (http://youngco.us/posiq)",
      "company": "TRADING - MANUFACTURING - CHILD SERVICE CO., LTD - YoungPOS",
      "end_time": "2015-10-31T00:00:00Z",
      "industry": "Other",
      "position": "Java programmer",
      "conf_score": 0.9256580526889115,
      "start_time": "2014-03-01T00:00:00Z"
    }
  ],
  "address": "Tan Hoa Dong, Ward 14, District 6, Ho Chi Minh City"
}