{
  "skills": [
    "work ethic",
    "union",
    "marketing",
    "teamwork",
    "interpersonal skills",
    "streaming",
    "scrum master",
    "tester",
    "project control",
    "sales",
    "problem solving",
    "public speaking",
    "testing",
    "agile",
    "management",
    "communication skills",
    "excel"
  ],
  "fulltext": "Nguyen Vu Quoc TuQUALITY CONTROLWORK EXPERIENCELARION / BETARIONJun 2018 - PresentQuality Control - Project Meperia Strategic Supply Sourcing (Development)+ Main responsibilities: - Main Quality Control in the team, test on the third-party website aboutselling hospital supplement.- Write and design test case , making a formal document for testcase,get the document approved by the Scrum Master or QC lead. - Following many processes of company and project (Release process, hotfix process, log bug process,..etc). - Expertise in MS Office (Excel, Word, Powerpoint), Open Office.- Attend and Presentation new feature of the development team toanother team of project. - Handle Issue of the for offshore customer report. - Attend all Agile Scrum Course, Quality Control Mindset Course. + Achievements and skills achieved: - Be evaluated by Project Owner, Scrum Master, and Co-Worker: active, honest, good speaking. - Observe, learn and extremely adaptable when working. - Improve English Communication Skill, Influencing skills, Working underpressure, Interpersonal skills, Honest, Problem Solving, TimeManagement, Outgoing skill, Work ethic, Teaching/training skills,Creativity. Transcosmos Technologic ArtsJun 2017 - Jun 2018Quality Control - Project DECTECH (Chatbot)+ Main responsibilities:- Main Quality Control in the team, test on Mobile LINE chat applicationand administrator of chatbot website.- Document guideline for end-user.- Meeting with the offshore customer every week.- Create Data business flow with a scenario base on some random topic(Introduce HCMC, Sales Store AI,..v,.v).- Write and design test case, making a formal document for testcase.- Write and design a test report for the customer.+ Achievements and skills achieved: - Be evaluated positively by the Project Manager and Co-worker: active,extremely adaptable...- Passed ISTQB Certified Tester (2018).Individual Systems (IVS)Apr 2016 - Aug 2016Intership Quality Control - Project DOWA+ Main responsibilities:- Write a report for each activity every day.- Learn how to write the test case, basic testing knowledge.- Learn WaterFalls modern working style.- Attend Japanese Course in the Company.+ Recognition and Gains:Date of birthOctober 23, 1996Gender MalePhone 0785782368Email nguyenvuquoctu@gmail.comAddress31/19/24 Huynh Thien Loc St, TanPhu District, Ho Chi Minh CityWebsitelinkedin: www.linkedin.com/in/tunvq------- --------------------------------------facebook: www.facebook.com/nguyenvuquoctuOBJECTIVEJunior quality controlprofessional with nearly 2 yearsof effectively monitoring availability of products for efficiency,safety, and optimalperformance. Vigilant overseerwith a skilled understanding of product examination to catchdefects and imperfections, cuts, scratches, folds, andmissing components. My goal istrying to become Managerabout the resource for projects.SKILLSOfficeHosting EventComunicationPhotographProblem SolvingPresentationPublic SpeakingINTERESTSGoing to cinemaSocial ActivitiesSoccer, SwimmingStreaming gameMusicFPT - AptechJul 2014 - Mar 2016FPT - GreenwitchMar 2016 - Jan 2019Major: ProgrammingGPA: 3.0/4 - Distinction Grade, Good conduct. Minh Communist Youth Union.Major: E-Commerce and MarketingGPA: 2.0/4 - Distinction Grade, Good conduct.Used to be a member of Ho Chi Minh Communist Youth Union.EDUCATIONLARION / BESTARION - Hosting event / MCJun 2018 - PresentTranscosmos Technologic Arts - Hosting eventSep 2017 - Jun 2018Member of planning event team of project- Organize events for the trip, plan schedule, invites project member todo some activities at the party.- Guide and follow up all activities on the trip.- Photograph for the project.- Send special notification, party invitation to all members in the project.- Hosting team building every month.Member of planning event team beside with HR- Organize events for the trip, plan schedule, invites company member todo some activities at the party.- Guide and follow up all activities on the trip.- Photograph for the company.- Be an mc of the project.ACTIVITIESFPT Aptech Scholarship in 2nd, 3rd semester 2014- 2015 and 2st semester 2015 - 2016.2014 - 2016HONORS & AWARDSIELTS 6.0 Certificate issued by VUS2016Finished First Course Ceritificate in Wall Street English2017ISTQB Certified Tester2018Pragmatic Scrum Course2018CERTIFICATIONS- Good communicating with a co-worker.- Able to listen, Public speaking, Teamwork, Time management,Computer skills.Do Ngoc LuuLeader of DECTECH (Transcosmos Technologic Arts)Email: luudn@tactv .comMobile: 097 345 2067REFERENCESDoan Hong VanHR manager at LARIONEmail: vandh@larion.comMobile: 090 298 4483 topcv.vn",
  "educations": [
    {
      "id": 4770,
      "gpa": "3.0",
      "major": "Programming",
      "school": "FPT - Aptech",
      "diploma": "Other",
      "end_time": "2016-03-01T00:00:00Z",
      "conf_score": 0.917841109432358,
      "start_time": "2014-07-01T00:00:00Z",
      "picklist_major": "Other",
      "major categories": "",
      "major_categories_detail": ""
    },
    {
      "id": 4772,
      "gpa": "2.0",
      "major": "E - Commerce and Marketing",
      "school": "FPT - Greenwich",
      "diploma": "Other",
      "end_time": "2019-01-01T00:00:00Z",
      "conf_score": 0.9056944933108888,
      "start_time": "2016-03-01T00:00:00Z",
      "picklist_major": "Other",
      "major categories": "",
      "major_categories_detail": ""
    }
  ],
  "experiences": [
    {
      "id": 15980,
      "detail": "+ Main responsibilities:- Main Quality Control in the team, test on the third-party website about selling hospital supplement.- Write and design test case, making a formal document for testcase, get the document approved by the Scrum Master or QC lead. - Following many processes of company and project (Release process, hotfix process, log bug process,..etc).- Expertise in MS Office (Excel, Word, Powerpoint), Open Office. - Attend and Presentation new feature of the development team to another team of project.- Handle Issue of the for offshore customer report.- Attend all Agile Scrum Course, Quality Control Mindset Course. + Achievements and skills achieved:- Be evaluated by Project Owner, Scrum Master, and Co- Worker: active, honest, good speaking.- Observe, learn and extremely adaptable when working.- Improve English Communication Skill, Influencing skills, Working under pressure,Interpersonal skills,Honest, Problem Solving, Time Management, Outgoing skill, Work ethic, Teaching/training skills,Creativity.",
      "company": "LARION / BESTARION",
      "end_time": "2023-04-13T00:00:00Z",
      "industry": "Other",
      "position": "Quality Control - Project Meperia Strategi",
      "conf_score": 0.8318953857240761,
      "start_time": "2018-06-01T00:00:00Z"
    },
    {
      "id": 15983,
      "detail": "Project DECTECH (Chatbot) + Main responsibilities:- Main Quality Control in the team, test on Mobile LINE chat application and administrator of chatbot website.- Document guideline for end-user.- Meeting with the offshore customer every week.- Create Data business flow with a scenario base on some random topic(Introduce HCMC, Sales Store AI,..v,.v). - Write and design test case, making a formal document for testcase.- Write and design a test report for the customer.+ Achievements and skills achieved:- Be evaluated positively by the Project Manager and Co-worker: active, extremely adaptable.. .- Passed ISTQ",
      "company": "Transcosmos Technologic Arts",
      "end_time": "2018-06-30T00:00:00Z",
      "industry": "High Technology",
      "position": "Quality Control -",
      "conf_score": 0.8605808114883062,
      "start_time": "2017-06-01T00:00:00Z"
    },
    {
      "id": 15986,
      "detail": "- Project DOWA + Main responsibilities:- Write a report for each activity every day.- Learn how to write the test case, basic testing knowledge.- Learn WaterFalls modern working style.- Attend Japanese Course in the Company. + Recognition and Gains: - Good communicating with a co-worker.- Able to listen, Public speaking, Teamwork, Time management, Computer skills.",
      "company": "Individual Systems (IVS)",
      "end_time": "2016-08-31T00:00:00Z",
      "industry": "Other",
      "position": "Internship Quality Control",
      "conf_score": 0.9264139694127339,
      "start_time": "2016-04-01T00:00:00Z"
    }
  ],
  "address": "31/19/24 Huynh Thien Loc St, Tan Phu District, Ho Chi Minh City"
}