{
  "skills": [],
  "fulltext": "WORK EXPERIENCE2015 - 2016Tutor2/2017 - 3/2017Caesar Shipping & Logistics Company Limeted Sales staff6/2017 - 7/2018 Allure Rose Service Trading Company LimetedAssistChinh Thieu Duong CONTACT INFORMATION January 16, 1995 ACTIVITIES2013 - 2014Volunteer Green SummerSpring volunteer2015 - 2016Volunteer Support blood donation from Hematology Hospital Protecting sea turtles at Nui ChuaNam 01674057306 Chinhthinduongnvtq@gmail.com TP. Ho Chi Minh Gia Phat EDUCATIONOctober 2013 - 05/2017University of Social Sciences and HumanitiesSpecialization: Chinese Literature Qualification: GuestCertificate of Office Informatics A - 2016English A - 2016Import-Export Operations - 2016JOB OBJECTIVES Working in a dynamic environment to exploit all your strengths as well as limit your weaknesses to serve your work in the most effective way. Hobbies Reading books Travel SKILLS Office informatics English Teamwork topcv.vnPowered by TCPDF ( www.tcpdf.org)",
  "educations": [
    {
      "id": 4777,
      "gpa": null,
      "major": "Chinese",
      "school": "University of Social Sciences and Humanities",
      "diploma": "Bachelors",
      "end_time": "2017-05-01T00:00:00Z",
      "conf_score": 0.9348897017922045,
      "start_time": "2013-10-01T00:00:00Z",
      "picklist_major": "Interpreter/Translator",
      "major categories": "Humanities",
      "major_categories_detail": "Foreign languages, literature and cultures"
    }
  ],
  "experiences": [
    {
      "id": 16013,
      "detail": "",
      "company": "Allure Rose Service Trading Company Limited",
      "end_time": "2018-07-31T00:00:00Z",
      "industry": "Trade",
      "position": "Assistant",
      "conf_score": 0.9273032496682876,
      "start_time": "2017-06-01T00:00:00Z"
    },
    {
      "id": 16016,
      "detail": "",
      "company": "Caesar Shipping & Logistics Company Limited",
      "end_time": "2017-03-31T00:00:00Z",
      "industry": "Transportation & Logistics",
      "position": "Business man",
      "conf_score": 0.9088452353003246,
      "start_time": "2017-02-01T00:00:00Z"
    }
  ],
  "address": null
}