{
  "skills": [
    "critical thinking",
    "apollo",
    "administration",
    "excel",
    "class",
    "management",
    "sales",
    "communication skills"
  ],
  "fulltext": "MANAGEMENT TRAINEE EDUCATION Hong Duc High School September, 2012 June, 2015 - Highly gifted class - Graduated HUFLIT University September, 2015 Present - Major: International Business Administration Learning Chinese (Mandarin) January, 2017 Present CONTACT PHONE: 0903111907 / 0917650938 LINKED IN https://www.linkedin.com/in/the-vy-phung-098706171/ EMAIL: Phungthevy197@gmail.com HOBBIES Photography Editing Video Movies WORK EXPERIENCE Viet IT Company Sale person Intern Feb, 2019 Now Main responsibilities - Looking for new customers on different sources - Taking care of potential customers - Consulting about companys services - Telesale Achievement - Successfully deal with several customers with the approximate revenue $1000. STD&S Company Sale person Intern Aug, 2018 Nov, 2018 Main responsibilities - Supporting in contacting and negotiating with suppliers about trading terms - Checking quantity and quality of goods when they to warehouse Achievement and skilled are achieved - Critical thinking skill - Organization skill - Communication skill CERTIFICATES TOEIC: 795 MOS for Excel and Word ACTIVITIES Apollo English Junior Teaching Assistant Sep, 2017 Nov, 2018 Main responsibilities - Translating teachers comments or parents comments/ questions - Communicating with parents/teachers about their questions or requests Achievement and skills achieved: - Critical thinking skill - Organization skill - Communication skill - Arranged amicably with parents/teachers about their questions or requests SKILLS 60%90%85%OrganizationCritical thinkingCommunicationLANGUAGES English: Chinese:",
  "educations": [
    {
      "id": 4784,
      "gpa": null,
      "major": null,
      "school": "Hong Duc High School",
      "diploma": "Other",
      "end_time": "2015-06-01T00:00:00Z",
      "conf_score": 0.762719725555039,
      "start_time": "2012-09-01T00:00:00Z",
      "picklist_major": "Other",
      "major categories": "",
      "major_categories_detail": ""
    },
    {
      "id": 4785,
      "gpa": null,
      "major": "Industrial economy",
      "school": "HUFLIT University",
      "diploma": "Bachelors",
      "end_time": "2023-04-01T00:00:00Z",
      "conf_score": 0.9404253900297244,
      "start_time": "2015-09-01T00:00:00Z",
      "picklist_major": "Technical",
      "major categories": "Technology",
      "major_categories_detail": "Industrial Management"
    }
  ],
  "experiences": [
    {
      "id": 16030,
      "detail": "Main responsibilities- Looking for new customers on different sources- Taking care of potential customers- Consulting about companys services- Telesale Achievement - Successfully deal with several customers with the approximate revenue $1000.",
      "company": "Viet IT Company",
      "end_time": "2023-04-13T00:00:00Z",
      "industry": "High Technology",
      "position": "Sales person Intern",
      "conf_score": 0.9623726352765386,
      "start_time": "2019-02-01T00:00:00Z"
    },
    {
      "id": 16032,
      "detail": "Main responsibilities- Supporting in contacting and negotiating with suppliers about trading terms- Checking quantity and quality of goods when they arrived to warehouseAchievement and skilled are gained- Critical thinking skill- Organization skill- Communication skill",
      "company": "STD&S Company",
      "end_time": "2018-11-30T00:00:00Z",
      "industry": "Other",
      "position": "Sales person Intern",
      "conf_score": 0.9623726352765386,
      "start_time": "2018-08-01T00:00:00Z"
    }
  ],
  "address": null
}