{
  "skills": [
    "administration",
    "Internet",
    "energetic",
    "wordpress",
    "dom",
    "ams",
    "problem solving",
    "react native",
    "php",
    "medium",
    "laravel"
  ],
  "fulltext": "BUI NGOC PHUSenior Developer PHP96 Ton Dan, Ward 10, District 4, HCMCstrongover@gmail.com086 890 8879CAREER OBJECTIVETo work for a dynamic working environment where I can learn & contribute the best To move towards Project ManagerWORKING EXPERIENCESELDATSENIOR DEVELOPER PHP07/2017 - PRESENTMaintain and develop new features for warehouses application use laravelframeworkBuild E-commerce site, shopping cart , multiple delivery, discount and reportuse php fuel framework RINGIER COMPANYSENIOR DEVELOPER PHP08/2015 - 06/2017Maintain and develop new features for Ringier website used Wordpressand Laravel, build hybrid app mobile application used Ionic2 and Reactnative of FacebookWebsite: http://www.elle.vn/ http://www.marry.vn/ http://www.marrybaby.vn/ http://www.bepgiadinh.com/App: 1000ngayvangDRAGONFROOTDEVELOPER PHP03/2013 - 08/2015Out source for Netherlands and Vietnam. Used drupal, build website crawler spider used dom library VIETNAM MEDIA COMPANYDEVELOPER PHP07/2012 - 03/2013Worked for VN Media CompanyResponsible for wordpress, kohana framework and code PHP from the startto the end.EDUCATIONBACHELOR OF COMPUTER SCIENCE (GRADUATED - 2012)VIET NAM - KOREA FRIENDSHIPINFORMATION TECHNOLOGY COLLEGE2009 - 07/2012HOBBIESTravel, out-goingMovie & MusicReadingInternet exploringREFERENCESNo many people including me could deny the affect of information technology advanced products. I do believe myknowlegde and talent with further coperate training could help me contribute to Company development.I believe that my strong technical experience and education will make me a very competitive candidate for this position. Mysolid programming fundamentals and learning ability enable me to grasp new programming language and environments very quickly. I has successfully completed the training course: Professional Business Web Design with the results Outstanding. I haveworked Vietnam Media company for two years about code PHP, Wordpress , Kohana. I am a self-motivated administration professional interpersonal and organizational skills. I am proud of myself on myproblem solving abilities using initiative and persistence, and always maintain integrity and loyally.I am excited by this opportunity and I believe I would be creative and energetic asset to your company. topcv.vn",
  "educations": [
    {
      "id": 4792,
      "gpa": null,
      "major": "Computer science",
      "school": "VIET NAM - KOREA FRIENDSHIP INFORMATION TECHNOLOGY COLLEGE",
      "diploma": "Bachelors",
      "end_time": "2012-01-01T00:00:00Z",
      "conf_score": 0.7930238043945285,
      "start_time": null,
      "picklist_major": "IT - Hardware/Networking",
      "major categories": "Computer and information technology",
      "major_categories_detail": "Computer"
    }
  ],
  "experiences": [
    {
      "id": 16067,
      "detail": "Maintain and develop new features for warehouses application use laravel frameworkBuild E-commerce site, shopping cart , multiple delivery, discount and report use php fuel framework",
      "company": "SELDAT",
      "end_time": "2023-04-13T00:00:00Z",
      "industry": "Other",
      "position": "SENIOR DEVELOPER PHP",
      "conf_score": 0.9313320685594104,
      "start_time": "2017-07-01T00:00:00Z"
    },
    {
      "id": 16069,
      "detail": "Maintain and develop new features for Ringier website used Wordpress and Laravel, build hybrid app mobile application used Ionic2 and React native of Facebook Website: http://www.elle.vn/ http://www.marry.vn/ http:/ /www.marrybaby.vn/ http://www.bepgiadinh.com/",
      "company": "RINGIER COMPANY",
      "end_time": "2017-06-30T00:00:00Z",
      "industry": "Other",
      "position": "SENIOR DEVELOPER PHP",
      "conf_score": 0.9242175468478587,
      "start_time": "2015-08-01T00:00:00Z"
    },
    {
      "id": 16072,
      "detail": "Out source for Netherlands and Vietnam. Used drupal, build website crawler spider used dom library",
      "company": "DRAGONFROOT",
      "end_time": "2015-08-31T00:00:00Z",
      "industry": "Other",
      "position": "DEVELOPER PHP",
      "conf_score": 0.9257372771525854,
      "start_time": "2013-03-01T00:00:00Z"
    },
    {
      "id": 16075,
      "detail": "Worked for VN Media Company Responsible for wordpress, kohana framework and PHP code from the start to the end.",
      "company": "VIETNAM MEDIA COMPANY",
      "end_time": "2013-03-31T00:00:00Z",
      "industry": "Other",
      "position": "DEVELOPER PHP",
      "conf_score": 0.9257372771525854,
      "start_time": "2012-07-01T00:00:00Z"
    }
  ],
  "address": "96 Ton Dan, Ward 10, District 4, Ho Chi Minh City"
}