{
  "skills": [
    "search",
    "css",
    "git",
    "svn",
    "html",
    "linux",
    "mysql",
    "symfony",
    "wordpress",
    "cakephp",
    "jquery",
    "javascript",
    "database",
    "database design",
    "excel",
    "google maps",
    "bootstrap",
    "php",
    "tester",
    "redmine"
  ],
  "fulltext": "PHP DEVELOPER 1) PROFILE INFORMATION Full name: Dong Van Luu Gender: Male Birthday: 07/09/1990 Education: Bachelor of Information technology of University of Science HCMC Address: Vinh Loc A ward, Binh Chanh district , Ho Chi Minh city 2) WORKING PROCESS 02/2013 - 10/2014 VTM Vietnam J.S.C PHP Developer Take part in the first project named IJNET Team: 7 Developers, 2 Testers, 1 Leader My role: Developer as Intership Technology: PHP / Symfony 2 My tasks: Master screens : Aggregate (insert, update, delete, search) Transaction screens: Depot (javascript process) Coding the small PHP project that it interact with MySQL database and user (insert, update, delete, search) Modify and add small functions for the web application that it itinesary supervision via GPS technology (css, javascript process) Coding the HTML of small project that it buy cards online on mobile phone (javascript process with jquerymobile) Take part in a project named TMS Team: 3 Developers, 2 Testers, 1 Leader My role: Developer Technology: PHP / CakePHP 2 My tasks: Master screens: Route, Preset, Group, Set (insert, update, delete, search, import/export excel) Transaction screens: Route Assignment (javascript process) Experiences: - HTML , CSS, Bootstrap, Javascript, Jquery - PHP, Symfony, CakePHP - MySQL - Linux OS - Redmine, SVN - 01/2015 - 02/2016 Asian Dragon Co., Ltd PHP Developer Fix bug and upgrade (edit, add report screens) the adagps.com website (Supervision: location, fuel, camera, temperature of vehicles) Experiences: TBS, XAJAX, Google maps API, MySQL database 06/2017 - Currently Ligust & Co Co., Ltd PHP Developer Design database and code the backend of first-viec-lam.com website (Zend) Develop mobile phone shop website (Codeigniter) Batboduphattai.com: develop lease service website of canvas and umbrella Develop statistics website from timekeeping database of employee (Codeigniter) Maintain, fix bugs and update websites: (Wordpress) Beneflex.me Iconic-intl.com Jawhm.or.jp Experiences: Zend, Codeigniter, Wordpress, Sass, Git",
  "educations": [
    {
      "id": 4787,
      "gpa": null,
      "major": "Information technology",
      "school": "University of Science HCMC",
      "diploma": "Bachelors",
      "end_time": null,
      "conf_score": 0.8853210269101154,
      "start_time": null,
      "picklist_major": "IT - Hardware/Networking",
      "major categories": "Computer and information technology",
      "major_categories_detail": "Information technology"
    }
  ],
  "experiences": [
    {
      "id": 16044,
      "detail": "Design database and code the backend of first-viec-lam.com website (Zend) Develop mobile phone shop website (Codeigniter) Batboduphattai.com: develop lease service website of canvas and umbrella Develop statistics website from timekeeping database of employee (Codeigniter) Maintain , fix bugs and update websites: (Wordpress) Beneflex.me Iconic-intl.com Jawhm.or.jp Experiences: Zend, Codeigniter, Wordpress, Sass, Git",
      "company": "Ligust & Co Co., Ltd",
      "end_time": "2023-04-13T00:00:00Z",
      "industry": "Other",
      "position": "PHP Developer",
      "conf_score": 0.9062039189695287,
      "start_time": "2017-06-01T00:00:00Z"
    },
    {
      "id": 16045,
      "detail": "Fix bug and upgrade (edit, add report screens) the adagps.com website (Supervision: location, fuel, camera, temperature of vehicles)Experiences: TBS, XAJAX, Google maps API, MySQL database",
      "company": "Asian Dragon Co., Ltd",
      "end_time": "2016-02-29T00:00:00Z",
      "industry": "Other",
      "position": "PHP Developer",
      "conf_score": 0.9062039189695287,
      "start_time": "2015-01-01T00:00:00Z"
    },
    {
      "id": 16046,
      "detail": "Technology: PHP / Symfony 2 My tasks: Master screens: Aggregate (insert, update, delete, search) Transaction screens: Depot (javascript process) Coding the small PHP project that it interact with MySQL database and user (insert, update, delete, search) Modify and add small functions for the application web that it itinesary supervision viaGPS technology (css, javascript process) Coding the HTML of small project that it buy cards online on mobile phone (javascript process with jquerymobile) Take part in a project named TMS Team: 3 Developers, 2 Testers, 1 Leader My role:",
      "company": "VTM Vietnam J.S.C",
      "end_time": "2014-10-31T00:00:00Z",
      "industry": "Other",
      "position": "PHP Developer",
      "conf_score": 0.8253062896159454,
      "start_time": "2013-02-01T00:00:00Z"
    }
  ],
  "address": "Vinh Loc A ward, Binh Chanh district , Ho Chi Minh city"
}