{
  "skills": [
    "linux",
    "angular",
    "magento",
    "css",
    "java",
    "git",
    "github",
    "javascript",
    "codeigniter",
    "php",
    "circuit design",
    "management",
    "search",
    "jquery"
  ],
  "fulltext": "Nguyen Van DuongSenior PHP DeveloperI'm Duong Nguyen. I achieved bachelor degree in Engineering from MilitaryTechnology Academy. From 2010 to 2012, I took a course of ACCP at HanoiAptech. Until now, I have had 6 year working experience with PHP,Codeigniter , Magento and e-commerce system. From 2014 onwards, I haveworked as a full-time freelancer and have my own team to run overseas andlocal projects. I'm in the way to search for a challenging position where Ican hone my management skill and stand for chances to experience newtechnology and challenges.Military Technology AcademyEmbedded programingPLC programingElectronic circuit designHanoi AptechPHPJavaVisual BasicElectrical and Electronics Engineer09/2005 - 05/2010Aptech Certified Computer Professional06/ 2010 - 05/2012 EDUCATION SmartOSCMagento developerTeam LeaderSelf EmpolyeeMagento freelancerTeam leaderMagento developer04/2012 - 11/2014Freelancer Developer12/2014 - Present EXPERIENCES https://www.mut.de/ http://velostrada.no http://www.regimeproteine. com/ PROJECTS duongdk4@gmail.com https://github.com/sunboy88 Hanoi September 16, 1987 https://www.linkedin.com/in/jack-nguyen-61a4308 2/ Married Viet NamMagento/Codeigniter/PHPCSSJavascript, Jquery, Angular 1GitLinux ServerEcommerceManagement SKILLS LANGUAGES English Good INTERESTS Soccer table, Football, Travelhttp://sassandbide.com/ http://7xbeef.com/ http://www.littlegrommets.com/ http://www.tigeroy.com / http://jeweliq.com/ ADDITIONAL INFORMATIONHave a lot of soft skills, fun with colleagues.Powered by TCPDF (www.tcpdf.org)",
  "educations": [
    {
      "id": 4805,
      "gpa": null,
      "major": "PHP",
      "school": "Hanoi Aptech",
      "diploma": "Other",
      "end_time": "2012-05-01T00:00:00Z",
      "conf_score": 0.8948419004195385,
      "start_time": "2010-06-01T00:00:00Z",
      "picklist_major": "Other",
      "major categories": "",
      "major_categories_detail": ""
    },
    {
      "id": 4804,
      "gpa": null,
      "major": "Embedded programming",
      "school": "Military Technology Academy",
      "diploma": "Bachelors",
      "end_time": "2010-05-01T00:00:00Z",
      "conf_score": 0.8605125012298107,
      "start_time": "2005-09-01T00:00:00Z",
      "picklist_major": "Other",
      "major categories": "",
      "major_categories_detail": ""
    },
    {
      "id": 4803,
      "gpa": null,
      "major": "Engineering",
      "school": "Military Technology Academy",
      "diploma": "Bachelors",
      "end_time": "2012-01-01T00:00:00Z",
      "conf_score": 0.8520783753460532,
      "start_time": "2010-01-01T00:00:00Z",
      "picklist_major": "Other",
      "major categories": "",
      "major_categories_detail": ""
    }
  ],
  "experiences": [
    {
      "id": 16097,
      "detail": "",
      "company": "Self Employed",
      "end_time": "2023-04-13T00:00:00Z",
      "industry": "Other",
      "position": "Magento freelancerTeam leaderFreelancer Developer",
      "conf_score": 0.7551834254203837,
      "start_time": "2014-12-01T00:00:00Z"
    },
    {
      "id": 16098,
      "detail": "",
      "company": "SmartOSC",
      "end_time": "2014-11-30T00:00:00Z",
      "industry": "High Technology",
      "position": "Magento developerTeam LeaderMagento developer",
      "conf_score": 0.7897513794629749,
      "start_time": "2012-04-01T00:00:00Z"
    },
    {
      "id": 16099,
      "detail": "have my own team to run overseas and local projects. I'm in the way to search for a challenging position where I can hone my management skill and stand for chances to experience new technology and challenges.",
      "company": null,
      "end_time": "2014-01-31T00:00:00Z",
      "industry": "Other",
      "position": "freelancer",
      "conf_score": 0.836534767644288,
      "start_time": "2012-01-01T00:00:00Z"
    }
  ],
  "address": "Vietnam"
}