{
  "skills": [
    "management tools",
    "docker swarm",
    "git",
    "testing",
    "chef",
    "github",
    "clustering",
    "puppet",
    "automation",
    "python",
    "solution design",
    "self learning",
    "rss",
    "linux",
    "orchestration",
    "mysql",
    "azure",
    "manage server",
    "kubernetes",
    "continuous delivery",
    "linux system",
    "microsoft",
    "windows powershell",
    "process automation",
    "sql",
    "openstack",
    "c#",
    "devops",
    "sps",
    "database",
    "load balancing",
    "file server",
    "docker",
    "cloud",
    "enterprise",
    "jenkins",
    "php",
    "teamwork",
    "rssa",
    "management",
    "aws",
    "paas"
  ],
  "fulltext": "s _+07/2015 - 12/2016r+01/2017 - Ongoingr+EXPERIENCESoftware Engineer DevOpsCSC Viet NamHCMConfigure management tools experience: Chef.Writing scripts: Windows Powershell, Windows Batch Script, Linux Bash Script.Version control tools experience: Gittolite, Github .CI/CD tools: Jenkins.Containerization platform: Docker CEKnowledge at programming languages: C,C,C#, PHP, Python.Have experience on design and setup load balancing and clustering systems.Knowledge at database systems as: MySQL, MS SQL. System EngineerSwiss Post Solutions Viet NamHCMDesign the systems follow DevOps concept.Implement OTP system using RSA and apply hardening for linux system.Configuration and setup file server using NAS Synology system.Have experience working on Microsoft Office 65 system.Using cloud platform such as: AWS , Azure, Google. Be able to setup, configure and manage Openstack system.Setup and manage production systems using Puppet, Foreman.Research and implement new potential software.Working on Docker EE and SUSE CaaS to implement an orchestration system.Research and delivery object storage SUSE enterprise storage.Contributing to the technical solution design for new projects.STRENGTHSTeamworkTime managementResearch and self learning0/200 - 12/201rEDUCATIONBachelorUniversity of Technology and EducationDAO NGUYENDevOps Engineer222 n.minhdao0gmail.comHCMLANGUAGESEnglishIntermediate10/2015 - 0/2016r+0/2016 - 07/2016r+07/2016 - 12/2016r+01/2017 - 0/2017r+0/2017 - 06/2017r+07/2017 - 0/201r+PROJECTSIntegralCSC VNSetup Chef system to manage production nodes and writing Chef scripts to auto process daily deploy tasksNo need to manual configure and deploy the web application to the server.Manage the servers by the cookbooks which can be managed and implement from Chef web UI.IPOSCSC VNSetup git server for source code version control. Setup and configure Jenkins for auto daily build and Chef for auto deployment tasks.Completely setup Continuous Delivery system.MNCCSC VNSetup git server for source code version control. Setup and configure Jenkins for auto daily build and Chef for auto deployment. Support UAT and Production stages for MNC project.Do the automation process to build and deploy from development environment to UAT and production environment.OTP systemSPS VNImplement OTP system using RSA and apply hardening for linux system.Writing Puppet modules for auto implement RSA agent and apply hardening for new nodes.Microsoft Oce 365SPS VNWorking on SPS's Office 65 system.Research and implement Sharepoint 2016 on-premises system for SPS VN.Support and manage daily tasks on Office 65 system of SPS global.Platform as a ServicePaaSSPS VNWorking on research and propose new PaaS for SPS VN and SPS GlobalResearch and migrate some currently system to Docker Swarm.Research and pilot new CaaS platform from SUSE.Testing Docker EE with Kubernetes integration.0/201 - 0/201r+0/201 - Ongoingr+PROJECTSStorage as a ServiceSPS VNWorking on research and implement object storage systemBuild up SUSE Enterprise Storage base on Ceph.TKSPS VNIn charge support for SPS's client form GermanyContributing to technical solution design documents.Build up Dev & Test environments using AWS.Deploy and manage UAT & Production environment using Kubernetes .Powered by TCPDF (www.tcpdf.org)",
  "educations": [
    {
      "id": 4810,
      "gpa": null,
      "major": null,
      "school": "University of Technology and Education",
      "diploma": "Bachelors",
      "end_time": "0201-12-01T00:00:00Z",
      "conf_score": 0.7815044523897963,
      "start_time": null,
      "picklist_major": "Other",
      "major categories": "",
      "major_categories_detail": ""
    }
  ],
  "experiences": [
    {
      "id": 16109,
      "detail": "Design the systems follow DevOps concept.Implement OTP system using RSA and apply hardening for linux system.Configuration and setup file server using NAS Synology system.Have experience working on Microsoft Office 65 system.Using cloud platform such as: AWS, Azure, Google. Be able to setup, configure and manage Openstack system.Setup and manage production systems using Puppet, Foreman. Research and implement new potential software.Working on Docker EE and SUSE CaaS to implement an orchestration system.Research and delivery object storage SUSE enterprise storage.Contributing to the technical solution design for new projects.",
      "company": "Swiss Post Solutions Vietnam HCM",
      "end_time": "2017-12-31T00:00:00Z",
      "industry": "Transportation & Logistics",
      "position": "System Engineer",
      "conf_score": 0.8219279905271546,
      "start_time": "2017-01-01T00:00:00Z"
    },
    {
      "id": 16111,
      "detail": "Configure management tools experience: Chef. Writing scripts: Windows Powershell, Windows Batch Script, Linux Bash Script. Version control tools experience: Gittolite, Github. CI/CD tools: Jenkins. Containerization platform: Docker CE Knowledge at programming languages: C,C ,C#, PHP, Python. Have experience on design and setup load balancing and clustering systems.Knowledge at database systems as: MySQL, MS SQL.",
      "company": "CSC Viet Nam HCM",
      "end_time": "2016-12-31T00:00:00Z",
      "industry": "Other",
      "position": "Software Engineer DevOps",
      "conf_score": 0.8948419004195385,
      "start_time": "2015-07-01T00:00:00Z"
    }
  ],
  "address": null
}