{
  "skills": [
    "online games",
    "marketing communications",
    "data analysis",
    "business strategy",
    "dash",
    "analysis",
    "administration",
    "digital marketing",
    "project management",
    "positive attitude",
    "marketing",
    "implementation",
    "management",
    "medium",
    "sales",
    "digital content"
  ],
  "fulltext": "NGUYEN NGOC09 July 1988ngngthanhmai@gmail.com+84938613093facebook.com/ngngthanhmailinkedin.com/in/ngngthanhmaiTHANH MAILIFE PHILOSOPHYYou dare to go through a hard struggle as thespirit moves you and definitely see the light at the end of the tunnel Stock 2017 - PresentPlan and develop merchandising strategies that balance customers'expectations and company's objectives through analysing sales figures,customers reactions and market trends to anticipate product needs andplan product plans.Maximise customer interests and sales levels by online displayingproducts appropriately and produce layout for stores .Forecast profits/sales and plan budgets base on monitor stockmovement and consider promotions, price changes, clearance.AchievementsGrowth 120 stores with over 1 million shoppers per month.Keep brand's reputation and customers' trust in the media crisiscommunication.ODIGITAL MARKETING MANAGERCalifornia Management Group 2015 - 2017Build plans and orientate strategies for Marketing Projects inside andoutside of CMG to achieve superior customer engagement strategically by establishexploiting all aspects of the media marketing roadmap with the allocationof marketing budget to ensure achievement profit objectives.Create marketing programs including: pricing strategy,building communication strategies , planning activations/promotions tobuild category connection with consumers, forecasting and allocation of marketing budget to ensure achievement brand profit objectives.Co-ordinate between external partners and internal departments toensure the implementation of marketing activities, all aligned with thesystem.I also create appropriate tracking procedures to ensureproperexecution of these activities.AchievementsMake California Fitness & Yoga the most interested fitness brand in thefitness industry.Most Valuable Player prize at CMG Award 2016.6/10 TOP content that generates the most engagement on socialmedia in fitness industry.70o.0oo: new fans got in 6 months with the best cost ever.ODIGITAL MARKETING CONSULTANTHD Digital Agency 2014 - 2016Assist Digital Marketing Director with strategy and operationaldecisions, whilst ofering generating marketing ideas and provideconsultancy during the client meeting.Create and effectively disseminate digital content plans, coordinate,implement and monitor targeted and segmented campaigns andprojects across relevant channels to promote the client's products and services to customers.Build and maintain strong, long-lasting customer relationships toanalyze customer needs; give the plan to approach the problem as thepremise for the meeting of ideas and digital marketing plans for clients.AchievementsReceive satisfaction from customers who cooperated: Coke, Close up,Hazeline, KFC, Men's Biore, Dien Quang, Aviva Vietnam, Sapporo, Head& Shoulder , LinkedIn, Cat Tien Sa...50%: the growth rate of Galaxy Cinema revenue from social media withmy strategic and operation content role.OSENIOR MARKETINGVNG Corporation 2011 - 2015Be responsible for the ativities of the MKT online products including:paid media (banner) ads, GDN, SEM), PR, Social media, promotions,. toensure the objectives of branding, new user, revenue, churn user, ..Provide prE0MOST PROUD OAllCon Cung's growthfrom 280 stores to 400 stores with over amillion shopper per monthYMost Valuable Playerat California Management GrouplMarking California Fitness & Yoga the most interested fitness brandLeading in the fitness industry andFacebook honors Success Story toinspire marketerLF]Vietnam Recordcertificated by Organization VietnamGuinness for the map of Vietnam with the most representative imagese10 years experience in marketingthrough strategy building andimplementing plans for 52 campaignsSTRENGTHSBusiness Strategy)Project Management)(ogical Thinking )Data Analysis )Marketing)Positive Attitude) ( Taking Responsibility)(CFlexibility)(Assertiveness )CCreativity)(Self-Control )AHOBBIES AND INTERESTS1RUNNINGjoin Dalat Ultra Trail, Dragon Dash, 42raceLCLIMBING & ADVENTURE TRAVELconquer Fansipan, Ba Den and discoverTu Lan Caves SystemQTAKE CARE FAMILYhappily married and has Photography content production and promotion, including website, keyvisual, content, technical and policy literature.Create and effectively disseminate digital content (graphics, videos)across various internal and external channels in supporting of aboveand below the line.AchievementsManage the 2nd biggest social network with more than 4 million users.1 Vietnamese record: \"Online Map have attached most photo profile\" iscertificated by Organization Vietnam Guinness.3 online games (Include Gunny, Boom, Wartune): manage all activities ofthe MKT online and get more 1 million users per month for each product.10,000 participants: implement the marketing communication for theevent\"Dai Hoi Lau Hanh\" in December 2014, this is the ofline event thatatracted the most participants in the field of online games in Vietnam atthe moment there.85o.00: organize and operate 1 of the 2 largest fan page in the field ofonline game.EDUCATIONMBA of Business Administration at Ho ChiBusiness Training & Digital Marketing at BMGInternational EducationEngineers of Information Technology at HongBang International UniversityOWEBMASTERHoang Quan Corporation Limited 2009 - 2011Maintain websites and servers to meet user needs, take responsibility for making site easy to use, atractive and secure.Work closely with colleagues and external stakeholders to assess websiteeffectiveness and identify opportunities for continuous improvement.",
  "educations": [
    {
      "id": 4837,
      "gpa": null,
      "major": "Urban and construction management",
      "school": "Ho Chi",
      "diploma": "Masters",
      "end_time": null,
      "conf_score": 0.754892152877782,
      "start_time": null,
      "picklist_major": "Architecture / Interior Design",
      "major categories": "Architecture and construction",
      "major_categories_detail": "Architecture and planning"
    },
    {
      "id": 4838,
      "gpa": null,
      "major": "Information technology",
      "school": "Hong Bang International University",
      "diploma": "Other",
      "end_time": null,
      "conf_score": 0.8324313187237338,
      "start_time": null,
      "picklist_major": "IT - Hardware/Networking",
      "major categories": "Computer and information technology",
      "major_categories_detail": "Information technology"
    }
  ],
  "experiences": [
    {
      "id": 16195,
      "detail": "Plan and develop merchandising strategies that balance customers' expectations and company's objectives through analyzing sales figures, customers reactions and market trends to anticipate product needs and plan product stock.Maximise customer interests and sales levels by online displaying products appropriately and produce layout plans for stores. Forecast profits/sales and plan budgets base on monitor stock movement and consider promotions, price changes, clearance.Achievements Growth 120 stores with over 1 million shoppers per month.Keep brand's reputation and customers' trust in the media crisis communication.",
      "company": "Bow Join Stock",
      "end_time": "2023-04-13T00:00:00Z",
      "industry": "Other",
      "position": "MARKETING & MERCHANDISE MANAGER",
      "conf_score": 0.9125776658202421,
      "start_time": "2017-01-01T00:00:00Z"
    },
    {
      "id": 16196,
      "detail": "Build plans and orientate strategies for Marketing Projects inside and outside of CMG to achieve superior customer engagement achievement strategically exploiting all aspects of the media marketing roadmap with the allocation of marketing budget to ensure profit profit objectives.Create marketing programs including: establish pricing strategy, building communication strategies, planning activations/promotions to build category connection with consumers, forecasting and allocation of marketing budget to ensure achievement brand profit objectives.Co-ordinate between external partners and internal departments to ensure the implementation of marketing activities, all aligned with thesystem.I also create appropriate tracking procedures to ensure properexecution of these activities.Achievements Make California Fitness & Yoga the most interested fitness brand in the fitness industry.Most Valuable Player prize at CMG Award 2016. 6/10 TOP content that generates the most engagement on social media in fitness industry. 70o.0oo: new fans got in 6 months with the best cost ever.",
      "company": "California Management Group",
      "end_time": "2017-01-31T00:00:00Z",
      "industry": "Other",
      "position": "DIGITAL MARKETING MANAGER",
      "conf_score": 0.8934852989433446,
      "start_time": "2015-01-01T00:00:00Z"
    },
    {
      "id": 16197,
      "detail": "Assist Digital Marketing Director with strategy and operational decisions, whilst generating marketing ideas and providing relevant consultancy during the client meeting.Create and effectively disseminate digital content plans, coordinate, implement and monitor targeted and segmented campaigns and projects across channels to promote the client's products and services to customers.Build and maintain strong, long-lasting customer relationships to analyze customer needs; give the plan to approach the problem as the premise for the meeting of ideas and digital marketing plans for clients.Achievements Receive satisfaction from customers who cooperated: Coke, Close up,Hazeline, KFC, Men's Biore, Dien Quang, Aviva Vietnam, Sapporo, Head & Shoulder, LinkedIn, Cat Tien Sa... 50%: the growth rate of Galaxy Cinema revenue from social media with my strategic and operation content role.",
      "company": "HD Digital Agency",
      "end_time": "2016-01-31T00:00:00Z",
      "industry": "High Technology",
      "position": "DIGITAL MARKETING CONSULTANT",
      "conf_score": 0.9125776658202421,
      "start_time": "2014-01-01T00:00:00Z"
    },
    {
      "id": 16198,
      "detail": "Be responsible for the ativities of the MKT online products including: paid media (banner ads, GDN, SEM), PR, Social media, promotions,. to ensure the objectives of branding, new user, revenue, churn user, .. Provide pr relevant content production and promotion, including website, key visual, content, technical and policy literature.Create and effectively disseminate digital content (graphics, videos) across various internal and external channels in supporting of above and below the line.Achievements Manage the 2nd biggest social network with more than 4 million users.1 Vietnamese record: \"Online Map have attached most photo profile\" is certificated by Organization Vietnam Guinness. 3 online games (Include Gunny, Boom, Wartune): manage all activities of the MKT online and get more 1 million users per month for each product.10,000 participants: implement the marketing communication for theevent\"Dai Hoi Lau Hanh\" in 12/2014 , this is the ofline event that atracted the most participants in the field of online games in Vietnam at the moment there. 85o.00: organize and operate 1 of the 2 largest fan page in the field of online game.",
      "company": "VNG Corporation",
      "end_time": "2015-01-31T00:00:00Z",
      "industry": "High Technology",
      "position": "SENIOR MARKETING",
      "conf_score": 0.9046002206438599,
      "start_time": "2011-01-01T00:00:00Z"
    },
    {
      "id": 16199,
      "detail": "Maintain websites and servers to meet user needs, take responsibility for making site easy to use, atractive and secure.Work closely with colleagues and external stakeholders to assess website effectiveness and opportunities for continuous improvement.",
      "company": "Hoang Quan Corporation Limited",
      "end_time": "2011-01-31T00:00:00Z",
      "industry": "Other",
      "position": "WEBMASTER",
      "conf_score": 0.9219244899197291,
      "start_time": "2009-01-01T00:00:00Z"
    }
  ],
  "address": null
}