{
  "skills": [
    "studio",
    "java",
    "css",
    "git",
    "typescript",
    "extjs",
    "finance",
    "objective c",
    "structure",
    "reactjs",
    "html",
    "game development",
    "ajax",
    "css3",
    "es6",
    "io",
    "redux",
    "rxjs",
    "swagger",
    "postman",
    "le",
    "visual studio",
    "redux persist",
    "html5",
    "javascript",
    "swift",
    "mvvm",
    "physic",
    "sencha touch",
    "redux saga",
    "rxswift",
    "react native",
    "cache",
    "mvc",
    "object oriented",
    "cocos2d",
    "teamwork",
    "android",
    "process model"
  ],
  "fulltext": "Senior Developer Trung Le Chi PERSONAL DETAILS Full name:Trung Le Chi Gender: Male. Date of birth:10/09/1988 Email:chitrungdev@gmail.comPhone:0563 209 221 Nationality: Vietnamese. Address: 199 Tam Da street, Ward Truong Thanh, District 9, Ho Chi Minh City. SUMMARY Senior Developer with experience helping companies complete projects on-right-time with high-quality. I have experienced in build and growth team EDUCATIONAL BACKGROUND Bachelor of NIIT EMPLOYMENT HISTORY Period Company Job Title May 2019 - Now Triip Pte. Ltd Senior React-Native Developer Dec 2017 May 2019 FPT Software Team/Tech lead 2015-2017 S60 Senior Mobile Developer 2014-2015 Nexlesoft Senior Mobile Developer 2012-2014 POPS WorldWide Mobile Game Developer 2010-2012 Industrial University of Ho Chi Minh City .NET Developer 1 hello@recruity.co | 0886 006 304PROFESSIONAL SUMMARY Object-oriented/Component-based/Functional Programming. Be able to work independently and under pressure. Be adaptable to new technology as well as environment. Teamworking. Prolem solving. Training and coaching COMPUTER SKILLS Languages: oObjective-C, Swift, HTML/HTML5, CSS/CSS3, Javascript/ES6, TypeScript. Development, Design Tools:oIDEs: Visual Studio Code, XCode, Android Studio. oTools: Postman, Swagger, Chrome Developer Tool, Source Tree. oSource Controls: GIT. Technologies: o AJAX. oReact Native, iOS, ExtJS, Sencha-Touch oRedux, redux-saga oAlamofire, RxAlamofire oReactiveX (rxjs, rxswift) oAsyncDisplayKit, XMPP Other: oGood code debugging skills. oGood documentation. oGood mindset on how to right good, maintainable code. oHave worked Scrum process models. 2 hello@recruity.co | 0886 006 304OTHER SKILLS Foreign Languages ​​oEnglish skills: Listening, Reading, Writing, Speaking at Intermediate English level. Soft skills oGood ability to learn new technology. oEnvironment and technology adaptability. oGood teamwork spirit. PROFESSIONAL EXPERIENCE From middle 2017 - Now - Side project Technologies Used: ReactJS/React-native, Redux, Redux-saga, Network image with manual cache. Project: MangaReader Team Size: 4 members. Project Description: oMangaReader is entertainment application written by react-native. Cooperation with ComicVN.net. User can download manga for offline reading Position: Senior Mobile Developer Responsibilities: Implement all features in mobile application From May 2019 Now Senior React-Native developer Technologies Used: ReactJS/React-native, Redux, Redux-saga, redux-persist, code- push Project: Triip.me Team Size: 6 members. Project Description: oTriip.me is an application to help traveler find a best trip by unique local experiences crafted by the locals Position: Senior React-Native Developer Responsibilities: Implement all features in mobile application From middle 2017 May 2015 Team/Tech lead Technologies Used : ExtJS/Sencha-Touch, JS/ES6, CSS/CSS3, Flexbox, RestfulAPI, GIT. Project: ePTW Team Size: 5 members. Project Description: 3 hello@recruity.co | 0886 006 304oePTW is a mobile application to ensure that the job/task can be carried out safely. Having the permit alone does not eliminate all the hazards, safety can be achieved only by preparing for the work and those who carrying it out. oePTW help transparency, speed and efficiency in authorizing permit to work where connectivity is constraint at work site. Position: Senior Mobile Developer Responsibilities: Build core, project structure, develop main function, code review and train team member. Gather requirement from client/end user then break-down tasks and assign to team member From 2015 2017 Senior Mobile Developer Technologies Used: Swift, AsyncDisplayKit, RxAlamofire, RxSwift, MVC Project: Eccho Team Size: 6 members. Project Description: - Eco is a finance app that connects users with industry experts in the form of Q&A. . Position: Senior Mobile Developer Responsibilities: Build core, project structure, develop main function, code review. Implement RichText feature Technologies Used: Java, MVVM Project: BuyDesire Team Size: 3 members. Project Description: oBuyDesire is a commercial app that connects users to online stores. . Position: Senior Mobile Developer Responsibilities: Maintain app From 2014 2015 Senior Mobile Developer Technologies Used: Objective-C, XMPP Project: GayM Team Size: 4 members. Project Description: oGaym is a dating app for gay with main function: chatting, travel, mate matching based on profile. Position: Senior Mobile Developer Responsibilities: Build core, project structure, develop main function, code review. Implement chat screen From 2012 2014 Mobile Game Developer 4 hello@recruity.co | 0886 006 304Technologies Used: Box2D, Cocos2D. Project: Balloon game Team Size: 2 members. Project Description: oBalloon game is a mobile game similar Balloon Fight (NES) game Position: Mobile Game Developer Responsibilities: Implement object collision, balloon texture/ physic body. INTERESTS AND ACTIVITIES -Travel with family, read IT books/articles, play games CAREER OBJECTIVES Improve and deepen both tech skills and soft skills. Create hi-quality, maintainable products. Improve my professionalism for every stage of career. 5 hello@recruity.co | 0886 006 304",
  "educations": [
    {
      "id": 4826,
      "gpa": null,
      "major": ".NET Developer",
      "school": "Industrial University of Ho Chi Minh City",
      "diploma": "Bachelors",
      "end_time": "2012-01-01T00:00:00Z",
      "conf_score": 0.9050765977702602,
      "start_time": "2010-01-01T00:00:00Z",
      "picklist_major": "Other",
      "major categories": "",
      "major_categories_detail": ""
    }
  ],
  "experiences": [
    {
      "id": 16154,
      "detail": "",
      "company": "Triip Pte. Ltd",
      "end_time": "2023-04-13T00:00:00Z",
      "industry": "Other",
      "position": "Senior React - Native Developer",
      "conf_score": 0.7897513794629749,
      "start_time": "2019-05-01T00:00:00Z"
    },
    {
      "id": 16155,
      "detail": "- Side project Technologies Used: ReactJS/React-native, Redux, Redux-saga, Network image with manual cache. Project: MangaReader Team Size: 4 members. Project Description: oMangaReader is entertainment application written by react-native. Cooperation withComicVN.net. User can download manga for offline reading Position: Senior",
      "company": null,
      "end_time": "2023-04-13T00:00:00Z",
      "industry": "Other",
      "position": "Senior Mobile Developer",
      "conf_score": 0.8086621310791741,
      "start_time": "2017-01-01T00:00:00Z"
    },
    {
      "id": 16156,
      "detail": "",
      "company": "Nexlesoft",
      "end_time": "2019-05-31T00:00:00Z",
      "industry": "Other",
      "position": "Senior Mobile Developer",
      "conf_score": 0.8148511321277944,
      "start_time": "2014-01-01T00:00:00Z"
    },
    {
      "id": 16157,
      "detail": "",
      "company": "FPT Software",
      "end_time": "2017-12-31T00:00:00Z",
      "industry": "High Technology",
      "position": "Team/Tech lead",
      "conf_score": 0.9050765977702602,
      "start_time": "2015-01-01T00:00:00Z"
    },
    {
      "id": 16158,
      "detail": "Technologies Used: ExtJS/Sencha-Touch, JS/ES6, CSS/CSS3, Flexbox, RestfulAPI, GIT. Project: ePTW Team Size: 5 members. Project Description:",
      "company": null,
      "end_time": "2017-01-31T00:00:00Z",
      "industry": "Other",
      "position": "Team/Tech lead",
      "conf_score": 0.8086621310791741,
      "start_time": "2015-05-01T00:00:00Z"
    },
    {
      "id": 16159,
      "detail": "",
      "company": "POPS WorldWide",
      "end_time": "2014-01-31T00:00:00Z",
      "industry": "Other",
      "position": "Senior Mobile Developer",
      "conf_score": 0.7740820684248625,
      "start_time": "2012-01-01T00:00:00Z"
    }
  ],
  "address": "199 Tam Da street, Ward Truong Thanh, District 9, Ho Chi Minh City"
}