{
  "skills": [
    "io",
    "automation testing",
    "automation",
    "analysis",
    "react native",
    "bug fixing",
    "swift",
    "maintenance"
  ],
  "fulltext": "Pham Tan Chinh DatMobile DeveloperNguyen Hiep SoftwareSept 2018 - PresentMobile DeveloperMain responsibilities:- Develop and maintain mobile apps (Apitiny, Shynh House, ...) bynative iOS and React Native.- Write automation test for them.//WORK EXPERIENCEWith passion in learning programming languages, diligence and quick learning ability, I want tobecome an expert mobile developer.//OBJECTIVEShynh House (2018 - Present)CustomerShynh GroupDescription- This is the app that helps people book services for Shynh spaand manage them.Team size4My positionDeveloperMy responsibilities- Analysis and design- Development- Maintenance- Bug FixingTechnologies used- SwiftShynh Beauty (2018 - Present)CustomerShynh GroupDescription- This is the app that helps people buy comestics from ShynhGroup.Team size3My positionDeveloperMy responsibilities- Analysis and design- Development- Maintenance- Bug FixingTechnologies used- React NativeMini Sympo (2017 - Present)Customer SanofiDescription- This is the app that used to organize Mini Symposium events.Team size2My positionDeveloper- Analysis and design- Development //PROJECTSDec 08, 1993Male035 968 27069dat102@gmail.comHoChiMinh, Vietnamwww.linkedin.com /in/dat-pham-102My responsibilities- Maintenance- Bug FixingTechnologies used- SwiftApitiny (2018 - Present)CustomerNguyen Hiep SoftwareDescription- The app is the mobile version of website apitiny.com, is theEvents Social Network page in Vietnam.Team size4My positionDeveloperMy responsibilities - Analysis and design- Development- Maintenance- Bug FixingTechnologies used- SwiftWexym (2019 - Present)CustomerNguyen Hiep SoftwareDescription- This is the app that helps companies rating their employee.Team size1My positionDeveloperMy responsibilities- Analysis and design- Development- Maintenance- Bug FixingTechnologies used - React Native //SKILLSiOS SwiftReact Native //EDUCATIONOct 2011 - Jun 2014Da Nang University of Technology andEducationBachelor Information TechnologyGPA: 3.02/4Oct 2014 - Sept 2017Ho Chi Minh City University ofTechnology (HUTECH)Engineer Information TechnologyGPA: 2.82/4//INTERESTSMovieMusic// CERTIFICATIONSTOEIC Certificate with score 6452017 topcv.vnPowered by TCPDF (www.tcpdf.org)",
  "educations": [
    {
      "id": 4828,
      "gpa": "3.02",
      "major": "Information technology",
      "school": "Da Nang University of Technology and Education",
      "diploma": "Bachelors",
      "end_time": "2014-06-01T00:00:00Z",
      "conf_score": 0.7982161229421119,
      "start_time": "2011-10-01T00:00:00Z",
      "picklist_major": "IT - Hardware/Networking",
      "major categories": "Computer and information technology",
      "major_categories_detail": "Information technology"
    },
    {
      "id": 4829,
      "gpa": "2.82",
      "major": "Information technology",
      "school": "Ho Chi Minh City University of Technology (HUTECH)",
      "diploma": "Bachelors",
      "end_time": null,
      "conf_score": 0.740186394012631,
      "start_time": null,
      "picklist_major": "IT - Hardware/Networking",
      "major categories": "Computer and information technology",
      "major_categories_detail": "Information technology"
    }
  ],
  "experiences": [
    {
      "id": 16166,
      "detail": "Main responsibilities:- Develop and maintain mobile apps (Apitiny, Shynh House, ...) by native iOS and React Native. - Write automation test for them.",
      "company": "Nguyen Hiep Software",
      "end_time": "2023-04-13T00:00:00Z",
      "industry": "High Technology",
      "position": "Mobile Developer",
      "conf_score": 0.9206437183501178,
      "start_time": "2018-09-01T00:00:00Z"
    }
  ],
  "address": "Ho Chi Minh City, Vietnam"
}