{
  "skills": [
    "memcached",
    "xcode",
    "terraform",
    "streaming",
    "java",
    "c++",
    "kafka",
    "database management",
    "golang",
    "python",
    "flask",
    "redis",
    "information exchange",
    "mysql",
    "kubernetes",
    "database management system",
    "django",
    "making decision",
    "marketing",
    "elasticsearch",
    "stack",
    "javascript",
    "live streaming",
    "lua",
    "swift",
    "database",
    "load balancing",
    "digital marketing",
    "rabbitmq",
    "erlang",
    "nginx",
    "codeigniter",
    "react native",
    "cache",
    "flutter",
    "docker",
    "video marketing",
    "ansible",
    "cloud",
    "videos on demand",
    "php",
    "cdn",
    "system design",
    "live video streaming",
    "mongodb",
    "postgresql",
    "management",
    "restful"
  ],
  "fulltext": "Operations - Terraform, Ansible, Docker, Kubernetes Foreign Languages ​​- English Soft Skills - Time management - Communication - Active Listening - Decision making SKILLS Programming Languages ​​- C/C++, Golang, Python, Lua, Java, Swift, Javascript Frameworks/ Platforms - Django , Play Framework, Xcode, NodeJS, Flutter, React native - RabbitMQ, Kafka, Elasticsearch Database Management Systems - MySQL, PostgreSQL, Mongodb Cache servers - Nginx, Varnish, Memcached, Redis Pham Phu Tho Born: October 27, 1992 Phone: 0985275620 Email: ppt.phutho@gmail.com Address: 100/2A Mieu Go Xoai Street, Binh Tan District, Ho Chi Minh City, VietNam SUMMARY A developer with 5 years of experience in open source technologies. I love technology, like new things. Every year, I always have target learn a new language. This year will be Erlang with model actor. Which creates the successful of whatsapp. EXPERIENCES Uiza Company09/2018 - Now Project: ott-agent-cdn-worker Project Description: Worker of cdn agent 01/2019 - Now Position: Software Engineer Languages: Golang, Bash script Responsibilities: - Resolve issue to caching and control cache - Design and refactor infra to optimize cost in cloud - Optimize nginx, implement layer cache and purge cache not scan full disk Project: ott-agent-worker Project Description: Worker live transcoding 09/2018 - Now Position: Software Engineer Languages: Golang, bash script Responsibilities: - Control and integration process between in stacks - Calculator and optimize resources - Develop api to integration with services in system - Design model cluster processing scalable - Resolve issue interprocess communications Queenb Joint Stock Company 04/2015 - 04/2018 Project: Webinaris. com Project Description: Webinar platform - Digital Marketing - Live streaming - Video on Demand 01/2018 - 04/2018 Position: Leader Languages: Python, Bash script Frameworks/ Platforms: Flask Responsibilities: - R&D load balancing and scalable systems - Lead mobile teams Team size: 6 05/2017 - 08/2017 Project: Piepme.com Project Description: Information exchange platform Position: Developer Languages: Swift, Javascript Frameworks/ Platforms: Xcode, Nodejs Responsibilities: -Develop restful api - Pair Program calling mobile - Layout and build feature in mobile app Team size: 10 Jan 2016 - 04/2016 Project: Smooveo.com Project Description: Video marketing platform - Video streaming - Generator video player template Position: Developer Languages: Php, Javascript Frameworks/ Platforms: Codeigniter Responsibilities : - R&D packager to video streaming - Develop video player from setting template Team size: 7 DongA CS Company 03/2014 - 03/2015 Project: E-government platform Position: Java developer Project Description: E-government ecosystem Responsibilities: - Get requirements from customer - Develop feature EDUCATION Hochiminh City Institute Of Applied Science & Technology2010 to 2013 Powered by TCPDF (www.tcpdf.org)",
  "educations": [
    {
      "id": 4841,
      "gpa": null,
      "major": null,
      "school": "Hochiminh City Institute Of Applied Science & Technology",
      "diploma": "Other",
      "end_time": "2013-01-01T00:00:00Z",
      "conf_score": 0.6925429707670153,
      "start_time": "2010-01-01T00:00:00Z",
      "picklist_major": "Other",
      "major categories": "",
      "major_categories_detail": ""
    }
  ],
  "experiences": [
    {
      "id": 16207,
      "detail": "ages: Golang, Bash script Responsibilities: - Resolve issue to caching and control cache- Design and refactor infra to optimize cost in cloud- Optimize nginx, implement layer cache and purge cache not scan full disk",
      "company": "Uiza Company",
      "end_time": "2023-04-13T00:00:00Z",
      "industry": "Other",
      "position": "Software Engineer",
      "conf_score": 0.8934970860255722,
      "start_time": "2018-09-01T00:00:00Z"
    },
    {
      "id": 16209,
      "detail": "Languages: Python, Bash scriptFrameworks/ Platforms: Flask Responsibilities: - R&D load balancing and scalable systems- Lead mobile teamsTeam size: 6",
      "company": "Queenb Joint Stock Company",
      "end_time": "2018-04-30T00:00:00Z",
      "industry": "Other",
      "position": "Leader",
      "conf_score": 0.6925429707670153,
      "start_time": "2018-01-01T00:00:00Z"
    },
    {
      "id": 16211,
      "detail": "Project: Webinaris.com Project Description: Webinar platform- Digital Marketing - Live streaming- Video on Demand",
      "company": "Queenb Joint Stock Company",
      "end_time": "2018-04-30T00:00:00Z",
      "industry": "Other",
      "position": null,
      "conf_score": 0.7507320409926004,
      "start_time": "2015-04-01T00:00:00Z"
    },
    {
      "id": 16213,
      "detail": "Languages: Swift, Javascript Frameworks/ Platforms: Xcode, Nodejs Responsibilities: -Develop restful api- Pair Program calling mobile- Layout and build feature in mobile appTeam size: 10",
      "company": "Piepme.com",
      "end_time": "2017-08-31T00:00:00Z",
      "industry": "Other",
      "position": "Developer",
      "conf_score": 0.9351238254697116,
      "start_time": "2017-05-01T00:00:00Z"
    },
    {
      "id": 16214,
      "detail": "Languages: Php, Javascript Frameworks/ Platforms: Codeigniter Responsibilities: - R&D packager to video streaming- Develop video player from setting templateTeam size: 7",
      "company": "Smooveo.com",
      "end_time": "2016-04-30T00:00:00Z",
      "industry": "Other",
      "position": "Developer",
      "conf_score": 0.9058589202434705,
      "start_time": "2016-01-01T00:00:00Z"
    },
    {
      "id": 16215,
      "detail": "project Description: E-government ecosystem Responsibilities: - Get requirements from customer- Develop feature",
      "company": "DongA CS Company",
      "end_time": "2015-03-31T00:00:00Z",
      "industry": "Other",
      "position": "Java developer",
      "conf_score": 0.8333560154692181,
      "start_time": "2014-03-01T00:00:00Z"
    }
  ],
  "address": "100/2a Mieu Go Xoai Street, Binh Tan District, Ho Chi Minh City, Vietnam"
}