{
  "skills": [
    "sc",
    "css3",
    "live chat",
    "java",
    "jboss",
    "responsive",
    "javascript",
    "futures",
    "java language",
    "karma",
    "java core",
    "redux",
    "banking",
    "frontend development",
    "jsf",
    "git",
    "svn",
    "html5",
    "fusioncharts",
    "insurance",
    "rss",
    "website development",
    "software development",
    "testing",
    "reactjs",
    "oracle",
    "database",
    "analyst",
    "hibernate",
    "jasmine",
    "angularjs",
    "bootstrap",
    "agile",
    "jquery"
  ],
  "fulltext": "ABOUT MEHello, I'm Hoang Phung, a Front-end Developer.I have 2 years in knowledge and experience inweb development.Skilled in Javascript, HTML5, CSS3, AngularJS,ReactJS/Redux. Proficient understanding of codeversioning tools, such as Git/SVN.My mission is building responsive web pages withbetter performance as well as enhancedexperience for our users.CONTACTEDUCATIONComputer Software Engineering2014 - 2019HUTECH University475A Dien Bien Phu Street, Ward 25, Binh ThanhDistrict, HCM City.Software Development2017 - 2018FPT Software Ho Chi MinhSaigon Hi-Tech Park, Lot T2, D1 St., Tan Phu Ward,Dist. 9, HCM City, VietnamSKILLSJavascript:HTML5/CSS3:AngularJS:ReactJS:Jquery:Bootstrap:Java-Core:C:WORK EXPERIENCE| have 2 years experience in Web developmentat FPT Software HCM. Actually, I have been working in two main projects AlA and Finantixsince I set my first step in FPT Software.FINANTIX CORPORATIONSep 2018 - PresentFRONT-END DEVELOPERProject Description:Incomes and Expenses (IE)IE web application is a digital banking solutionwhich helps the bank know their customer'sfinancial. Typically, the customer of the bank canaccess the application to declare their incomesand expenses, and the system will analyze andsimulate by the chart. Therefore, the customerhas an overview of their financial flows and plantheir goal in the future. Responsibilities:- Ensure the technical feasibility of UI/Ux designs.- Develop, test, implement and maintainapplication software.- Working closely with other developers, businessand systems analysts .GIT/ SVN:Agile/ Scrum:Photoshop:English:INTERESTSOOWatch Movies(OTake PhotosPTake care of aquatic plantsJaSingingRTTravellingTeam Size: 6 MembersTechnologies Used:- Javascript, HTML5, CSS3- Front-end Framework: AngularJS- Front-end Libraries: Lodash, Object -mapper, ..:Testing Framework: Karma-JasmineBuild tool: Webpack- Third-party: FusionChartsFINANTIX CORPORATIONFeb 2018 - Sep 2018FRONT-END DEVELOPERProject Description:Smart Collaboration Suite (SCS)SCS is a web application for live customersupporting with 2 main features: live video call.live chat and store histories Basically, thecustomer of Finatix can make the video call ormake the live chat to their adviser to solve theirquestions, request for support, ... Responsibilities:Ensure the technical feasibility of UI/Ux designs. - Develop, test, implement and maintainapplication software.Collaborate with other team members.Team Size: 8 MembersTechnologies Used:- Javascript, HTML5, CSS3- Front-end Framework: AngularJS- Front-end Libraries: Lodash, Object-mapper, .. - Testing Framework: Karma-Jasmine- Build tool: Webpack- Third-party: TokboxAIA CORPORATIONMar 2017 - Feb 2018SOFTWARE DEVELOPERProject Description:AIA Customer Services Logs Book (CSLogBook).CSLogBook web application is a digital insurancesolution with 3 main features: manage customerservices logs , send emails to notify agents andexport to reports. Responsibilities:- Develop, test, implement and maintainapplication software.Working closely with other members.Team Size: 5 MembersTechnologies Used:- Language: Java- Framework: JSF, Hibernate/JPA- Third- party: Jasper Report- Database: Oracle DatabaseServer: JBoss Web Services",
  "educations": [
    {
      "id": 4852,
      "gpa": null,
      "major": "Western musical instrument performance",
      "school": "HUTECH University",
      "diploma": "Bachelors",
      "end_time": "2019-01-01T00:00:00Z",
      "conf_score": 0.9607070075537533,
      "start_time": "2014-01-01T00:00:00Z",
      "picklist_major": "Art/Design",
      "major categories": "Art",
      "major_categories_detail": "Performing Arts"
    }
  ],
  "experiences": [
    {
      "id": 16248,
      "detail": "as an overview of their financial flows and plan their goal in the future. Responsibilities: - Ensure the technical feasibility of UI/Ux designs.- Develop, test, implement and maintain application software.- Working closely with other developers, business and systems analysts .Team Size: 6 Members Technologies Used: - Javascript, HTML5, CSS3 - Front-end Framework: AngularJS - Front-end Libraries: Lodash, Object-mapper, .. :Testing Framework: Karma-Jasmine Build tool: Webpack - Third- party: FusionCharts",
      "company": "FPT Software HCM",
      "end_time": "2023-04-13T00:00:00Z",
      "industry": "High Technology",
      "position": "Web development",
      "conf_score": 0.9208612659018582,
      "start_time": "2018-09-01T00:00:00Z"
    },
    {
      "id": 16249,
      "detail": "project Description: Smart Collaboration Suite (SCS) SCS is a web application for live customer supporting with 2 main features: live video call. live chat and store histories. Basically, the customer of Finatix can make the video call or make the live chat to their adviser to solve their questions, request for support, ... Responsibilities: Ensure the technical feasibility of UI/Ux designs.- Develop, test, implement and maintain application software.Collaborate with other team members.Team Size: 8 Members Technologies Used: - Javascript, HTML5, CSS3 - Front-end Framework: AngularJS - Front-end Libraries: Lodash, Object-mapper, .. - Testing Framework: Karma -Jasmine - Build tool: Webpack - Third-party: Tokbox",
      "company": "FINANTIX CORPORATION",
      "end_time": "2018-09-30T00:00:00Z",
      "industry": "Other",
      "position": "FRONT - END DEVELOPER",
      "conf_score": 0.9262218383041668,
      "start_time": "2018-02-01T00:00:00Z"
    },
    {
      "id": 16250,
      "detail": "Project Description: AIA Customer Services Logs Book (CSLogBook). CSLogBook web application is a digital insurance solution with 3 main features: manage customer services logs, send emails to notify agents and export to reports. Responsibilities: - Develop, test, implement and maintain application software.Working closely with other members.Team Size: 5 Members Technologies Used: - Language: Java - Framework: JSF, Hibernate/JPA - Third-party: Jasper Report - Database: Oracle Database Server: JBoss Web Services",
      "company": "AIA CORPORATION",
      "end_time": "2018-02-28T00:00:00Z",
      "industry": "Insurance",
      "position": "SOFTWARE DEVELOPER",
      "conf_score": 0.9166535282364164,
      "start_time": "2017-03-01T00:00:00Z"
    },
    {
      "id": 16251,
      "detail": "Saigon Hi-Tech Park, Lot T2, D1 St., Tan Phu Ward, Dist. 9, HCM City, Vietnam",
      "company": "FPT Software Ho Chi Minh",
      "end_time": "2018-01-31T00:00:00Z",
      "industry": "High Technology",
      "position": null,
      "conf_score": 0.9038647360072071,
      "start_time": "2017-01-01T00:00:00Z"
    }
  ],
  "address": null
}