{
  "skills": [
    "linux",
    "Internet",
    "java",
    "mongo",
    "analytics",
    "json",
    "javascript",
    "cloud",
    "jdbc",
    "c#",
    "bootstrap",
    "flask",
    "management",
    "banking",
    "object oriented",
    "object oriented programming",
    "material design",
    "j2ee",
    "html5",
    "structure",
    "analysis",
    "live streaming",
    "html",
    "spring",
    "education technology",
    "database development",
    "android",
    "maintenance",
    "domain name",
    "data structure",
    "asp",
    "javascript framework",
    "vod",
    "linux system",
    "website development",
    "sql",
    "css",
    "oauth",
    "software development",
    "testing",
    "mvc",
    "google analytics",
    "oracle",
    "database",
    "navigation",
    "python",
    "gson",
    "nec",
    "jsp",
    "streaming",
    "sqlite",
    "vast",
    "php",
    "jquery"
  ],
  "fulltext": "DAO DUY VINH Address : 64/8 Nguyen Phuc Chu Street. , Ward 15, Tan Binh District , HCMC Mobile phone : 0988-397-501 Email : minhvs7@gmail.com PERSONAL INFORMATION Date of birth : 28 Jan 1988 Sex : Male Nationality : Vietnamese SKILLS .NET Java Web Dev SQL DB Oracle DB JS , HTM, CSS WORK HISTORY 05. 2018 - PRESENT SUTRIX SOLUTIONS .Net Developer Project and position Technical and skill Project description: Internet city website CMS. My responsibilities: Dev function and Maintenance. Sitecore 9v2, C#, .Net framework 4.7, SQL Server, MVC Project description: UWP application to manage clients and introduce products package for sellers. My responsibilities: Dev function and Maintenance. UWP, C#, .NetCore, SQLite DAO DUY VINH 2 05. 2016 - 05. 2018 NEC VIETNAM L.T.D .Net Developer Project and position Technical and skill Project description: Application window form for Japanese Banking account service My responsibilities: Create Detail Design, Create test cases, Dev, Review and Maintenance. C#, .Net framework 4.6, SQL Server, MVC Java Web Developer Project and position Technical and skill Project description: Web Official Business document for Japanese company ( ex: settlement business trip document ) My responsibilities: Create Detail Design, Create test case, Dev , Review and Maintenance. Java, spring framework, Oracle DB, Bootstrap 2, HTML, CSS 08. 2013 04.2016 FPT TELECOM RESEARCH AND DEVELOPMENT CENTER System Project and position Technical and skill Manage the system of wowza live streaming output & resource input with FFMPEG. Linux system, Wowza, FFMPEG Research flash & HTML5 player Grind Player Player Web Developer DAO DUY VINH 3 Project and position Technical and skill Professional description: Website selling the domain name, hosting, server services. C#, .Net framework 3.5, SQL Server, MVC Project description: Develop web fptplay.net and web IDFptplay by using Python language with Flask framework. Fptplay is a website for users in watching live broadcasting programs on TV with many diversified channels, hot movies, gameshow and videos. My responsibilities: All layout frontend and python backend. Python, Flask framework, google analytics, Mongo DB, VAST 2.0, Oauth 2.0, Bootstrap 2, Jquery, HTML, CSS Project description: Develop wep/wap Mobifone TV using PHP with Yii framework. My responsibilities: front end & back end for Live TV, VOD and purchase package. PHP, Yii Framework, javascript, Jquery, HTML, CSS Android app Developer Project and position Technical and skills Project description: NhacSo app for users in listening music online and offline. Management of users information, behavior and habits to discover songs. My responsibilities: Layout and code for Browse screen to show collection, My Cloud screen to manage users information, songs and playlists of users. Eclipse editor, Material Design, Support Design, Appcompat v7, widgets, JSON, GSON, Multi-Thread, Animations and many android UI/UX libraries. Project description: Hi FPT app, this app for users used internet FPT to view details in users contract. User can view your internet upload and download speed, postage, and report problems from internet. My responsibilities: Layout and code Home screen, navigation menu, list report screen and push notification. 2012 2013 DIGIPAY LTD Web Developer DAO DUY VINH 4 Project description: Build up website for selling phone card online. My role: Design layout front end & bootstrap 2, Purchase order. EDUCATION 2008 2012 HO CHI MINH CITY UNIVERSITY OF FOREIGN LANGUAGES INFORMATION TECHNOLOGY (HUFLIT) Major : College Information Technology Education Level : The Degree of Associate 2010 2012 NATIONAL INSTITUTE OF INFORMATION TECHNOLOGY (NIIT) Major : Software Engineering Education Level : Professional Diploma in Information Technology Marks/ GPA : 3.25/4 Excellent. Quarter Details Quarter Details Object Oriented Programming : OOPS Using C#, Windows Applications using .NET Framework 2.0. Open Source Applications and Data Structure : Introduction to Linux, Java Programming Language. Data-centric Application Development : Introduction to Web Content Development, Database Application using ADO.NET & JDBC. Web Applications Design & Development : Object Oriented Analysis & Design, Web Application using ASP.NET and MVC. Web Component Development using J2EE Platform : Application for the J2EE Platform, Web Component Development with Servlet and JSP. Development using .NET Framework and QA : Application Development using .NET Framework, Understanding Software Testing. INTERESTS High tech, mobile, motorcycle, photography, fashion, travel, music, gym Powered by TCPDF (www.tcpdf.org)",
  "educations": [
    {
      "id": 4849,
      "gpa": null,
      "major": "Information technology",
      "school": "HO CHI MINH CITY UNIVERSITY OF FOREIGN LANGUAGES - INFORMATION TECHNOLOGY (HUFLIT)",
      "diploma": "Bachelors",
      "end_time": "2012-01-01T00:00:00Z",
      "conf_score": 0.7551834254203837,
      "start_time": "2008-01-01T00:00:00Z",
      "picklist_major": "IT - Hardware/Networking",
      "major categories": "Computer and information technology",
      "major_categories_detail": "Information technology"
    },
    {
      "id": 4850,
      "gpa": "3.25",
      "major": "Software technology",
      "school": "NATIONAL INSTITUTE OF INFORMATION TECHNOLOGY (NIIT)",
      "diploma": "Other",
      "end_time": "2012-01-01T00:00:00Z",
      "conf_score": 0.8008305582352203,
      "start_time": "2010-01-01T00:00:00Z",
      "picklist_major": "IT - Hardware/Networking",
      "major categories": "Computer and information technology",
      "major_categories_detail": "Computer"
    }
  ],
  "experiences": [
    {
      "id": 16236,
      "detail": "- Project and positionTechnical and skillProject description: Internet city website CMS. My responsibilities: Dev function and Maintenance. Sitecore 9v2, C#, .Net framework 4.7, SQL Server, MVC Project description: UWP application to manage clients and introduce products package for sellers.My responsibilities: Dev function and Maintenance. UWP, C#, .NetCore, SQLite",
      "company": "SUTRIX SOLUTIONS",
      "end_time": "2023-04-13T00:00:00Z",
      "industry": "High Technology",
      "position": ".Net Developer",
      "conf_score": 0.7930238043945285,
      "start_time": "2018-05-01T00:00:00Z"
    },
    {
      "id": 16237,
      "detail": "",
      "company": "DIGIPAY LTD",
      "end_time": "2013-01-31T00:00:00Z",
      "industry": "Other",
      "position": "Web Developer",
      "conf_score": 0.9260889292191576,
      "start_time": "2012-01-01T00:00:00Z"
    }
  ],
  "address": "64/8 Nguyen Phuc Chu Street. , Ward 15, Tan Binh District , Ho Chi Minh City"
}