{
  "skills": [
    "linux",
    "stack",
    "css3",
    "docker",
    "storage server",
    "responsive",
    "javascript",
    "sales",
    "mongodb",
    "search engine",
    "gitlab",
    "karma",
    "gitlab library",
    "unit test",
    "frontend development",
    "storage service",
    "mongoose",
    "git",
    "elasticsearch",
    "html5",
    "redis",
    "microservices",
    "search",
    "css",
    "restful",
    "grunt",
    "webpack",
    "bower",
    "le",
    "unit testing",
    "github",
    "testing",
    "reactjs",
    "npm",
    "hacking",
    "bottle",
    "python",
    "mocha",
    "full stack development",
    "angularjs",
    "agile",
    "html"
  ],
  "fulltext": "Phan Dang DienSOFTWARE ENGINEERHanoi, Vietnam phanddSum maryCurrently Full Stack Javascript developer at open source company Linagora. 2+ years experience specializing in Javascript. Super nerd who lovesLinux and enjoys to customize all of development environment. Interested in trying, learning new technologies, tools, developing a better methodfor challenging tasks. English lover and music enthusiast.Work ExperienceOECSolutionHanoi, VietnamSOFTWARE ENGINEERJan. 2017 - Jun. 2017 Front-end Developer, take part in building an awesome beautiful responsive HTML/CSS template, which ended up has almost 2K sales onThemeforest market.Linagora Open Source OrganizationHanoi, VietnamJAVASCRIPT FULL STACK DEVELOPERAug. 2017 - now Working, contributing to open-source community. Take part in designing multi-services system, building Restful API for a collaborative platform (OpenPaas). Developing frontend modular applications. Integrating multiple microservices (Search engine, mail servers, DAV servers, storage service...) to a collaborative platform. Implementing unit test, integration test. Developing major, minor open-source modules to integrate with collaborative platform. Deploying, setting up CI/CD for microservices.Areas of ExpertiseEnvironmentsLinux, Node.js, Modern browsersFrameworks/LibrariesAngularJs, ExpressJs, ReduxJs, ReactJs, Mongoose, SocketIOProgramming languagesJavascript, PythonDomain-specific languagesHTML5, CSS3Development toolsGit, Docker, Grunt, Webpack, GitlabCI Webpack, /CD, npm, bower, LESS, PugTestingUnit test, integration test, Karma, Mocha, Sinon, ChaiDatabasesMongoDB, RedisSearch EnginesElasticsearchDevelopment MethodologiesAgile/ScrumLanguagesEnglish (advanced), VietnamesePor tfolioOpen-source projects: https://github.com/phanddEdu cationVNUA (Vietnam) National University of Agriculture)Hanoi, VietnamB.S. IN INFORMATION AND TECHNOLOGYMar. 2013 - Aug. 2017Honors & Awards2016Top 6 excellent projects, Hack-a-farm agriculture innovation hackathon by YSEALIHanoiMAY 6, 2019PHAN DANG DIEN RÉSUMÉ1",
  "educations": [
    {
      "id": 4853,
      "gpa": null,
      "major": "Information technology",
      "school": "VNUA (Vietnam National University of Agriculture)",
      "diploma": "Bachelors",
      "end_time": "2017-08-01T00:00:00Z",
      "conf_score": 0.8501320270971695,
      "start_time": "2013-03-01T00:00:00Z",
      "picklist_major": "IT - Hardware/Networking",
      "major categories": "Computer and information technology",
      "major_categories_detail": "Information technology"
    }
  ],
  "experiences": [
    {
      "id": 16253,
      "detail": ". 2+ years experience specializing in Javascript. Super nerd who lovesLinux and enjoys to customize all of development environment. Interested in trying, learning new technologies, tools, developing a better method for challenging tasks. English lover and music enthusiast.",
      "company": "open source company Linagora",
      "end_time": "2023-12-31T00:00:00Z",
      "industry": "Other",
      "position": "Full Stack Javascript developer",
      "conf_score": 0.8257906557987156,
      "start_time": "2023-04-01T00:00:00Z"
    },
    {
      "id": 16255,
      "detail": "Working, contributing to the open-source community. Take part in designing multi-services system, building Restful API for a collaborative platform (OpenPaas). Developing frontend modular applications. Integrating multiple microservices (Search engine, mail servers, DAV servers, storage service...) to a collaborative platform. Implementing unit test, integration test. Developing major, minor open-source modules to integrate with collaborative platform. Deploying, setting up CI/CD for microservices.",
      "company": "Linagora Open Source Organization",
      "end_time": "2023-04-13T00:00:00Z",
      "industry": "Other",
      "position": "JAVASCRIPT FULL STACK DEVELOPER",
      "conf_score": 0.8437224420742124,
      "start_time": "2017-08-01T00:00:00Z"
    },
    {
      "id": 16257,
      "detail": "Front-end Developer, take part in building an awesome beautiful responsive HTML/CSS template, which ended up has almost 2K sales onThemeforest market.",
      "company": "OECSolution",
      "end_time": "2017-06-30T00:00:00Z",
      "industry": "High Technology",
      "position": "SOFTWARE ENGINEER",
      "conf_score": 0.9133023876707873,
      "start_time": "2017-01-01T00:00:00Z"
    }
  ],
  "address": "Hanoi, Vietnam"
}