{
  "skills": [
    "stack",
    "workflow",
    "angular",
    "css3",
    "javascript",
    "mongodb",
    "jquery",
    "vuejs",
    "git",
    "pwa",
    "react native",
    "roof",
    "website development",
    "php",
    "reactjs",
    "laravel",
    "twitter",
    "redmine",
    "full stack development",
    "angularjs",
    "bootstrap",
    "mysql",
    "html"
  ],
  "fulltext": "Mai Ngoc Thanh TanWeb Developer (Full Stack)S17/02/1996CONam28 Lam Son, Tan Binh, HCMSKILLSLaravelVuejsHTML +CSS+CSS3JqueryJavascriptBootstrapMysqlMongodbNodejsSocketio & RealtimeReactjsReact-nativeAngularVue-nativeEXPERIMENTWEB ST/Project - Providing solutions to upload Image to S3 (resize, speedperfomance).- Develope with APl of Twitter, Instagram- Countingnumber of likes, comment of Twitter, Instagram by API- Get image of Twitter, Instagram by API - Develop CMSfor Admin, Client control uploading TODO List, Campin- Technology: PHP Laravel, AngularJs, Amazon,MongoDB- PMS Project:- Project Manager System for Project Manager andGeneral Manager- Get input data from Redmine to display: working hours,cost of project...- Get input data from Redmine to check status of Project-Technology: PHP Laravel, Vuejs, Mysql- Manual Project:- Online create Manual (Image andVideo).- Add Text, Add Pause time on Video.- And Circle, Triangle.. on Image- Technology: PHP Laravel, Mysql Sharelnfo Project:- Online create News to share.- Listed number of times a post has been viewed filter byday, by month or by year.- Technology: PHP Laravel, Mysql, Vuejs: And many moreprojects. And many more projects.WEB DEVELOPER (FULL STACK)BEEKNIGHTS01/04/2019 - 06/01/2019EDUCATIONINFORMATION TECHNOLOGETra Vinh Univercity2014 - 2018Graduated 08/2018EXPERIMENT- 2 years experiments in web developer.- Took part in many projects, include Selpy production.- Knowledge in GIT. Created GIT workflow for aproduction project.- Knowledge in server administrator (Build, Deploy,Manage,..).- Experiment in Full Stack Web Developer (Able to developa full stack project by myself).- Learn Vuejs in 1 week then apply to a project. After 6months have created an Laravel-Vuejs-SPA core.- Can work with web SPA (Single Page Application) andPWA (Progressive Web App).topcv.vn",
  "educations": [
    {
      "id": 4857,
      "gpa": null,
      "major": "Information technology",
      "school": "Tra Vinh University",
      "diploma": "Other",
      "end_time": "2018-01-01T00:00:00Z",
      "conf_score": 0.8726327511848111,
      "start_time": "2014-01-01T00:00:00Z",
      "picklist_major": "IT - Hardware/Networking",
      "major categories": "Computer and information technology",
      "major_categories_detail": "Information technology"
    }
  ],
  "experiences": [
    {
      "id": 16267,
      "detail": "",
      "company": "BEEKNIGHTS",
      "end_time": "2019-06-30T00:00:00Z",
      "industry": "Other",
      "position": "WEB DEVELOPER",
      "conf_score": 0.8850208252699486,
      "start_time": "2019-04-01T00:00:00Z"
    },
    {
      "id": 16268,
      "detail": "Selpy Project: - Providing solutions to upload Image to S3 (resize, speed perfomance).- Develope with APl of Twitter, Instagram- Counting number of like, comment of Twitter, Instagram by API - Get image of Twitter, Instagram by API - Develop CMS for Admin, Client control uploading TODO List, Campin - Technology: PHP Laravel, AngularJs, Amazon, MongoDB- PMS Project: - Project Manager System for Project Manager andGeneral Manager - Get input data from Redmine to display: working hours, cost of project ...- Get input data from Redmine to check status of Project -Technology: PHP Laravel, Vuejs, Mysql - Manual Project:- Online create Manual (Image andVideo).- Add Text, Add Pause time on Video. - And Circle, Triangle.. on Image - Technology: PHP Laravel, Mysql Sharelnfo Project: - Online create News to share.- Listed number of times a post has been viewed filter by day, by month or by year.- Technology: PHP Laravel, Mysql, Vuejs: And many more projects. And many more projects.WEB EASY",
      "company": "OnetechAsia",
      "end_time": "2019-04-30T00:00:00Z",
      "industry": "High Technology",
      "position": "WEB DEVELOPER",
      "conf_score": 0.8850208252699486,
      "start_time": "2018-02-01T00:00:00Z"
    }
  ],
  "address": "28 Lam Son, Tan Binh, Ho Chi Minh City"
}