{
  "skills": [
    "studio",
    "sonar",
    "java",
    "css",
    "git",
    "testing",
    "automation",
    "maven",
    "svn",
    "self learning",
    "html",
    "reactjs",
    "linux",
    "redis",
    "automation testing",
    "building management system",
    "mysql",
    "oracle",
    "wordpress",
    "angular",
    "perl",
    "le",
    "visual studio",
    "cassandra",
    "elasticsearch",
    "javascript",
    "database",
    "manage staff",
    "excel",
    "npm",
    "bootstrap",
    "docker",
    "css framework",
    "jenkins",
    "system administration",
    "software development",
    "mongodb",
    "spring",
    "solidedge",
    "problem solving"
  ],
  "fulltext": "PROFESSIONAL OBJECTIVES Desire to gain experience in a professional and dynamic working environment. Stable job for long-term commitmentThere are high opportunities for advancement, success in work Key skills: JavaOther skills: Problem solving, Creative thinking,Self-management, Teamwork, Development Career, Learning and self-study, Listening INFORMATION Other software: Using IDE : Esclipse, Visual Studio code,noteppad++ ..WordExcelPowerpointOutlook ENGLISH Listening Speaking Reading Writing LEARNING 09-2012 - 06-2015 Bachkhoa International Programmer and Network Administrator Training School- Aptech Major: Programming Degree: College Graduation: Excellent08-2018 - 08-2018 Oracle Major: Programming Degree: OCA Java SE 8 Programmer I CertificationGraduate: ExcellentDecember 2018 - December 2018Oracle Major: Programmer Degree: OCP Java SE 8 Programmer II CertificationGraduation category: Good WORK EXPERIENCE10-2015 - 04-2016Vietnam Multimedia Joint Stock CompanyProgrammerDescription:- System administration of sample web site- Instructions for editing web on demand- Building website interface- Customer Support 04-2016 - 09-2016Alexan Vietnam Joint Stock CompanyProgrammerDescription:Job :- Build website interface- Edit web as required- Support Angular project Male 16-01-1993 0363837650Hanoituanna.1601.93@gmail.comNGUYEN ANH TUAN Programmer10- Support/Build Wordpress projects10-2016 - 03-2017 Left Thi Vang Joint Stock CompanyTechnical staffDescription:Job- Construction delivery Website interface- Support Nodejs , Angular projects- Linux Server system administration- Website maintenance- Convert website from MySQL to MongoDB04-2017 - 02-2019 Fpt Software Company ProgrammerDescription:Participated project: - Shipping inventory :+ Job : Building employee management system+ Languages ​​used: NodeJS, Javascript, HTML / CSS.+ Framework used: ReactJS, Bootstrap.+ CSS: SASS, LESS.+ Database used: Elasticsearch, MongoDB.+ Build Tool : NPM ,Boilerplates .+ Source code management: Git- PFW :+ Maintain PFW system.+ Languages ​​used: Perl, Javascript, HTML / CSS.+ Database used: Postgres.+ Management source code : SVN- ESCALUS :+ Build Microsystem API + Language used : Java, Nodejs, Javascript, html / css ...+ Framework : Spring , Angular6 , Bootstrap.+ Database used : Postgres, Cassandra, Redis . + Build Tool : Maven . + Technology used: Docker, Jenkins, Sonar, newrelic, Automation testing... + Source code management: Git+ Support team member.S AT LIKE Watch movies, listen to music, play games, read books, learn technology. 10 Vieclam24h.vn",
  "educations": [
    {
      "id": 4861,
      "gpa": null,
      "major": "Program",
      "school": "Bachkhoa International School of Network Administrators and Programmers - Aptech",
      "diploma": "Other",
      "end_time": "2015-06-01T00:00:00Z",
      "conf_score": 0.9538370608867096,
      "start_time": "2012-09-01T00:00:00Z",
      "picklist_major": "Other",
      "major categories": "",
      "major_categories_detail": ""
    }
  ],
  "experiences": [
    {
      "id": 16283,
      "detail": "Description:Participated projects:- Shipping inventory : + Job : Building employee management system+ Languages ​​used: NodeJS, Javascript, HTML / CSS. + Framework used: ReactJS, Bootstrap. + CSS: SASS, LESS. + Database used: Elasticsearch, MongoDB. + Build Tool : NPM ,Boilerplates . + Manage source code: Git - PFW: + Maintain PFW system. + Languages ​​used: Perl, Javascript, HTML / CSS. + Database used: Postgres. + Manage source code: SVN - ESCALUS: + Build Microsystem API + Language used: Java, Nodejs, Javascript, html / css ... + Framework: Spring, Angular6, Bootstrap. + Database used: Postgres, Cassandra, Redis. + Build Tool : Maven . + Technology used: Docker, Jenkins, Sonar, newrelic, Automation testing...+ Source code management: Git + Support team member.",
      "company": "Fpt Software Company",
      "end_time": "2019-02-28T00:00:00Z",
      "industry": "High Technology",
      "position": "Programmer",
      "conf_score": 0.9181269048441778,
      "start_time": "2017-04-01T00:00:00Z"
    },
    {
      "id": 16284,
      "detail": "Description:Jobs- Build website interface- Support Nodejs , Angular projects - Linux Server system administration - Website maintenance- Convert website from MySQL to MongoDB",
      "company": "Left Thi Vang Joint Stock Company",
      "end_time": "2017-03-31T00:00:00Z",
      "industry": "Other",
      "position": "Technical staff",
      "conf_score": 0.9181269048441778,
      "start_time": "2016-10-01T00:00:00Z"
    },
    {
      "id": 16286,
      "detail": "Description:Job : - Build website interface- Edit web as required- Support Angular project",
      "company": "Alexander Vietnam Joint Stock Company",
      "end_time": "2016-09-30T00:00:00Z",
      "industry": "Other",
      "position": "Programmer",
      "conf_score": 0.9164848862000111,
      "start_time": "2016-04-01T00:00:00Z"
    },
    {
      "id": 16288,
      "detail": "Description:- System administration of sample web site- Instructions for web editing as required- Building website interface- Customer support",
      "company": "Vietnam Multimedia Communication Joint Stock Company",
      "end_time": "2016-04-30T00:00:00Z",
      "industry": "Other",
      "position": "Programmer",
      "conf_score": 0.9181269048441778,
      "start_time": "2015-10-01T00:00:00Z"
    }
  ],
  "address": "Hanoi"
}