{
  "skills": [
    "workflow",
    "Internet",
    "babe",
    "responsive",
    "javascript",
    "sales",
    "mongodb",
    "management",
    "studio",
    "project planning",
    "frontend development",
    "jquery",
    "vuejs",
    "git",
    "project management",
    "investments",
    "roof",
    "trello",
    "javascript framework",
    "php",
    "css",
    "visual studio",
    "css framework",
    "reactjs",
    "backend development",
    "database",
    "teamwork",
    "gulp",
    "product features",
    "bootstrap",
    "mysql",
    "html"
  ],
  "fulltext": "Anh Vu NgocFront-end Developer0775.39.15.39 Male ngocanh.raymond@gmail.co m 16/09/1992 http://raymondvu.com47/2 Quater 5 - Tan MaiWard- Bien Hoa city - DongNaiObjectiveHaving a great passion with Information Technology , I'm able to quickly approach a programming language or newtechniques. As an open-minded person, I'm good at teamwork with many members and still make a well-roundedteam and complete our missions either as a leader or a member.NHAT LISTEN to EDUCATION JSCOct 2011 - Jun 2014HO CHI MINH UNIVERSITY OF INDUSTRY (BASE) 2)Oct 2011 - Jun 2014EducationPHP programmingInformation TechnologyAdditional Information- Strength: + Interested to learn new techniques. + Good at both individual and team work. + Having good responsibility. + Well-working under high pressure. + English: read and write.Technical SkillHTML - CSS - Javascript - PHP - NodeFrameworks/LibrariesFramework Javascript : VueJS - ReactJS - Jquery - ExpressFramework CSS : Bootstrap - Material - Foundation Another SkillSASS - PUG - Gulp - Babel - Webpack .Amazon Web Services ( CloudFront - S3 Bucket - Cognitor )DatabaseMySQL - MongoDBToolsAdobe Photoshop , Adobe Illustrator, Visual Studio Code, Git, TrelloSkills TECHJDISep 4th 2018 - PresentO MART CO.,LTDApr 15th 2018 - Aug 20th2018Professional Experiences:Front -End Developer ( VueJS )Artemis2.0 Project ( VueJS ) - Brainstorming and create VueJS's architect for the project. - Creating register module, looking up user information on the Internet and integrated the information . . . etc. - Planning UI/UX idea for the project. - Planning of analyzing specific workflow for features as head of project's requirements. - Deploying the project on Amazon web service .Freelancer ( ReactJS ) - Programming product feature and shipper managementWEB SIEU VIET DESGIN CO.LTDOct 8th 2015 - Mar 30th2018Front-End Developer ( VueJS )1. Aoji Application For School Management Project (Vuejs) - Converting interface with current design (responsive included) - Creating modules for looking up, register courses, libraries management2. Outsource projects - Converting html to psd with BBCTOP.COM - Upgrading website interface for clientsVIET NET TECHNOLOGY INVESTMENT DEVELOPEMENTMar 1st 2015 - Sep 16th2015Back-End Developer - Designing UI/UX for Vietnamese website project - Programming website with themes for sales/company introduction.01 /2015NHAT LISTEN to ACADEMYCertificates topcv.vnPowered by TCPDF (www.tcpdf.org)",
  "educations": [
    {
      "id": 4858,
      "gpa": null,
      "major": "Information technology",
      "school": "HO CHI MINH UNIVERSITY OF INDUSTRY (BASE 2)",
      "diploma": "Bachelors",
      "end_time": "2014-06-01T00:00:00Z",
      "conf_score": 0.902768374209996,
      "start_time": "2011-10-01T00:00:00Z",
      "picklist_major": "IT - Hardware/Networking",
      "major categories": "Computer and information technology",
      "major_categories_detail": "Information technology"
    }
  ],
  "experiences": [
    {
      "id": 16269,
      "detail": "Artemis2.0 Project ( VueJS ) - Brainstorming and create VueJS's architect for the project.- Creating register module, looking up user information on the Internet and integrated the information . . . etc.- Planning UI/UX idea for the project.- Planning of analyzing specific workflow for features as head of project's requirements.- Deploying the project on Amazon web service .",
      "company": "TECHJDI",
      "end_time": "2023-04-13T00:00:00Z",
      "industry": "High Technology",
      "position": "Front - End Developer ( VueJS )",
      "conf_score": 0.8531877442427502,
      "start_time": "2018-09-04T00:00:00Z"
    },
    {
      "id": 16270,
      "detail": "- Programming product feature and shipper management",
      "company": "O MART CO.,LTD",
      "end_time": "2018-08-31T00:00:00Z",
      "industry": "Other",
      "position": "Freelancer (ReactJS)",
      "conf_score": 0.8531877442427502,
      "start_time": "2018-04-15T00:00:00Z"
    },
    {
      "id": 16271,
      "detail": ". Aoji Application For School Management Project (Vuejs) - Converting interface with current design (responsive included)- Creating modules for looking up, register courses, libraries management2. Outsource projects- Converting html to psd with BBCTOP.COM - Upgrading website interface for clients",
      "company": "WEB SIEU VIET DESGIN CO.LTD",
      "end_time": "2018-03-31T00:00:00Z",
      "industry": "Other",
      "position": "Front - End Developer ( VueJS )",
      "conf_score": 0.8531877442427502,
      "start_time": "2015-10-08T00:00:00Z"
    },
    {
      "id": 16272,
      "detail": "Designing UI/UX for Vietnamese website project- Programming website with themes for sales/company introduction.",
      "company": "VIETNET TECHNOLOGY INVESTMENT DEVELOPMENT",
      "end_time": "2015-09-30T00:00:00Z",
      "industry": "High Technology",
      "position": "Back - End Developer",
      "conf_score": 0.9089868123963978,
      "start_time": "2015-03-01T00:00:00Z"
    },
    {
      "id": 16273,
      "detail": "",
      "company": "NHAT LISTEN EDUCATION JSC",
      "end_time": "2014-06-30T00:00:00Z",
      "industry": "Education",
      "position": null,
      "conf_score": 0.8641440541719435,
      "start_time": "2011-10-01T00:00:00Z"
    }
  ],
  "address": "47/2 Quater 5 - Tan Mai Ward - Bien Hoa city - Dong Nai"
}