{
  "skills": [
    "management tools",
    "machine learning",
    "Microsoft Windows",
    "knowledge discovery",
    "java",
    "git",
    "agile",
    "github",
    "clustering",
    "data visualization tool",
    "microsoft project",
    "database management",
    "algorithm",
    "fedora",
    "svn",
    "python",
    "project management software",
    "tableau",
    "visualization",
    "statistical technique",
    "j2ee",
    "pattern recognition",
    "rss",
    "microsoft sql server",
    "mysql development",
    "versionone",
    "mysql",
    "mips",
    "data analytics",
    "data mining",
    "project management",
    "database management system",
    "database development",
    "microsoft",
    "regression",
    "sequence alignment",
    "jupyter",
    "sql",
    "digital information",
    "microsoft excel",
    "ibm",
    "database",
    "analytics",
    "excel",
    "object oriented",
    "palantir",
    "hibernate",
    "data visualization",
    "php",
    "operating system",
    "information management",
    "similarity measure",
    "analyst",
    "management",
    "etl"
  ],
  "fulltext": "VINH-TRUNG LUU Working in Big Data and open to job opportunities in Data Analytics. 12 years experience concentrated in Software Engineering and Data Mining. 3 first-author publications, 1 first-author in accepted manuscript during Ph.D and Postdoc. Email: luuvinhtrung79@gmail.com, LinkedIn, Github Phone: (33)753 420091 (84)913 341642 Experience 10/2018 present: FPT Software, Data Analyst in Foundry Big Data Platform by Palantir for Airbus Skywise project, onsite 3 months in Toulouse, France 05/2017-08/2018: Telecom-Paristech Institution, Postdoc in Geolytics project for Traffic flow congestion prediction 12/2013-12/2016: Haute-Alsace University, PhD in Web usage mining 1/2011-12/2013 : HCM OU uni., CS researcher and lecturer of Software Project Management 06/2009-12/2010: Splendid Tech., Java senior developer 11/2006-12/2007: Clearpath Development, Java developer 09/2005-11/2006: HPT Software Center, PHP&MySQL developer Technical Skills Programming Languages: Python, Java, PHP, Latex Concept: Object-oriented programming Database Management System: MySQL, Microsoft SQL Server, Postgres SQL, Post GIS Machine Learning & Statistical Techniques: Regression, Regularization, Clustering , Ensemble, Sequence Alignment algorithms Operating Systems: Microsoft Windows, Fedora IDE: PyCharm, Jupyter, Eclipse Source Controls: SVN, Git Platform: J2EE, Data ETL Framework: Spark, Hibernate Methodologies: Scrum/Agile, Waterfall Project Management tools: VersionOne, Microsoft Project, Microsoft Excel Data Visualization tool: Tableau, Microsoft Excel, R Others: Open Street Map, Urban Traffic, IBM RFID Middleware, Aviation, Slack, etc. Education Ph.D degree: 12/2016, MIPS-ENSISA, Haute-Alsace uni., in Computer Science Master degree: 12/2009, Bordeaux 1 uni. (PUF-HCM), in Software Engineering Bachelor degree: 12/2005, HCM Natural Science uni., in Information Technology Other relevant qualifications AOTS software design and development completing certificate (scholarship January 2006) Research interests Machine Learning, Big Data, Statistical Learning, Clustering, Web Usage Behavior, Sequence Alignment Publication 1. Vinh-Trung Luu, Germain Forestier, Mathis Ripken, Frédéric Fondement, Pierre-Alain Muller: Web usage prediction and recommendation using web session clustering. In Digital Information Management (ICDIM), 2016 Eleventh International Conference, pp. 107-113. IEEE, 2016. 2. Vinh-Trung Luu, Mathis Ripken, Germain Forestier, Frédéric Fondement, Pierre-Alain Muller: Using Glocal Event Alignment for Comparing Sequences of Significantly Different Lengths. In Machine Learning and Data Mining in Pattern Recognition, pp. 58-72. Springer International Publishing, 2016. 3. Vinh-Trung Luu, Germain Forestier, Frédéric Fondement, Pierre-Alain Muller: Web Site Audience Segmentation Using Hybrid Alignment Techniques. In Trends and Applications in Knowledge Discovery and Data Mining, pp. 29-40. Springer International Publishing, 2015. Accepted 4. Vinh-Trung Luu, Mathis Ripken, Germain Forestier, Frédéric Fondement, Pierre-Alain Muller: A review of alignment-based similarity measures for web usage mining (Artificial Intelligence Review - Springer). Referees Pierre-Alain Muller, Thesis director (pierre-alain.muller@uha.fr) Stephan Clemencon, Postdoc supervisor (stephan.clemencon@telecom-paristech.fr) Powered by TCPDF (www.tcpdf.org)",
  "educations": [
    {
      "id": 4870,
      "gpa": null,
      "major": "Software technology",
      "school": "Bordeaux 1 unit. (PUF - HCM",
      "diploma": "Masters",
      "end_time": "2009-12-01T00:00:00Z",
      "conf_score": 0.7551834254203837,
      "start_time": null,
      "picklist_major": "IT - Hardware/Networking",
      "major categories": "Computer and information technology",
      "major_categories_detail": "Computer"
    },
    {
      "id": 4871,
      "gpa": null,
      "major": "Information technology",
      "school": "HCM Natural Science uni",
      "diploma": "Bachelors",
      "end_time": "2005-12-01T00:00:00Z",
      "conf_score": 0.7551834254203837,
      "start_time": null,
      "picklist_major": "IT - Hardware/Networking",
      "major categories": "Computer and information technology",
      "major_categories_detail": "Information technology"
    },
    {
      "id": 4869,
      "gpa": null,
      "major": "Computer science",
      "school": "MIPS - ENSISA, Haute - Alsace uni.",
      "diploma": "Other",
      "end_time": "2016-12-01T00:00:00Z",
      "conf_score": 0.7551834254203837,
      "start_time": null,
      "picklist_major": "IT - Hardware/Networking",
      "major categories": "Computer and information technology",
      "major_categories_detail": "Computer"
    }
  ],
  "experiences": [
    {
      "id": 16317,
      "detail": "in Foundry Big Data Platform by Palantir for Airbus Skywise project, onsite 3 months in Toulouse, France",
      "company": "FPT Software",
      "end_time": "2023-04-13T00:00:00Z",
      "industry": "High Technology",
      "position": "Data Analyst",
      "conf_score": 0.9007656883663064,
      "start_time": "2018-10-01T00:00:00Z"
    },
    {
      "id": 16319,
      "detail": "in Geolytics project for Traffic flow congestion prediction",
      "company": "Telecom - Paristech Institution",
      "end_time": "2018-08-31T00:00:00Z",
      "industry": "High Technology",
      "position": "Post",
      "conf_score": 0.7551834254203837,
      "start_time": "2017-05-01T00:00:00Z"
    },
    {
      "id": 16321,
      "detail": "",
      "company": "HCM OU uni",
      "end_time": "2016-12-31T00:00:00Z",
      "industry": "Other",
      "position": "CS researcher and lecturer",
      "conf_score": 0.765408085552725,
      "start_time": "2011-01-01T00:00:00Z"
    },
    {
      "id": 16322,
      "detail": "",
      "company": "Splendid Tech",
      "end_time": "2010-12-31T00:00:00Z",
      "industry": "High Technology",
      "position": "Java senior developer",
      "conf_score": 0.8148511321277944,
      "start_time": "2009-06-01T00:00:00Z"
    },
    {
      "id": 16323,
      "detail": "",
      "company": "Clearpath Development",
      "end_time": "2007-12-31T00:00:00Z",
      "industry": "High Technology",
      "position": "Java developer",
      "conf_score": 0.7982161229421119,
      "start_time": "2006-11-01T00:00:00Z"
    },
    {
      "id": 16324,
      "detail": "",
      "company": "HPT Software Center",
      "end_time": "2006-11-30T00:00:00Z",
      "industry": "High Technology",
      "position": "PHP&MySQL developer",
      "conf_score": 0.7982161229421119,
      "start_time": "2005-09-01T00:00:00Z"
    }
  ],
  "address": null
}