{
  "skills": [],
  "fulltext": "Aug2014-May2015hello@recruity.co | 0886 006 304",
  "educations": [
    {
      "id": 4875,
      "gpa": null,
      "major": null,
      "school": "Ho Chi Minh City University of Science",
      "diploma": "Bachelors",
      "end_time": "2014-01-01T00:00:00Z",
      "conf_score": 0.7507320409926004,
      "start_time": "2010-01-01T00:00:00Z",
      "picklist_major": "Other",
      "major categories": "",
      "major_categories_detail": ""
    }
  ],
  "experiences": [
    {
      "id": 16334,
      "detail": "Owner of Lixi, Money Topup and Money Transfer microservices of Zalopay App. Including development, maintenance, enhancement and operation.And work closely with team members to make online experience payment fast, easy and safe.Accomplishments: Response s 90ms, Success rate 99.9%, Workload up to 2 million users at the same time.Technologies: Spring boot, gRPC, mySql, Redis cache, Cassandra, Kafka, ActiveMQ.",
      "company": "VNG Corporation",
      "end_time": "2020-02-29T00:00:00Z",
      "industry": "High Technology",
      "position": "Senior Software Engineer",
      "conf_score": 0.9404253900297244,
      "start_time": "2019-06-01T00:00:00Z"
    },
    {
      "id": 16335,
      "detail": "Collaborate with others to develop and enhance QTE Tool, which is a private tool of DXC. QTE Tool transforms legacy codes to modern codes line by line and then the transformed codes run exactly what legacy codes did.Accomplishments: Ouput product runs correctly, as same as speed with input product ran on AS400 or Mainframe in some cases.Technologies: Java 8 , Oracle, Memcach",
      "company": "DXC Technology (CSC Vietnam)",
      "end_time": "2019-05-31T00:00:00Z",
      "industry": "High Technology",
      "position": "Software Engineer",
      "conf_score": 0.9404253900297244,
      "start_time": "2015-05-01T00:00:00Z"
    },
    {
      "id": 16336,
      "detail": "Implementing Insurance Fee System for Sapporo city, Japan. Accomplishments: Processing a huge of data to calculate and export report fles.Technologies: Spring framework, myBatis, Hibernate, Oracle",
      "company": "IMT Solution",
      "end_time": "2015-05-31T00:00:00Z",
      "industry": "High Technology",
      "position": "Java Developer",
      "conf_score": 0.9404253900297244,
      "start_time": "2014-08-01T00:00:00Z"
    }
  ],
  "address": null
}