{
  "skills": [
    "supply chain",
    "testing",
    "analysis",
    "finance",
    "production logistics",
    "human resources",
    "change management",
    "business analysis",
    "marketing",
    "market research",
    "sales",
    "aviation industry",
    "physic",
    "electrical engineering",
    "scheme",
    "inventory management",
    "quality assurance",
    "management",
    "raw"
  ],
  "fulltext": "Trang Quynh Nguyen Hung Vuong 3, Phu My Hung, District 7, Ho Chi Minh, Vietnam qt.nguyen101@gmail.com Tel: +84 902 137 101 Work Experience November 2017 - Present : Sea Group - Ocha Project Manager Head of Sales Operations , Strategies and Policies, Vietnam -Business Analysis: Track & Analyze business performance; -Sales policy: Track, Analyze & Propose Trade marketing schemes; -Sales incentives: Track, Analyse, Tailor & Propose incentives programs to ensure business targets ( short term & long term); -Project Operations & Operational Support: Create, Track & Continuously improve operational procedures to optimise resource & budget -Responsible for change management & continuous improvement (e.g. contracts): working closely with Finance, Legal & Marketing July 2015 - October 2017: Unilever - UFLP Management Trainee: Supply Chain Vietnam November 2016 - October 2017: Project leader of continuous improvement Quality projects -Lead, Initiate, Plan & Execute Quality projects at Homecare liquid factory; -Innovation testing & quality assurance November 2015 - November 2016: Double Categories Production Planner -Inventory Management: planning production & logistics for 2 categories Fabric cleaning & Fabric conditioner for both domestic & export market in SEAA (South East Asia & Australia); -Utilise capacity & maximize all resources ( packaging, raw materials, human resource, factory machinery capacity, etc) while minimizing cost & achieving targets -Collaborate with multi cross-functions to realize production & distribution plan July 2015 - November 2015: Field Sales- Customer development -General Trade/ Distributive Trade: sales & lead sales team to achieve month-end target while collaborating with Distributor Company in terms of stock ( primary stock management) & how to maximise Unilever trade marketing programs to push secondary stock. -Modern Trade (Supermarket, Hypermarket): trade marketing programs & promotion of Unilever in modern trade (visibility, diamond place, seasonal sales program targets & relevant gifts) -Rural Stint: one-month homestay in rural area to observe, research, study consumers behavior while executing 6 marketing & on-site activities for Unilever brands. June 2013 - August 2013: Rolls-Royce - Summer Internship Market Research & Business Development in Marine and Aviation industry of Vietnam and South East Asia October 2010 - February 2011: Australia and New Zealand Bank - Work placement Assistant to Director Education September 2011 - July 2014: City University London Bachelor of Engineering: Electrical Engineering, Management & Entrepreneurship September 2007 - July 2009: Holland Park School - A level Mathematics, Further Mathematics, Physics, Business Studies & Arts Others January 2013 - December 2014 : SEAD City Environmental Project for young/ single parents in the neighborhood September 2012 - July 2013: AIESEC City Exchange Coordinator",
  "educations": [
    {
      "id": 4880,
      "gpa": null,
      "major": "Mechanical Engineering",
      "school": "City University London",
      "diploma": "Bachelors",
      "end_time": "2014-07-01T00:00:00Z",
      "conf_score": 0.8775597701276474,
      "start_time": "2011-09-01T00:00:00Z",
      "picklist_major": "Technical",
      "major categories": "Technique",
      "major_categories_detail": "Mechanical engineering and mechanical engineering"
    },
    {
      "id": 4881,
      "gpa": null,
      "major": null,
      "school": "Holland Park School",
      "diploma": "Other",
      "end_time": "2009-07-01T00:00:00Z",
      "conf_score": 0.7532646542832604,
      "start_time": "2007-09-01T00:00:00Z",
      "picklist_major": "Other",
      "major categories": "",
      "major_categories_detail": ""
    }
  ],
  "experiences": [
    {
      "id": 16351,
      "detail": ", Vietnam - Business Analysis: Track & Analyze business performance;- Sales policy: Track, Analyse & Propose Trade marketing schemes;- Sales incentives: Track, Analyse, Tailor & Propose incentives programs to ensure business targets ( short term & long term); - Project Operations & Operational Support: Create, Track & Continuously improve operational procedures to optimise resource & budget- Responsible for change management & continuous improvement ( e.g. contracts): working closely with Finance, Legal & Marketing",
      "company": "Sea Group - Ocha",
      "end_time": "2023-04-13T00:00:00Z",
      "industry": "Other",
      "position": "Project ManagerHead of Sales Operations, Strategies and Policies",
      "conf_score": 0.7930238043945285,
      "start_time": "2017-11-01T00:00:00Z"
    },
    {
      "id": 16352,
      "detail": "of continuous improvementQuality projectsLead, Initiate, Plan & Execute Quality projects at Homecare liquid factory;Innovation testing & quality assurance",
      "company": "Unilever - UFLP",
      "end_time": "2017-10-31T00:00:00Z",
      "industry": "Other",
      "position": "Project leader",
      "conf_score": 0.7130919161122453,
      "start_time": "2016-11-01T00:00:00Z"
    },
    {
      "id": 16353,
      "detail": "",
      "company": "Unilever - UFLP",
      "end_time": "2017-10-31T00:00:00Z",
      "industry": "Other",
      "position": "Management Trainee: Supply Chain",
      "conf_score": 0.7932069450071494,
      "start_time": "2015-07-01T00:00:00Z"
    },
    {
      "id": 16354,
      "detail": "Inventory Management: planning production & logistics for 2 categories Fabric cleaning & Fabric conditioner for both domestic & export market in SEAA (South East Asia & Australia); Utilise capacity & maximize all resources ( packaging, raw materials, human resources, factory machinery capacity, etc...) while minimizing cost & achieving targetsCollaborate with multi cross-functions to realize production & distribution plan",
      "company": "Categories",
      "end_time": "2016-11-30T00:00:00Z",
      "industry": "Other",
      "position": "Production Planner",
      "conf_score": 0.7998600002072108,
      "start_time": "2015-11-01T00:00:00Z"
    },
    {
      "id": 16355,
      "detail": "General Trade/ Distributive Trade: sales & lead sales team to achieve month-end target while collaborating with Distributor Company in terms of stock ( primary stock management) & how to maximise Unilever trade marketing programs to push secondary stock.Modern Trade (Supermarket,Hypermarket ): trade marketing programs & promotion ofUnilever in modern trade (visibility, diamond place, seasonal sales program targets & relevant gifts...)Rural Stint: one-month homestay in rural area to observe, research, study consumers behavior while executing 6 marketing & on-site activities for Unilever brands.",
      "company": "Categories",
      "end_time": "2015-11-30T00:00:00Z",
      "industry": "Other",
      "position": "Field Sales - Customer development",
      "conf_score": 0.7151136457677363,
      "start_time": "2015-07-01T00:00:00Z"
    },
    {
      "id": 16356,
      "detail": "Environmental Project for young/ single parents in the neighborhood",
      "company": "SEAD City",
      "end_time": "2014-12-31T00:00:00Z",
      "industry": "Other",
      "position": null,
      "conf_score": 0.8068873668007818,
      "start_time": "2013-01-01T00:00:00Z"
    },
    {
      "id": 16357,
      "detail": "n Marine and Aviation industry of Vietnam and South East Asia",
      "company": "Rolls-Royce",
      "end_time": "2013-08-31T00:00:00Z",
      "industry": "Other",
      "position": "yce - Summer InternshipMarket Research & Business Devel",
      "conf_score": 0.7930238043945285,
      "start_time": "2013-06-01T00:00:00Z"
    },
    {
      "id": 16358,
      "detail": "",
      "company": "AIESEC City",
      "end_time": "2013-07-31T00:00:00Z",
      "industry": "Other",
      "position": "Exchange Coordinator",
      "conf_score": 0.9242015051317842,
      "start_time": "2012-09-01T00:00:00Z"
    },
    {
      "id": 16359,
      "detail": "",
      "company": "Australia and New Zealand Bank",
      "end_time": "2011-02-28T00:00:00Z",
      "industry": "Banking",
      "position": "Assistant to Director",
      "conf_score": 0.9055166696416969,
      "start_time": "2010-10-01T00:00:00Z"
    }
  ],
  "address": "Hung Vuong 3, Phu My Hung, District 7, Ho Chi Minh, Vietnam"
}