{
  "skills": [
    "continuous integration",
    "networking",
    "docker swarm",
    "terraform",
    "git",
    "microservices",
    "c++",
    "testing",
    "github",
    "raid",
    "svn",
    "hard disk",
    "python",
    "jira",
    "tomcat",
    "teamcity",
    "virtualizations",
    "linux",
    "gerrit",
    "virtualization",
    "system software",
    "rancher",
    "mysql",
    "oracle",
    "cloud infrastructure",
    "mesos",
    "bugzilla",
    "scripting",
    "devops",
    "cloudformation",
    "apache",
    "database",
    "cisco",
    "nagios",
    "dns",
    "dhcp",
    "groovy",
    "grafana",
    "development testing",
    "openldap",
    "ansible",
    "docker",
    "cloud",
    "workflow",
    "jenkins",
    "kvm",
    "php",
    "cba",
    "hypervisor",
    "bash scripting",
    "sap hana",
    "prometheus",
    "management",
    "hudson",
    "aws",
    "gitlab",
    "proxy"
  ],
  "fulltext": "86 Binh Thoi Street, District 11, Ho Chi Minh city, VietnamE-mail: qkhai20@gmail.comWebsite: https://www.linkedin.com/in/khai-duong-444b2b7b/Phone: (084) 916-734436PROFESSIONAL SUMMARYDedicated to optimization, an experienced DevOps Engineer understands thecombination of operations and development to quickly deliver code to customers.Passionate and skilled in DevOps, Linux, developing software systems.Skills:Cloud: AWS SCM: Git (Gerrit, GitHub), SVN.CI/ CDs: TeamCity, Jenkins, Hudson. Infrastructure as Code: Cloudformation, Ansible, Terraform.Container and virtualization: Docker Engine, SEE, KVM, VMware.Cluster manager: Rancher, Mesos, Marathon, Zookeeper, Docker Swarm.Scripting: Bash, Python, GroovyMonitoring: Nagios, Telegraf, Prometheus , GrafanaOthers: JIRA, Confluence, Slack, Microservices, Pair and Mod programming.CORE QUALIFICATIONSMonitoring, supporting and developing software systems in Python, investigating andtroubleshooting issues.Assembling platforms and frameworks to automate business processes.Research/Integration new tools/technologies such as Mesos , Marathon, Zookeeper,Docker that will enhance their efficiency.Build and improve team processes and workflow to maximize efficiency andproductivity.QUALIFICATIONSAWS (Acloud.guru)Docker (Pluralsight)Terraform (Pluralsight)CCNA (Cisco, VNPro)Git Essential Training (Lynda) Python (Lynda)WORK EXPERIENCETyme Digital (CBA) 02/01/2019 PresentSenior DevOps EngineerCreate / Implemented CI/CD process using TeamCity for the global developmentteam, allow for dozens of code updates per hour with zero downtimeActively manage, improve, and monitor cloud infrastructure on AWS, EC2, S3 and soon, including backups, patches, and scaling.Wrote Cloudformation and Ansible playbook to deploy, configure, and manageservers.Duong Quang Khai1Automated build and deployment using TeamCity to reduce human error and speed upproduction processes.SAP Lab VietnamSep 2015 31/01/2018DevOps EngineerDuty:The SAP HANA Database DevOps team manages the infrastructure for the HANAproduct.Supports continuous integration of C++ coding into the SAP HANA.Sophisticated automated testing facilities and advanced release managementsystems.Major components are Git, Gerrit, Jenkins, Bugzilla, Mesos, Marathon, Zookeeper withcustom-tailored extensions in conjunction with in-house developed software.Investigating and troubleshooting issues for automating testing framework.GBST - HCM city (TMA's Project)Jan 2015 Sep 2015DevOps EngineerDuty:Installing and maintaining for CI systems, Oracle database.Scripting: Powershell, Groovy, Bash.Monitoring and troubleshooting issue. Cross-team support for reviewing, and building/ testing code. TMA Solutions - HCM cityAug 2014 Aug 2015Senior System AdministratorDuty:Management internal services: DNS, DHCP, Routing, SVN, GIT, CVS, Jenkins, OpOpenLDAP, Proxy.Design server hard disk layout with multi-type RAID & LVM support.Installing and maintaining the Hypervisor (Proxmox, KVM). Scripting: Bash.Install and maintain services: Gitlab, Apache, Mysql, PHP, mail system and LDAP,DC etc.Operate backup & restore tasks.Aotea Global Services - HCM cityJanuary 2013 Aug 2014System AdministratorDuty:Installing and maintaining services on AWS (EC2 , IAM, S3 etc...).Research new technologies/tools.Install and maintain Mail server (ZCS 8), web servers (Apache2, Apache-tomcat 7).Helpdesk.EDUCATIONSystem Administrator andNetworking2006 2010NIIT SchoolLinux, Opensource services, Databases, Networking and so onCCNAJan 2013 Jul 2013VNPro CenterBasic networkingDuong Quang Khai2REFERENCESMs. Trang, Senior DevOps at SAP.Email: trang.nguyen02@sap.comPhone: +84 916960833Mr Dinh Van An - Project Manager at TMAEmail: vanan15@gmail.comTel: +1 (510) 698-2509INTERESTSPlaying football, swimming, traveling and outdoor activities.Duong Quang Khai3Powered by TCPDF (www.tcpdf.org)",
  "educations": [
    {
      "id": 4886,
      "gpa": null,
      "major": "Networking",
      "school": "NIIT School",
      "diploma": "Other",
      "end_time": "2010-01-01T00:00:00Z",
      "conf_score": 0.7696199437739497,
      "start_time": "2006-01-01T00:00:00Z",
      "picklist_major": "Other",
      "major categories": "",
      "major_categories_detail": ""
    }
  ],
  "experiences": [
    {
      "id": 16386,
      "detail": "Create / Implemented CI/CD process using TeamCity for the global development team, allowing for dozens of code updates per hour with zero downtimeActively manage, improve, and monitor cloud infrastructure on AWS, EC2, S3 and so on, including backups, patches, and scaling.Wrote Cloudformation and Ansible playbook to deploy, configure, and manage servers.Automated build and deployment using TeamCity to reduce human error and speed up production processes.",
      "company": "Tyme Digital (CBA)",
      "end_time": "2023-04-13T00:00:00Z",
      "industry": "High Technology",
      "position": "Senior DevOps Engineer",
      "conf_score": 0.9073650100896279,
      "start_time": "2019-01-02T00:00:00Z"
    },
    {
      "id": 16387,
      "detail": "Duty: The SAP HANA Database DevOps team manages the infrastructure for the HANA product.Supports continuous integration of C++ coding into the SAP HANA. Sophisticated automated testing facilities and advanced release management systems.Major components are Git, Gerrit, Jenkins, Bugzilla, Mesos, Marathon, Zookeeper with custom-tailored extensions in conjunction with in-house developed software.Investigating and troubleshooting issues for automating testing framework.",
      "company": "SAP Lab Vietnam",
      "end_time": "2018-01-31T00:00:00Z",
      "industry": "Other",
      "position": "DevOps Engineer",
      "conf_score": 0.9125776658202421,
      "start_time": "2015-09-01T00:00:00Z"
    },
    {
      "id": 16388,
      "detail": "Duty: Installing and maintaining for CI systems, Oracle database.Scripting: Powershell, Groovy, Bash. Monitoring and troubleshooting issue.Cross-team support for reviewing, and building/ testing code.",
      "company": "GBST -",
      "end_time": "2015-09-30T00:00:00Z",
      "industry": "Other",
      "position": "DevOps Engineer",
      "conf_score": 0.8839503315308961,
      "start_time": "2015-01-01T00:00:00Z"
    },
    {
      "id": 16389,
      "detail": "Duty: Management internal services: DNS, DHCP, Routing, SVN, GIT, CVS, Jenkins, Op OpenLDAP, Proxy. Design server hard disk layout with multi-type RAID & LVM support.Installing and maintaining the Hypervisor (Proxmox, KVM). Scripting: Bash. Install and maintain services: Gitlab, Apache, Mysql, PHP, mail system and LDAP, DC etc.Operate backup & restore tasks.",
      "company": "TMA Solutions - HCM city",
      "end_time": "2015-08-31T00:00:00Z",
      "industry": "High Technology",
      "position": "Senior System Administrator",
      "conf_score": 0.8531877442427502,
      "start_time": "2014-08-01T00:00:00Z"
    },
    {
      "id": 16390,
      "detail": "Duty: Installing and maintaining services on AWS (EC2, IAM, S3 etc...).Research new technologies/tools.Install and maintain Mail server (ZCS 8), web servers (Apache2, Apache-tomcat 7). Helpdesk.",
      "company": "Aotea Global Services - HCM city",
      "end_time": "2014-08-31T00:00:00Z",
      "industry": "Other",
      "position": "System Administrator",
      "conf_score": 0.8531877442427502,
      "start_time": "2013-01-01T00:00:00Z"
    },
    {
      "id": 16391,
      "detail": "Linux, Opensource services, Databases, Networking and so on",
      "company": null,
      "end_time": "2010-01-31T00:00:00Z",
      "industry": "Other",
      "position": "System Administrator and",
      "conf_score": 0.7588694396088908,
      "start_time": "2006-01-01T00:00:00Z"
    }
  ],
  "address": "86 Binh Thoi Street, District 11, Ho Chi Minh city, Vietnam"
}