{
  "skills": [
    "recruitment",
    "database",
    "medium",
    "human resources",
    "networking",
    "recruiting",
    "microsoft",
    "management"
  ],
  "fulltext": "Tran Thi Thai Thu HR Recruiter Address: 14 Nguyen Xuan On, Ward 2, Binh Thanh District, HCMC Phone: 0388 448 643 E-mail: thaithu.4t92@gmail.com Date of birth: October 3, 1992 LinkedIn: https: //www.linkedin.com/in/thaithu310/ I have almost 3 years of experience in HR Recruiting as well as my skills includes communication and interviewing abilities which are important for the post of corporate recruiter. I want to take advantages of recruitment skills & experience and of market career to become a professional recruiting and for the company development. Experience 03/2017 04/2019 Recruiter Specialist LAMPART Co.,Ltd. - Assist to set up recruitment plan (recruitment demand of each developments team, work with team leaders regarding to the job requirement for vacancies) - Seeking candidates via networking, searching resume, posting job... - Building and managing candidates database system. - Performing in-person and phone interviews with candidates - Coordinating interviews with the hiring managers - Following up on the interview process status -Building & maintaining relationship with universities, HR agencies - Prepare recruitment reports weekly/monthly 06/2016 - 03/2017 Headhunter in IT Industry BEST WAY SOLUTIONS Co.,Ltd. - Source candidates through out all media (recruitment websites, personal relationship, networking events) to fulfill required assignment and enrich the database. - Conduct the initial interview, find out candidates career aspirations and test their abilities, experiences, provide a proper consultancy related to their expectation. - Communicate and consult client on final shortlist, consolidate information on preferred candidate to assist the client in making a recruitment decision. - Arrange the meetings between the client and the candidate and follow up the interview process to keep the candidate posted on the result. - Discuss the offer with the candidate and show how it fits with their career aspirations. - Assist the client and candidate in concluding the job offer process. - Care the successful candidate to ensure that they are happy with new job and timely support them in case of occurrence any problems. 03/2015 - 03/2016 Human Resources DAI CAT TUONG AN COMPANY 09/2014 - 02/2015 Customer Service VIETJETAIR COMPANY Education 10/2010 - 09/2014 HO CHI MINH CITY UNIVERSITY OF SOCIAL SCIENCES & HUMANITIES Major: Human Resource Psychologist Rating: Good Skill Candidate Sourcing & Screening Behavioral Interviewing Time Management Microsoft Office Office / Admin Support Powered by TCPDF (www.tcpdf.org)",
  "educations": [
    {
      "id": 4902,
      "gpa": null,
      "major": "Managing human resource",
      "school": "HO CHI MINH CITY UNIVERSITY OF SOCIAL SCIENCES & HUMANITIES",
      "diploma": "Bachelors",
      "end_time": "2014-09-01T00:00:00Z",
      "conf_score": 0.9433697436645392,
      "start_time": "2010-10-01T00:00:00Z",
      "picklist_major": "Human Resources",
      "major categories": "Business and management",
      "major_categories_detail": "Management Management"
    }
  ],
  "experiences": [
    {
      "id": 16441,
      "detail": "- Assist to set up recruitment plan (recruitment demand of each developments team, work with team leaders regarding to the job requirement for vacancies......)- Seeking candidates via networking, searching resume, posting job...- Building and managing database system.- Performing in-person and phone interviews with candidates- Coordinating interviews with the hiring managers- Following up on the interview process status-Building & maintaining relationship with universities, HR agencies...- Prepare recruitment reports weekly/monthly",
      "company": "LAMPART Co.,Ltd.",
      "end_time": "2019-04-30T00:00:00Z",
      "industry": "Other",
      "position": "Recruiter Specialist",
      "conf_score": 0.9256580526889115,
      "start_time": "2017-03-01T00:00:00Z"
    },
    {
      "id": 16442,
      "detail": "- Source candidates through out all media (recruitment websites, personal relationship, networking events) to fulfill required assignment and enrich the database.- Conduct the initial interview, find out candidates career aspirations and test their abilities, experiences, provide a proper consultancy related to their.- Communicate and consult client on final shortlist, consolidate information on preferred candidate to assist the client in making a recruitment decision.- Arrange the meetings between the client and the candidate and follow up the interview process to keep the candidate expectation posted on the result.- Discuss the offer with the candidate and show how it fits with their career aspirations.- Assist the client and candidate in concluding the job offer process.- Care the successful candidate to ensure that they are happy with new job and timely support them in case of any problems.",
      "company": "ITIndustryBEST WAYSOLUTIONS Co.,Ltd.",
      "end_time": "2017-03-31T00:00:00Z",
      "industry": "High Technology",
      "position": "Headhunter",
      "conf_score": 0.9210587272719128,
      "start_time": "2016-06-01T00:00:00Z"
    },
    {
      "id": 16443,
      "detail": "",
      "company": "DAI CAT TUONG AN COMPANY",
      "end_time": "2016-03-31T00:00:00Z",
      "industry": "Other",
      "position": "Human Resources",
      "conf_score": 0.9404253900297244,
      "start_time": "2015-03-01T00:00:00Z"
    },
    {
      "id": 16444,
      "detail": "",
      "company": "VIETJETAIR COMPANY",
      "end_time": "2015-02-28T00:00:00Z",
      "industry": "Other",
      "position": "Customer Service",
      "conf_score": 0.9404253900297244,
      "start_time": "2014-09-01T00:00:00Z"
    }
  ],
  "address": "14 Nguyen Xuan On, Ward 2, Binh Thanh District, Ho Chi Minh City"
}