{
  "skills": [
    "stack",
    "Internet",
    "task management",
    "payment",
    "java",
    "mongo",
    "ams",
    "cloud",
    "es6",
    "management",
    "redux",
    "banking",
    "heroku",
    "project planning",
    "manila",
    "firebase",
    "amazon ec2",
    "investments",
    "rail",
    "ruby",
    "team management",
    "new product development",
    "medium",
    "android",
    "website development",
    "sql",
    "restful",
    "jira",
    "reactjs",
    "database",
    "database design",
    "full stack development",
    "bitbucket",
    "bootstrap",
    "agile",
    "propulsion",
    "html"
  ],
  "fulltext": "RESUME Contact Name: Nguyen Van Hoang Status: Married Birthday: 15/03/1985 Email: nvhoang1503@gmail.com Phone: 0938 470 357 Skype: nvh1503 Address: 346 Ben Van Don, District 4, HCM Overview Have over 9 years of developer experiences (7 years in Ruby on Rails) Have experience working at start-up and investment company Have experience building and management technical team Have good communication Have good logic Have a good sense of UI/UX Have experience working with big project, online payments Have experience working with Agile Scrum Have experience in training skills (teaching) I Am Good At Full stacks developer: Ruby on Rails, ReactJS Redux Have experience: haml, slim, coffee script, es6, semantic, bootstrap Databases: postgre SQL, mongo DB. Cloud Server: amazon EC2, heroku Third Party Services: Google API, Firebase RESTful Web Services APIs Friendly with: Bitbucket, Jira Education Bachelor - Major of Information technology - Graduated at 2009 Independent Coursework - Android programming language - Graphics design Experiences Deliveree (01/ 2015 present) - https://www.deliveree.com/ Position: Technical lead Building and management technical team Projects planning and tasks management Programing as full stacks developer Architecture and technical design Problems resolving on real data Direct report to CTO Project information:- Deliveree is a mobile and web app that allows you to book and manage pickups and deliver of almost anything in select metro areas Southeast Asia. Our marketplace connects and individuals with qualified drivers and their vehicles to provide affordable and reliable service according to our high quality standards. Currently, Deliveree is serving businesses and individuals in Bangkok, Jakarta, and Manila with more urban locations coming soon. - Deliverees Series A o https://sg.news.yahoo.com/deliveree-raises-us-14-5m-series-funding-round-100753518.html o https://www.dealstreetasia.com/stories/gobi -partners-deliveree-83769/ o https://www.techinasia.com/deliveree-series-a o https://e27.co/deliveree-raises-us14-5m-series-funding-round-20171009/ o https http://www.digitalnewsasia.com/startups/deliveree-raises-us145mil-series-funding-found o https://inc42.com/buzz/deliveree-gobi-partners-logistics/ Texo Design (04/2013 01/2015) ) - http://www.texodesign.com.au/ Texo Design provides innovative tailor-made information technology solutions that guarantee success for our customers. We work with some of the biggest agencies in Australia as their trusted development partner, developing digital solutions for web, mobile and social media campaigns. Position: Senior RoR & Team lead Team management Projects planning and tasks management Ruby on rails full stacks developer Remote working with Australia developers Projects: confidential Tech Propulsion Labs (03/2011 01/2013) - http://www.techpropulsionlabs.com/ Tech Propulsion Labs specializes in new product development, serving the needs of startups at any stage, from the earliest seed of an idea to fully funded companies and beyond. Senior RoR developer Ruby on rails full stacks developer Training fresh graduates (international internship) Remote working with US clients Projects: confidential Java Vietnam (02/2009 02/2011) Java developer Web developer Database design Dicrect report to product manager Projects: A moudle of Sacombank Internet Banking System Powered by TCPDF (www.tcpdf.org)",
  "educations": [
    {
      "id": 4904,
      "gpa": null,
      "major": "Information technology",
      "school": "UNIVERSITY OF",
      "diploma": "Bachelors",
      "end_time": "2009-01-01T00:00:00Z",
      "conf_score": 0.7764426007516669,
      "start_time": null,
      "picklist_major": "IT - Hardware/Networking",
      "major categories": "Computer and information technology",
      "major_categories_detail": "Information technology"
    }
  ],
  "experiences": [
    {
      "id": 16452,
      "detail": "Building and management technical team Projects planning and tasks management Programming as full stacks developer Architecture and technical design Problems resolving on real data Direct report to CTO Project information:- Deliveree is a mobile and web app that allows you to book and manage pickups and of almost anything in select metro areas acrossSoutheast Asia. Our marketplace connects and individuals with qualified drivers and their vehicles to provide affordable and reliable service according to our high quality standards. Currently, Deliveree is serving businesses and individuals in Bangkok, Jakarta, and Manila with more urban locations coming soon.- Deliverees Series A o https://sg.news.yahoo.com/deliveree-raises-us-14-5m-series -funding- round-100753518.html o https://www.dealstreetasia.com/stories/gobi-partners-deliveree-83769/ o https://www.techinasia.com/deliveree-series-a https:// e27.co/deliveree-raises-us14-5m-series-funding-round-20171009/ o https://www.digitalnewsasia.com/startups/deliveree-raises-us145mil-series-funding-found o https://inc42 .com/buzz/deliveree-gobi-partners-logistics/",
      "company": "deliveree.com",
      "end_time": "2023-04-13T00:00:00Z",
      "industry": "Other",
      "position": "Technical lead",
      "conf_score": 0.8279591262404761,
      "start_time": "2015-01-01T00:00:00Z"
    }
  ],
  "address": "346 Ben Van Don, District 4, Ho Chi Minh City"
}