{
  "skills": [
    "continuous integration",
    "networking",
    "voip protocol",
    "terraform",
    "sonarqube",
    "git",
    "c++",
    "agile",
    "github",
    "testing",
    "ims",
    "automation",
    "vmware esxi",
    "automation testing",
    "python",
    "zabbix",
    "virtualizations",
    "linux",
    "gerrit",
    "virtualization",
    "execution environment",
    "azure",
    "voip",
    "cloud infrastructure",
    "kanban",
    "security",
    "circleci",
    "windows operating system",
    "openstack",
    "scripting",
    "ip multimedia subsystem",
    "access network",
    "online education",
    "devops",
    "apache",
    "voip system",
    "protocol",
    "load balancing",
    "cloud service",
    "WIFI",
    "nginx",
    "ansible",
    "docker",
    "cloud",
    "rtp",
    "enterprise",
    "server load",
    "jenkins",
    "debian",
    "kvm",
    "php",
    "operating system",
    "telecommunication service",
    "bash scripting",
    "loggly",
    "cloud service provider",
    "maintenance",
    "network security",
    "medium",
    "aws",
    "gitlab",
    "haproxy",
    "proxy"
  ],
  "fulltext": "NGO TAN PHAT DOB: // | Address: Bui Dinh Tuy, Ward, Ho Chi Minh City Mobile: | Skype: phat.wu | Email: phat.wu@gmail.com SUMMARY More than 5 years of experience in software application development. More than years of experience as System Engineer for Linux development. More than years of experience as Software Engineer for Networking and Telecommunication services development. year of experience as DevOps Engineer. Experienced in Agile SCRUM and Kanban methodology. KEYS AREAS OF EXPERTISE/STRENGTHS Languages ​​& Scripting: Bash, Python, NodeJS, PHP Cloud Service Provider: AWS, GCP, Azure Cloud Infrastructure Open Source: OpenStack Continuous Integration/Continuous Deployment: JenKins, CircleCI, Gitlab Open Source/rd party tool/ library: Automation Ansible, Terraform, ContainerDocker, LXC, Monitoring ELK, Loggly, NewRelic, Zabbix, Code Quality SonarQube, Web Server/Load Balancing/Proxy Apache, NginX, HAproxy, Notification ElastAlert Operating Systems: Windows, Linux Redhat, Debian, OpenSUSE WORK EXPERIENCE Pizza Hut Digitial Ventures, United Kingdom DevOps Engineer | / Now Project: Pizza Hut eCommerce Global Platform Develop and maintain the new Pizza Hut eCommerce Global Platform. Duties: Deploy Cloud infrastructure AWS following Microservice architecture. Implement CI/CD process. Cooperate with Development team in local and market offices. Skill Set Utilized: Bash, Python, NodeJS AWS ecosystem Docker Container Open Source/rd party tool Git & GitHub Linux DEK Technologies, Australia Software Engineer | // Project: IMS IP Multimedia Subsystem SBG Session Border Gateway SBG ensures network security, topology hiding, quality of service, hosted NAT/FW traversal, address and port translation NAPT, transcoding and other critical functions for real time IP streams. Supports encrypted media secure RTP and MSRP for unsecure access networks like WiFi. Duty: Implement and maintain the installation scripts for automated installation of SBG. Practice in Cloud Execution Environment CEE installation based on OpenStack. Deploy simulator environment with no differences to real target environment. Participate in many features and requirements of SBG software with good quality. Support other teams to deploy test environment. Skill Set Utilized: Bash OpenStack Networking Virtualization KVM Linux Git & Gerrit Miracle Linux Corporation, Japan Software Engineer | // Project: Miracle Zabbix ZBX Monitoring software for Japan. Duty: Maintenance update based on official Zabbix package. Fix bugs and adding new features acting at customers requests. Test on multi-platforms. Skill Set Utilized: C/C++ Zabbix Testing methodologies Miracle Linux Corporation, Japan System Engineer | // Project: Miracle Linux - Asianux A unified Linux platform. Duty: Develop and maintain Linux OS based on RedHat Enterprise Linux. Develop installer - Anaconda acting at customers requests. Automation testing on Azure. Document design specifications, installation instructions, and other system-related information. Research new technology to improve current system. Skill Set Utilized: Bash, Python, PHP Linux Azure Docker Container Open Source/rd party tool Virtualization KVM, VMware ESXi Git & Gitlab Universal Technology Services, Vietnam System Engineer | // Project: Online Education Platform A platform for learning English online via VoIP. Duties: Deploy and integrate features into VoIP system. Document design specifications, installation instructions, and other system-related information. Communicate with staff or clients to understand specific system requirements. Skill Set Utilized: Bash, Python Linux Open Source/rd party tool Networking VoIP protocols SIP, RTP EDUCATION UNIVERSITY OF SCIENCE, HCMC Bachelor of Science, Information Technology | oNetworks and Telecommunication oGPA . Powered by TCPDF (www.tcpdf.org)",
  "educations": [
    {
      "id": 4914,
      "gpa": null,
      "major": "Engineering technology of building materials",
      "school": "UNIVERSITY OF SCIENCE, HCM",
      "diploma": "Bachelors",
      "end_time": null,
      "conf_score": 0.7318217841552522,
      "start_time": null,
      "picklist_major": "Technical",
      "major categories": "Technology",
      "major_categories_detail": "Architectural and construction engineering technology"
    }
  ],
  "experiences": [
    {
      "id": 16475,
      "detail": "Project: Pizza Hut eCommerce Global Platform Develop and maintain the new Pizza Hut eCommerce Global Platform. Duties: Deploy Cloud infrastructure AWS following Microservice architecture. Implement CI/CD process. Cooperate with Development team in local and market offices.Skill Set Utilized: Bash, Python, NodeJS AWS ecosystemDocker Container Open Source/ rd party toolGit & GitHub Linux",
      "company": "Pizza Hut Digital Ventures",
      "end_time": "2023-12-31T00:00:00Z",
      "industry": "Other",
      "position": "DevOps Engineer",
      "conf_score": 0.7837731805150802,
      "start_time": "2023-04-01T00:00:00Z"
    }
  ],
  "address": "Bui Dinh Tuy, Ward, Ho Chi Minh City"
}