{
  "skills": [
    "ethereum",
    "agile",
    "python",
    "lead a team",
    "reactjs",
    "redis",
    "wordpress",
    "tizen",
    "io",
    "django",
    "activemq",
    "stack",
    "javascript",
    "devops",
    "website development",
    "blockchain",
    "rabbitmq",
    "nginx",
    "react native",
    "restful",
    "android",
    "angularjs",
    "graphql",
    "mongodb",
    "tester",
    "postgresql",
    "aws",
    "cordova"
  ],
  "fulltext": "69/48 Nguyen Gia Tri Ward 25, Binh Thanh District, Ho Chi Minh (+84) 944131086 ducmanh86@gmail.com TRAN DUC MANHCAREER OBJECTIVES Leverage the power of technology to build scalable, robust, secure and widely adopted products. EXPERIENCE VRED, Ho Chi Minh Tech Lead AUG 2018 - PRESENT VRED is a Vietnam e-commerce platform www.vred.vn, www.vaylaithap.vn Build and lead a team with 7 members: 2 full-stack, 1 backend, 1 frontend , 1 mobile, 1 tester and 1 devops. Apply Scrum/Agile project development to ensure deliver products on time Responsible for making technical decisions and research the latest technology trends Integrate with various third-party providers such as Giao Hang Tiet Kiem, ZaloPay, Momo,... Build satellite pages such as Support , Blog, News based on Wordpress for fast deployment and suitable for such CMS-like pages. Stacks: NodeJS/ReactJS/React Native, RESTful, RabbitMQ, AWS, Nginx, PostgreSQL/MongoDB/Redis... ShareRing, Ho Chi Minh Tech Lead NOVEMBER 2017 - AUGUST 2018 ShareRing is an Australian company with a focus on Blockchain technology Lead Backend team to build platforms from scratch which connect and interact with Blockchain Contribute to building a team from the beginning Stacks: Python, NodeJS, ReactJS, GraphQL, RESTful, ActiveMQ, AWS, Nginx, MongoDB, Redis, Blockchain(Ethereum/Tendermint) Flix Viet Jsc, Ho Chi Minh Fullstack developer OCTOBER 2016 - OCTOBER 2017 Rebuild and optimize a smartTV app on Tizen(SamSung TV) and WebOS(LG TV). Reduce startup time from 15 seconds to 2 seconds on weak-computing and low-resource devices following NetFlix technical tips and tricks. Contribute to building RESTful API server using Django framework which can handle 100K requests/seconds at peak time. Stacks: Python, NodeJS, AngularJS, AWS. MASE Hub, Hanoi Tech Lead OCTOBER 2014 - OCTOBER 2016 Lead a development team in an outsourcing company. Stacks: Python, NodeJS, Javascript. Tinh Van Group, Hanoi Web developer FEBRUARY 2012 - SEPTEMBER 2014 Project: Classbook System Stacks: Python, Android, Javascript, Cordova. Ex-Artisan Company, Hanoi Mobile developer SEPTEMBER 2010 - JANUARY 2012 A Japanese outsourcing company in mobile development. Stacks: Android, iOS. EDUCATION Thang Long University, Hanoi Bachelor 2005 - 2010 Major in Information System CERTIFICATES Pragmatic Scrum certificate - https://hocvienagile.com HOBBIES Making new friends Hanging out with my family and friends. Listening to music, martial art, reading novels. Love traveling, especially trekking, and sports.",
  "educations": [
    {
      "id": 4920,
      "gpa": null,
      "major": "Information system",
      "school": "Thang Long University",
      "diploma": "Bachelors",
      "end_time": "2010-01-01T00:00:00Z",
      "conf_score": 0.8244845671362849,
      "start_time": "2005-01-01T00:00:00Z",
      "picklist_major": "IT - Hardware/Networking",
      "major categories": "Computer and information technology",
      "major_categories_detail": "Computer"
    }
  ],
  "experiences": [
    {
      "id": 16485,
      "detail": "VRED is a Vietnam e-commerce platform www.vred.vn, www.vaylaithap.vn Build and lead a team with 7 members: 2 full-stack, 1 backend, 1 frontend, 1 mobile, 1 tester and 1 devops. Apply Scrum/Agile project development to ensure deliver products on time Responsible for making technical decisions and research the latest technology trends Integrate with various third-party providers such as Giao Hang Tiet Kiem, ZaloPay, Momo,... Build satellite pages such as Support , Blog, News based on Wordpress for fast deployment and suitable for such CMS-like pages. Stacks: NodeJS/ReactJS/React Native, RESTful, RabbitMQ, AWS, Nginx, PostgreSQL/MongoDB/Redis...",
      "company": "VRED, Ho Chi Minh",
      "end_time": "2023-04-13T00:00:00Z",
      "industry": "Other",
      "position": "Tech Lead",
      "conf_score": 0.9062253686446679,
      "start_time": "2018-08-01T00:00:00Z"
    },
    {
      "id": 16487,
      "detail": "ShareRing is an Australian company with a focus on Blockchain technology Lead Backend team to build platforms from scratch which connect and interact with Blockchain Contribute to building a team from the beginning Stacks: Python, NodeJS, ReactJS, GraphQL, RESTful, ActiveMQ, AWS, Nginx , MongoDB, Redis, Blockchain(Ethereum/Tendermint)",
      "company": "ShareRing",
      "end_time": "2018-08-31T00:00:00Z",
      "industry": "Other",
      "position": "Tech Lead",
      "conf_score": 0.9167205923617493,
      "start_time": "2017-11-01T00:00:00Z"
    },
    {
      "id": 16488,
      "detail": "Rebuild and optimize a smartTV app on Tizen(Samsung TV) and WebOS(LG TV). Reduce startup time from 15 seconds to 2 seconds on weak-computing and low-resource devices following NetFlix technical tips and tricks. Contribute to building RESTful API server using Django framework which can handle 100K requests/seconds at peak time. Stacks: Python, NodeJS, AngularJS, AWS.",
      "company": "Flix Viet Jsc",
      "end_time": "2017-10-31T00:00:00Z",
      "industry": "Other",
      "position": "Fullstack developer",
      "conf_score": 0.9167205923617493,
      "start_time": "2016-10-01T00:00:00Z"
    },
    {
      "id": 16489,
      "detail": "Lead a development team in an outsourcing company. Stacks: Python, NodeJS, Javascript.",
      "company": "MASE Hub",
      "end_time": "2016-10-31T00:00:00Z",
      "industry": "Other",
      "position": "Tech Lead",
      "conf_score": 0.9223603938572921,
      "start_time": "2014-10-01T00:00:00Z"
    },
    {
      "id": 16490,
      "detail": "Project: Classbook System Stacks: Python, Android, Javascript, Cordova.",
      "company": "Tinh Van Group",
      "end_time": "2014-09-30T00:00:00Z",
      "industry": "Other",
      "position": "Web developer",
      "conf_score": 0.9223603938572921,
      "start_time": "2012-02-01T00:00:00Z"
    },
    {
      "id": 16491,
      "detail": "A Japanese outsourcing company in mobile development. Stacks: Android, iOS.",
      "company": "Ex - Artisan Company",
      "end_time": "2012-01-31T00:00:00Z",
      "industry": "Other",
      "position": "Mobile developer",
      "conf_score": 0.9223603938572921,
      "start_time": "2010-09-01T00:00:00Z"
    }
  ],
  "address": "69/48 Nguyen Gia Tri Ward 25, Binh Thanh District, Ho Chi Minh"
}