{
  "skills": [
    "studio",
    "css",
    "agile",
    "extjs",
    "python",
    "html",
    "mysql",
    "jquery",
    "angular",
    "sql",
    "microsoft",
    "accounting",
    "sql",
    "visual studio",
    "program debugging",
    "c#",
    "javascript",
    "database",
    "accounting softwares",
    "mvc",
    "cloud",
    "reds",
    "futures",
    "software development",
    "asp"
  ],
  "fulltext": "Ong Nguyen Phu .NET Developer Date of birth: 1992 Gender: Male Address: HCMC OBJECTIVE Excellent team player and content expert with in-depth knowledge of development tools and languages. Hopeful for a chance to apply 5 + years of experience in developing designs, code; debugging programs to real problems, and adding value to the business. Keep improving myself to pursue a successful career in software development where skills in coding, troubleshooting, and analyzing will be in the delivery of state-of-the-art software solutions. WORK EXPERIENCE Big Red Cloud (September 2016 - Now) Customer BigRedCloud (Ireland) Description Cloud accounting software for small businesses Team size 4 My position Developer + Meeting with customers and teammates to get clear requirement. Improve and maintain the project. My responsibilities + Delivered new or enhanced developments + Works with team leader to restructure the back-end (replace old tech with new tech) + Apply clean code with the legacy code ASP.NET Webform - ASP.NET MVC (API) Technologies used HTML - CSS - ExtJS 4.1 DDD (Domain Driven Design) SQL PSI (September 2013 - September 2016) Customer PSI Description A healthcare system for managing health status used by both patient and doctor. Team size 4 My position Junior Developer My responsibilities Follow team leader to implement new features and fix bugs Technologies used ASP.NET MVC HTML - CSS - Javascript - jQuery TECHNOLOGY SUMMARY C# Advance Javascript Advance Ext JS Advance HTML, CSS Intermediate Angular 2+ Basic Python Basic Development Tools Visual Studio 2017, VS Code, Pycharm Database MSSQL Server, MySQL Methodologies Waterfall Approach, Agile, Scrum Scrumban Systems Windows EXPECTATIONS + Be a technical architect in near future in order to build a successful project + Have more challenges to improve + Could show my abilities and get higher promotion in future CERTIFICATIONS 2018 Microsoft Certificate Solution Developer Certifications EDUCATION 2010 - 2014 HCMUS - University of Science Bachelor Degree Software Engineer INTERESTS I like to play soccer, hiking, music and games topcv.vn",
  "educations": [
    {
      "id": 4919,
      "gpa": null,
      "major": "Software Engineer",
      "school": "HCMUS - University of Science",
      "diploma": "Bachelors",
      "end_time": "2014-01-01T00:00:00Z",
      "conf_score": 0.7851615749618549,
      "start_time": "2010-01-01T00:00:00Z",
      "picklist_major": "Other",
      "major categories": "",
      "major_categories_detail": ""
    }
  ],
  "experiences": [
    {
      "id": 16484,
      "detail": "+ Meeting with customers and teammates to get clear requirement. Improve and maintain project.My responsibilities+ Delivered new or enhanced developments+ Works with team leader to restructure the back-end (replace old tech with new tech)+ Apply clean code with the legacy codeASP.NET Webform - ASP.NET MVC (API) Technologies usedHTML - CSS - ExtJS 4.1 DDD (Domain Driven Design) SQL PSI (Se",
      "company": "Big Red Cloud",
      "end_time": "2023-04-13T00:00:00Z",
      "industry": "Other",
      "position": "Developer",
      "conf_score": 0.7828559450360946,
      "start_time": "2016-09-01T00:00:00Z"
    },
    {
      "id": 16486,
      "detail": "y responsibilitiesFollow team leader to implement new features and fix bugsTechnologies usedASP.NET MVC HTML - CSS - Javascript - jQuery",
      "company": "Big Red Cloud",
      "end_time": "2016-09-30T00:00:00Z",
      "industry": "Other",
      "position": "Junior Developer",
      "conf_score": 0.6996816990411938,
      "start_time": "2013-09-01T00:00:00Z"
    }
  ],
  "address": "HCMC"
}