{
  "skills": [
    "linux",
    "aws",
    "core data",
    "payment",
    "java",
    "concurrency",
    "c++",
    "javascript",
    "tcp",
    "ams",
    "cloud",
    "cloud service",
    "rest",
    "udp",
    "io",
    "object oriented",
    "git",
    "firebase",
    "react native",
    "uikit",
    "swift",
    "rtmp",
    "google cloud",
    "parse server",
    "design patterns",
    "restful",
    "oop",
    "core graphics",
    "software development",
    "objective c",
    "uml",
    "unity",
    "cocoa",
    "teamwork",
    "networking",
    "xcode",
    "streaming",
    "php",
    "mysql"
  ],
  "fulltext": "Page 1/3 Vo Minh Thong (Mr.) Solution Architecture Mobile Summary A software developer for over 7+ years, I have worked on Objective C and Swift based projects for over 6 years and 1 year for manager project. I am good at object-oriented and functional programming. I try to learn something new everyday. I often try to bring these skills into my daily teamwork. Even though teamwork is a natural skill to me, I often find myself doing my own researches at late night to tackle some challenging problems. Thats my way of self-improvement. Education Graduation: - 2010 2013: Software Engineer University Of Science. - 07/2012: Starting iOS Development Technical Skills - Xcode & Interface Builder - ObjC, Swift, Nodejs, Javascript, PHP - Building to Devices - Distributing an App (preferably for an app on the App Store) - Fluency with Swift OR Objective- C - UIKit, Auto Layout - Debugging in Xcode - Instruments - Xibs, Storyboards, Segues and related presentation/transition - Core Data, Cocoa Touch - Core Graphics, OpenGL, Metal, GLSL. - Design Patterns Swift/ ObjC - REST and/or SOAP - Git, Subversion or other version control - Understanding of Clean Coding Principles - Understanding of SOLID - Threading and Concurrency - Have built for both iPhone and iPad, Origin in a universal app - Payment : Stripe, Braintree, Paybox Page 2/3 Work Experience Kobe Kara (10/2013 05/2014) Role: iOS Developer Learned Skills: - Objective C, C++ - OOP, UML - Distribute the app to Apple Store - MySQL Projects: - Bogaca: Out of date Nexle Corporation (05/2014 05/2015) Role: iOS Developer Learned Skills: - Objective C, C++, Swift, Java - RTMP, RTMPS, TCP, UDP, XMPP, MQTT - BLE, iBeacon, Sensor Temp . - GPUImage, CoreData, Restful API. - WebRTC, Linphone and video streaming, social network technology. Projects: - GayM: Social network application(Out of date) - BrandMate: Social network and branding application(Out of date) - TalkLife: Social network application -https://talklife.co/ - FOND: Dating Online application(Out of date) date) - Rope Access Hub: Social network application(Out of date) - XMPP: Make the library chat real time.(Out of date) Evizi(05/2015 05/2016) Role: iOS Developer Senior iOS Developer Learned Skills:- Chart, Swift, C - Remote working, leader iOS Projects: - ZUUS: Social network application (out of date) - EarCrush: Multimedia application(out of date) Ulab (05/2016 03/2017) Role: Senior iOS Developer Leader team iOS Page 3/3 Learned Skills: - AR, AI, C, Unity - AWS, EC2, AWS S3, Linux. - OpenCV, OpenGL - Communicate with the client and my team to clear requirements and bugs. Projects: - WOW Keyboard: Multimedia, Utility and Social networking application(out of date) - Hot Spotting: Combine AI with AR and E-commercial application (out of date) - Kaching: Combine Unity game with native iOS system(out of date ) - Film Fans: Booking movie online application(out of date) Maple Labs (04/2017 02/2019) Role: Solution Architecture- Manager Learned Skills: - Dev Ops (starting) - Nodejs, Javascript, C++, C, React Native , PHP - AWS, EC2, AWS S3, Linux, Google Cloud Service, Firebase, Parse Server - Payment method: Stripe, Braintree, PayBox. - Expert Objective C and Master Swift - Opengl, GLSL Lanugage, Metal, CoreGraphic, Filter video, image and Audio. Projects: - WeChain: Social network application -https://we-chain.com/en - Navily: Find the anchor spot and book berths -https://www.navily.com - AppBike: Rental car -https:// www.app-bike.co.uk/ - ESSONE: News application -http://www.essonne.fr/ - Noddier: Private delivery application -https://noddier.com/ - Cabsule: List service rental car (out) of date) - InStaShot: Edit video for professor application(out of date) - Go: Rental car - Global Icon: Branding network application - DUDE: Multimedia social network application - BaoThuaThienHue: News application -http://baothuathienhue.vn/ - BaoAnGiang: News application -http://baoangiang.com.vn/ - TinTucMienTay: News application -http://tintucmientay.com.vn/ - Wiz Wallpapers: Entertainment application -https://wizstudio.io/",
  "educations": [
    {
      "id": 4924,
      "gpa": null,
      "major": "Software Engineer",
      "school": "University Of Science.",
      "diploma": "Bachelors",
      "end_time": "2013-01-01T00:00:00Z",
      "conf_score": 0.8263227818945743,
      "start_time": "2010-01-01T00:00:00Z",
      "picklist_major": "Other",
      "major categories": "",
      "major_categories_detail": ""
    }
  ],
  "experiences": [
    {
      "id": 16514,
      "detail": "Learned Skills: - Dev Ops (starting)- Nodejs, Javascript, C++, C, React Native, PHP - AWS, EC2, AWS S3, Linux, Google Cloud Service, Firebase, Parse Server - Payment method: Stripe, Braintree, PayBox. - Expert Objective C and Master Swift - Opengl, GLSL Lanugage, Metal, CoreGraphic, Filter video, image andAudio. Projects: - WeChain: Social network application -https://we-chain.com/en- Navily: Find the anchor spot and book berths -https://www.navily.com- AppBike: Rental car -https:// www.app-bike.co.uk/- ESSONE: News application -http://www.essonne.fr/- Noddier: Private delivery application -https://noddier.com/- Cabsule: List service rental car (out) of date)- InStaShot: Edit video for professor application(out of date)- Go: Rental car- Global Icon: Branding network application- DUDE: Multimedia social network application- BaoThuaThienHue: News application -http://baothuathienhue.vn/- BaoAnGiang: News application -http://baoangiang.com.vn/- TinTucMienTay: News application -http://tintucmientay.com.vn/- Wiz Wallpapers: Entertainment application -https://wizstudio.io/",
      "company": "Maple Labs",
      "end_time": "2019-02-28T00:00:00Z",
      "industry": "Other",
      "position": "Solution Architecture - Manager",
      "conf_score": 0.9112252009722283,
      "start_time": "2017-04-01T00:00:00Z"
    },
    {
      "id": 16515,
      "detail": "Learned Skills: - AR, AI, C, Unity - AWS, EC2, AWS S3, Linux. - OpenCV, OpenGL - Communicate with the client and my team to clear requirements and bugs.Projects: - WOW Keyboard: Multimedia, Utility and Social networking application(out of date)- Hot Spotting: Combine AI with AR and E-commercial application ( out of date)- Kaching: Combine Unity game with native iOS system(out of date)- Film Fans: Booking movie online application(out of date)",
      "company": "Ulab",
      "end_time": "2017-03-31T00:00:00Z",
      "industry": "Other",
      "position": "Senior iOS Developer - Leader of the iOS team",
      "conf_score": 0.8855279524477552,
      "start_time": "2016-05-01T00:00:00Z"
    },
    {
      "id": 16516,
      "detail": "Learned Skills: - Chart, Swift, C - Remote working, leader iOS Projects: - ZUUS: Social network application (out of date)- EarCrush: Multimedia application(out of date)",
      "company": "Evizi",
      "end_time": "2016-05-31T00:00:00Z",
      "industry": "Other",
      "position": "iOS Developer - Senior iOS Developer",
      "conf_score": 0.8876878364100665,
      "start_time": "2015-05-01T00:00:00Z"
    },
    {
      "id": 16517,
      "detail": "Learned Skills: - Objective C, C++, Swift, Java - RTMP, RTMPS, TCP, UDP, XMPP, MQTT - BLE, iBeacon, Sensor Temp. - GPUImage, CoreData, Restful API. - WebRTC, Linphone and video streaming, social network technology.Projects: - GayM: Social network application(Out of date)- BrandMate: Social network and branding application(Out of date)- TalkLife: Social network application -https://talklife .co/- FOND: Dating Online application(Out of date)- Rope Access Hub: Social network application(Out of date)- XMPP: Make the library chat real time.(Out of date)",
      "company": "Nexle Corporation",
      "end_time": "2015-05-31T00:00:00Z",
      "industry": "Other",
      "position": "iOS Developer",
      "conf_score": 0.8855279524477552,
      "start_time": "2014-05-01T00:00:00Z"
    },
    {
      "id": 16518,
      "detail": "Learned Skills: - Objective C, C++ - OOP, UML - Distribute the app to Apple Store - MySQL Projects: - Bogaca: Out of date",
      "company": "Kobe Kara",
      "end_time": "2014-05-31T00:00:00Z",
      "industry": "Other",
      "position": "iOS Developer",
      "conf_score": 0.8855279524477552,
      "start_time": "2013-10-01T00:00:00Z"
    }
  ],
  "address": null
}