{
  "skills": [
    "management tools",
    "css",
    "html",
    "oracle",
    "jquery",
    "sql",
    "c#",
    "sql database",
    "oop",
    "javascript",
    "database",
    "banking",
    "mvc",
    "bootstrap",
    "frontend development",
    "backend development",
    "business skills",
    "angularjs",
    "interface design",
    "management",
    "asp"
  ],
  "fulltext": "PHAM THIEN AN.NET DeveloperHo Chi Minh, Vietnamphamthienan1902@gmail.com0978.565.873EDUCATIONMAJOR: INFORMATION TECHNOLOGYHCM CITY INDUSTRY AND TRADECOLLEGEGraduated : GoodAUGUST 2013 - MAY 2016CERTIFICATIONS2015B Level English Certificate OBJECTIVE much as possible and doing my learning as mytask. - To have good opportunities to get promotion in my job.- Develop my skills with development of company,I want to prove myself.- 2-3 years : Become a senior .NET developer.- 4-6 years : Become a team leader .WORK EXPERIENCE.NET DEVELOPER :FPT TELECOM HCMNOV 2016 - APRIL 2018 - Programming front end : Use Html , Css, Jquery , Boostrap, KendoUIto design interface for tools management.- Programming back end :C#, ASP.NET MVC, OOP.- Database: SQL 2012, Oracle. Use ADO.NET, Stored Procedure, WebAPI,Webservice to get data.- Experienced in project development.+ Understand basic and advanced business skills and then applyprogramming knowledge to build tools skills.+ Support other departments get data to serve for Company.+ Experienced in web application using ASP.NET MVC.UNIT CORP.NET DEVELOPER :MAY 2018 - PRESENT - Programming front end : Angularjs, bootstrap, html, css,javascript,jquery,lodash.- Programming back end :C#, Web API,Sharepoint( basic).- Database: SQL 2012, Oracle.- Experienced in project development.+ Understand basic and advanced business skills and then applyprogramming knowledge to build tools skills.+ Experienced in singles pages web application on financial banking.INTERESTSSwimmingSoccer MusicGuitar topcv.vnPowered by TCPDF (www.tcpdf.org)",
  "educations": [
    {
      "id": 4933,
      "gpa": null,
      "major": "Information technology",
      "school": "HCM CITY INDUSTRY AND TRADE COLLEGE",
      "diploma": "Colleges",
      "end_time": "2016-05-01T00:00:00Z",
      "conf_score": 0.9242047582276173,
      "start_time": "2013-08-01T00:00:00Z",
      "picklist_major": "IT - Hardware/Networking",
      "major categories": "Computer and information technology",
      "major_categories_detail": "Information technology"
    }
  ],
  "experiences": [
    {
      "id": 16544,
      "detail": "- Programming front end : Angularjs, bootstrap, html, css, javascript,jquery,lodash.- Programming back end :C#, Web API,Sharepoint(basic). - Database: SQL 2012, Oracle. - Experienced in project development.+ Understand basic and advanced business skills and then apply programming knowledge to build tools skills.+ Experienced in singles pages web application on financial banking.",
      "company": "UNIT CORP",
      "end_time": "2023-04-13T00:00:00Z",
      "industry": "High Technology",
      "position": ".NET DEVELOPER",
      "conf_score": 0.8897446937692582,
      "start_time": "2018-05-01T00:00:00Z"
    },
    {
      "id": 16546,
      "detail": "- Programming front end : Use Html , Css , Jquery , Boostrap, KendoUI to design interface for tools management.- Programming back end :C#, ASP.NET MVC, OOP. - Database: SQL 2012, Oracle. Use ADO.NET, Stored Procedure, Web API,Webservice to get data.- Experienced in project development.+ Understand basic and advanced business skills and then apply programming knowledge to build tools skills.+ Support other departments get data to serve for Company. + Experienced in web application using ASP.NET MVC.",
      "company": "FPT TELECOM HCM",
      "end_time": "2018-04-30T00:00:00Z",
      "industry": "High Technology",
      "position": ".NET DEVELOPER",
      "conf_score": 0.9057868248189686,
      "start_time": "2016-11-01T00:00:00Z"
    }
  ],
  "address": "Ho Chi Minh City, Vietnam"
}