{
  "skills": [
    "stack",
    "implementation",
    "c#",
    "excel",
    "entity framework",
    "human resources",
    "jquery",
    "git",
    "svn",
    "analysis",
    "mobile application",
    "data analysis",
    "cams",
    "sql",
    "css",
    "le",
    "software development",
    "team foundation server",
    "software frameworks",
    "oracle",
    "database",
    "class",
    "full stack development",
    "php",
    "sql server",
    "html"
  ],
  "fulltext": "VO THANH RIN Address: 262 Phan Dang Luu, District Cam Le, Da Nang Gender: Male Date of birth: 10/08/1995 Introduction A full stack developer with more than 1.5 year of Software engineering experience .NET. Competence in C#, VB.net, MS SQL Server. Skills C#, Entity framework, VB.NET, ADO.NET MS SQL Server, Oracle Database. Team Foundation Server, Git and SVN. Work Experiences Company: PSM Global ERP Software 2017 Present Job Title: Software developer Responsibilities: - Build Framework project new together team. + Create new Components or modify Components about project new. + Create new Usercontrols or modify Usercontrols about project new. + Create file .dll get form base, Class basevv.. block source - Database + Create database basic code. + Create view, Create table, Write function. + Write procedure analysis data, load data, Block data last month. - Draw flowchar TOBE all module project new together team . - Draw flowchar AS IS all module project new together team . - Have know HTML, CSS, jquery Education Oct 2013 May 2017: - Ho Chi Minh City University of Food Industry (HUFI). - Certificate Enlish level C. - Certificate programer php at center Technology HOANG NGUYEN. Completed Projects 1. Software Development sHRM (Application Winform) Company: Thuan Hai Corporation. Period: May-2017 to December -2017 Description: All have 5 modules o 1. Requirements o 2. Human resource o 3. TimeKeeping o 4. Analysis salary. o 5. Tax - Working will 3 database. o 1. sHRM (Data project, 180 tables) o 2. sHRM_Fi (All project files, 4 tables) o 3. sHRM_QT (All data TimeKeeping, 4 tables) Role: Developer. Technology: C# , SQL Server 2012, Entity FrameWork. 2. Software project Transport (Application Winform) Company: Xuan Loc logistics. Period: January-2018 to March-2018 Description: All have 3 main modules. o 1. Transprort o 2. Salary o 3. Human resource - Database have 150 tables. - Create category Basic code. - Analysis of all order of customer, make procedure handling result calendar transport. - Get calendar transport make processing dashboard car. - SMS calendar transport to Driver car. - Training software customers. - Create design and code. Role: Implement,Developer. Technology: VB.NET, ADO.NET , SQL Server 2012. 3. Software Implement ERP Company: Sung Hyun Vina Period: April - 2018 to July 2018 Description: o Trainning woker scan barcode product at line. o Trainning woker scan barcode inbound, outbound. o Make doucument training customer use software. o Constructor data, Input data get form customer. Role: Implement. Technology: Word, PowerPoint, Excel. 4. Software Development ERP (Application Winform, Application mobile) Company: Songwol Vina Period: August-2018 to Present Description: Make project product. or Build Frameworks. o Database has 301 tables. o Code request of Department Implementation. o Create category Basic code. o Create databasse about table: Quatation, Order Customer, Product, Inbound, Outbound, QC o Write code inbound, Outbound, Print barcode. o Create design and code Role: Developer. Technology: VB.NET, ADO.NET, SQL Server 2012.",
  "educations": [
    {
      "id": 4938,
      "gpa": null,
      "major": null,
      "school": "Ho Chi Minh City University of Food Industry (HUFI).",
      "diploma": "Bachelors",
      "end_time": "2017-05-01T00:00:00Z",
      "conf_score": 0.7517466292705735,
      "start_time": "2013-10-01T00:00:00Z",
      "picklist_major": "Other",
      "major categories": "",
      "major_categories_detail": ""
    }
  ],
  "experiences": [
    {
      "id": 16556,
      "detail": "Responsibilities: - Build Framework project new together team.+ Create new Components or modify Components about project new.+ Create new Usercontrols or modify Usercontrols about project new.+ Create file .dll get form base, Class base...vv.. block source- Database + Create database basic code.+ Create view, Create table, Write function.+ Write procedure analysis data, load data, Block data last month.- Draw flowchar TOBE all module project new together team . - Draw flowchar AS - IS all module project new together team . - Have know HTML, CSS, jquery...",
      "company": "PSM Global - ERP Software",
      "end_time": "2023-04-13T00:00:00Z",
      "industry": "High Technology",
      "position": "Software developer",
      "conf_score": 0.91784510535477,
      "start_time": "2017-01-01T00:00:00Z"
    }
  ],
  "address": "262 Phan Dang Luu, District Cam Le, Da Nang"
}