{
  "skills": [
    "studio",
    "java",
    "git",
    "typescript",
    "database management",
    "svn",
    "objective c",
    "cryptocurrency",
    "mysql",
    "beacon",
    "io",
    "database management system",
    "cakephp",
    "software change",
    "visual studio",
    "phpstorm",
    "stack",
    "javascript",
    "payment",
    "database",
    "blockchain",
    "WIFI",
    "react native",
    "android",
    "management",
    "trello",
    "bluetooth"
  ],
  "fulltext": "Nguyen Tu Mobile Full Stack Engineer Nguyen Tu Mobile Full Stack Engineer SUMMARY I graduated University of Science in October 2014 in Ho Chi Minh city. Certificates about Android developer of information technology center of Science University in June 2014. I can work alone and team-work very well. Research new technologies fast. Responsibility with my work doing. Email: caybangmuathuqn@gmail.com Phone: 0974107528 TECHNICAL SKILLS Programming Languages: JavaScript, Java, React-Native, Objective-c Frameworks/ Platforms: NODE.JS, Android studio, Xcode Database Management Systems: MySQL IDEs: Eclipse, Android studio, Xcode, Visual studio code Tools or Tools source control: SVN and Git Foreign Languages: English WORKING EXPERIENCE TiTanCorpvn Company 2018 Present BGX - Such a solution could have been the blockchain network. But early blockchain networks aimed at personal use and were limited to cryptocurrency transactions - Payment methods : google play and apple store - Create module call react-native to native (objective-C and android) lib: https://www.chilkatsoft.com / - Https://bgx.ai/ - Special software : Visual studio code - Languages ​​: react-native Coloring - Update version app: change and crop image - Handle image from openCV - Special software : Android Studio - Languages ​​: android Dantrisoft - Listen from webapp and printer bill bluetooth - Special software : Visual studio code - Languages ​​: react-native Briswell Company 2015 2017 Nguyen Tu Engineer G-Share - Clone project trello - Special software : Visual studio code - languages ​​: react-native Freewave - Developer module web market from japan - Special software : phpStorm - Languages ​​: cakephp Digout - Build application type plugin for facebook with react-native. - Technology connect beacon to warning for user by notification. - When user go to shop that use item beacon wifi, application will show all product and price depend on boss of shop. - Help user easy receipt information about drinking, fooding, shopping... - Run iOS and Android. Mydroom - Connect users that need buying or renting housr in Japan. - Edit sequence image upload from server to display. Forum - Build website by NodeJS(Typescript). - For user, buy and order ticket film. - Order and edit seatbox. - Pay online. PhotoBook - Management estimate in building. - For user, upload image on server with day. - Display image from server, help to manage estimate building exactly. - Run on Iphone. Zizi - Application about transport. - Connect to user and seller about car. - For user, finding car, equipment of car with condition seek such as: manufacturer, size, detials product. - Order product and warranty product. - Help user find and repair car easily. - For user, print bill. - Can run on tablet 8 inch and 15 inch. - Android API is from android 4.x.x to upper. Whitebox - Application for hospital. - Patient can know schedule work of doctor, so the patient can book time. - Display bill medical and price for the patient. - Application help the patient safe time. - Design UI flexible and useful. - Application remind user by pushnotificaiton before times. - Android API is from android 4.x.x to upper. Hacobu - Build and design application help shipper know right location, calculate time from current of user to delivery location. - Display map and draw line from current of user to delivery location how to fast. Nguyen Tu Engineer - Have 2 options type of map to deliveried user know that I will receipt goods by motorbike or car. - Application manage estimate and product delivery or not delivery .- Boss of store can know position of shipper. - Design UI flexible and useful, run multiple screen. - Android API is from android 4.x.x to upper. Ebizworld Company 2014 - Nov 2015 JustChat - Application chat, connect everyone is login - Sign up not password, required full name that connect application. - Display all is online. - Not keep content conversion on application. PMme - Social application. - User can send message together. - Special, call by video. - Use Linphone technology to build application. - Design UI and build applications. - Team leader project. Powered by TCPDF (www.tcpdf.org)",
  "educations": [
    {
      "id": 4939,
      "gpa": null,
      "major": null,
      "school": "University of Science",
      "diploma": "Bachelors",
      "end_time": "2014-10-01T00:00:00Z",
      "conf_score": 0.8625682365084382,
      "start_time": "2014-06-01T00:00:00Z",
      "picklist_major": "Other",
      "major categories": "",
      "major_categories_detail": ""
    }
  ],
  "experiences": [
    {
      "id": 16557,
      "detail": "- Such a solution could have been the blockchain network. But early blockchain networks aimed at personal use and were limited to cryptocurrency transactions- Payment methods : google play and apple store- Create module call react-native to native (objective-C and android) lib: https://www.chilkatsoft.com // Https://bgx.ai/ - Special software : Visual studio code- Languages ​​: react-nativeColoring - Update version app: change and crop image- Handle image from openCV - Special software : Android Studio - Languages ​​: androidDantrisoft - Listen from webapp and printer bill bluetooth- Special software : Visual studio code- Languages ​​: react-nativeBriswell",
      "company": "TiTanCorpvn Company",
      "end_time": "2023-04-13T00:00:00Z",
      "industry": "Other",
      "position": "BGX",
      "conf_score": 0.8722560153087423,
      "start_time": "2018-01-01T00:00:00Z"
    },
    {
      "id": 16559,
      "detail": "G-Share - Clone project trello- Special software : Visual studio code- languages ​​: react-native",
      "company": "Briswell Company",
      "end_time": "2017-01-31T00:00:00Z",
      "industry": "Other",
      "position": null,
      "conf_score": 0.7314572406900115,
      "start_time": "2015-01-01T00:00:00Z"
    },
    {
      "id": 16561,
      "detail": "- Application chat, connect everyone is login- Sign up not password, required full name that connect application.- Display all is online.- Not keep content conversion on application.",
      "company": "Ebizworld Company",
      "end_time": "2015-11-30T00:00:00Z",
      "industry": "Other",
      "position": null,
      "conf_score": 0.8200858132399902,
      "start_time": "2014-01-01T00:00:00Z"
    }
  ],
  "address": null
}