{
  "skills": [
    "angular",
    "javascript",
    "c#",
    "studio",
    "excel",
    "unit test",
    "sql database",
    "entity framework",
    "git",
    "linq",
    "svn",
    "microsoft sql server",
    "html",
    "typescript",
    "asp",
    "sql",
    "css",
    "visual studio",
    "le",
    "microsoft visual studio",
    "microsoft",
    "mvc",
    "database",
    "bootstrap",
    "microsoft excel"
  ],
  "fulltext": "Le Thanh Tuan.Net DeveloperDate of birth: 07/09/1995Gender: MalePhone: 0979530072Email: lethanhtuan70995@gmail.comAddress:244,Man Thien, Ward Tang Nhon Phu A, District 9,TP.HCMEDUCATION10/2013 - 12/2017HO CHI MINH CITY UNIVERSITY OF TECHNOLOGY (HUTECH)Major: Software TechnologyEXPERIENCE4/2016 - 4/2017Hutech UniversityBasic, specialized- Database: SQL Server. - Web technology: HTML, CSS, ASP.NET MVC 5, LINQ, ENTITYFRAMEWORK.10/2017 - 1/2019FPT Software-Project(Client): MIROKU JYOHO SERVICE CO., LTD. (MJS)- Database: SQL Any Where. - Web technology:Typescript, JavaScript, C#, .Net 4.7,Web Api,Angular 4, CSS, HTML, LINQ.- UnitTest : writing Unit Test Frontend Kama, Backend .- Software: Microsoft SQL Server, Microsoft Visual Studio, Visual Code ,Microsoft Word, Microsoft Excel, Tortoise SVN, Git.- Knowledge: Entity Framework, Bootstrap, Stored Procedure.1/2019 - PresentFPT Software- Project(Client): ViDA- Database: SQL server. - Web technology: Typescript, JavaScript, C#, Web Api, Angular 6,CSS, HTML, LINQ.- UnitTest : Writing Unit Test Frontend Kama, Backend .- Software: Microsoft SQL Server, Microsoft Visual Studio, Visual Code,Microsoft Word, Microsoft Excel, Tortoise SVN, Git.- Knowledge: Entity Framework, Bootstrap.STRENGTHS- Ability to self- learn and adapt to new technologies. - Analytical skills. - Expertise on database and programming fundamentals. - Ability to work effectively in individual and team-oriented environments. - Working well under pressure. - Detail-oriented, creative, responsible, careful and patient. topcv.vnPowered by TCPDF (www.tcpdf.org)",
  "educations": [
    {
      "id": 4941,
      "gpa": null,
      "major": "Software Technology",
      "school": "HO CHI MINH CITY UNIVERSITY OF TECHNOLOGY (HUTECH)",
      "diploma": "Bachelors",
      "end_time": "2017-12-01T00:00:00Z",
      "conf_score": 0.9242047582276173,
      "start_time": "2013-10-01T00:00:00Z",
      "picklist_major": "Other",
      "major categories": "",
      "major_categories_detail": ""
    }
  ],
  "experiences": [
    {
      "id": 16564,
      "detail": "-Project(Client): MIROKU JYOHO SERVICE CO., LTD. (MJS) - Database: SQL Any Where. - Web technology: Typescript, JavaScript, C#, .Net 4.7, Web Api, Angular 4, CSS, HTML, LINQ. - UnitTest : writing Unit Test Frontend Kama, Backend . - Software: Microsoft SQL Server, Microsoft Visual Studio, Visual Code, Microsoft Word, Microsoft Excel, Tortoise SVN, Git. - Knowledge: Entity Framework, Bootstrap, Stored Procedure.",
      "company": "FPT Software",
      "end_time": "2019-01-31T00:00:00Z",
      "industry": "High Technology",
      "position": null,
      "conf_score": 0.8086621310791741,
      "start_time": "2017-10-01T00:00:00Z"
    }
  ],
  "address": "244,man Thien , Ward Tang Nhon Phu A, District 9, HCMC"
}