{
  "skills": [
    "git",
    "css",
    "ruby",
    "analysis",
    "self learning",
    "html",
    "system software",
    "design patterns",
    "mysql",
    "insurance",
    "database management system",
    "jquery",
    "gitkraken",
    "unit test",
    "bug fixing",
    "oop",
    "javascript",
    "database",
    "object oriented",
    "tdd",
    "rail",
    "vuejs",
    "maintenance",
    "postgresql",
    "management",
    "trello"
  ],
  "fulltext": "DANG NGOC TUANRuby on Rails DeveloperDate of birth: June 03, 1990Gender:MalePhone:Email:Address:160/25/28 Doan Thi Kia, Tan Dong Hiep, DiAn, Binh DuongOBJECTIVE- Think deeply and find the best practice- Desire to working in a friendly environment, can help me improve my skills- Can contribute their own knowledge to the community and societyEDUCATION2008 - 2012Ha Noi University of IndustryMajor: Computer ScienceWORK EXPERIENCEJuly 2017 - PresentAtmarkCafe Viet NamRoR StaffResponsible for developing, building features andmaintaining front-end, back-end functionality for eachproject.2013 - 2017Dong Hai JSCIT StaffSupport for company's IT system2010 - 2012CMC InfosecIT StaffInstallation and maintenance of software systems andsupport customerSKILLSSoftware- Knowledge of Object-oriented programming (OOP).- Know some Design Pattern.- Knowledge and practice with languages ​​and platforms :Ruby, VueJS, Ruby on Rails- Knowledge and practices with the managementSystem database: MySQL, PostgreSQL- Familiar with the programming tool: Sublime Text, GitKraken- Work with: Git, Backlog, Trello- Familiar with Unit Test(TDD)INTERESTSIlike soccer , music...ADDITIONAL INFORMATION- Ability to work in a high pressure environment.- Ability to work in a team and independently.- Proactive and high sense of responsibility, hard.- Good self-learning ability.PROJECTSTANZAKU(February 2019 - Present)CustomerJapansDescriptionBuilding App reading storiesTeam size18My positionFontEnd DeveloperAnalysis and design- DevelopmentMy responsibilitiesReview codeOptimize code- Bug FixingHTML(Slim), CSS(SASS), Coffee Script, JavaScript GQuery, jQueryTechnologies usedUI,..., VueJS, Vue NativeDMP(9/2018 - January 2019)CustomerJapansDescriptionBuilding report details for accounts running socials adsTeam size8My positionRoR Developer- Analysis and design- DevelopmentMy responsibilities-Review codeOptimize codeBug FixingTechnologies usedHTML(Slim), CSS(SASS), Coffee Script, JavaScript GQuery, jQuery-UI,... , Vuejs, Ruby on Rais,...DOSHIN(4/2018 - 8/2018)CustomerJapansManagement of client systems in the field of insuranceDescriptionTeam size10My positionRoR DeveloperAnalysis and designMy responsibilitiesDevelopmentOptimize code- Bug FixingHTML(Slim), CSS(SASS), Coffee Script , JavaScript GQuery, JQuery-Technologies usedUI,..., Ruby on Rails,DEPARTURE(July 2017 - March 2018)CustomerJapansBuilding website Services for user can create a website, blog basedDescriptionon available templatesTeam size14My positionRoR DeveloperAnalysis and designMy responsibilities- DevelopmentOptimize code - Bug FixingTechnologies usedHTML(Slim), CSS(SASS), Coffee Script, JavaScript GQuery, jQuery-UI,...), Vuejs, Ruby on Rails, ..",
  "educations": [
    {
      "id": 4972,
      "gpa": null,
      "major": "Computer science",
      "school": "Hanoi University of Industry",
      "diploma": "Bachelors",
      "end_time": "2012-01-01T00:00:00Z",
      "conf_score": 0.9210088910403198,
      "start_time": "2008-01-01T00:00:00Z",
      "picklist_major": "IT - Hardware/Networking",
      "major categories": "Computer and information technology",
      "major_categories_detail": "Computer"
    }
  ],
  "experiences": [
    {
      "id": 16653,
      "detail": "Responsible for developing, building features and maintaining front-end, back-end functionality for each project.",
      "company": "AtmarkCafe Vietnam",
      "end_time": "2023-04-13T00:00:00Z",
      "industry": "Other",
      "position": "Staff",
      "conf_score": 0.8948419004195385,
      "start_time": "2017-07-01T00:00:00Z"
    },
    {
      "id": 16657,
      "detail": "Support for company's IT system",
      "company": "Dong Hai JSC",
      "end_time": "2017-01-31T00:00:00Z",
      "industry": "Other",
      "position": "IT Staff",
      "conf_score": 0.9181269048441778,
      "start_time": "2013-01-01T00:00:00Z"
    },
    {
      "id": 16661,
      "detail": "Installation and maintenance of software systems and support customers",
      "company": "CMC Infosec",
      "end_time": "2012-01-31T00:00:00Z",
      "industry": "High Technology",
      "position": "IT Staff",
      "conf_score": 0.9181269048441778,
      "start_time": "2010-01-01T00:00:00Z"
    }
  ],
  "address": "160/25/28 Doan Thi Kia, Tan Dong Hiep, Di An, Binh Duong"
}