{
  "skills": [
    "css3",
    "crm",
    "javascript",
    "c#",
    "database management",
    "bots",
    "bootstrap",
    "e-learning",
    "management",
    "entity framework",
    "human resources",
    "git",
    "svn",
    "html5",
    "database management system",
    "maintenance",
    "asp",
    "sql",
    "mvc",
    "entity framework core",
    "reactjs",
    "database",
    "angularjs",
    "php",
    "sql server",
    "mysql",
    "jquery"
  ],
  "fulltext": "Trinh Minh Duong Position: .Net Developer Phone: +84977704625 Email: minhduong131196@gmail.com Skype: https://join.skype.com/invite/HreTpW7hDx5Z Birthday: 13-11-1996 Address: 108/39/8 Tran Van Quang, Ward 10, Tan Binh District, Ho Chi Minh OBJECTIVES Im a developer with over 1 years of experience in C#.NET Technologies. I hope that I can to contribute to your company. I always be learning as much as possible to be a better engineer day after day. Acknowledge myself with latest technologies and find out a way to apply at work. I want to go deeply in C# and Database. EDUCATION 09/2014: Thu Duc College Technology. TECHNICAL SKILLS Programming Languages: JavaScript, C#, PHP, HTML5, CSS3. Frameworks/Platforms: ASP.NET MVC, Web API, .NET Core, Entity Framework, jQuery, Bootstrap, ReactJS, AngularJS, NodeJS. Database Management Systems: MS SQL Server, MySQL. Version Control: Git, SVN. English: Read and Write WORK EXPERIENCE SNG Software Solutions 11/2017 4/2019 Position: Junior Developer. Projects: 1. CXCM System. Project Description: A system that is all operations of company, this system is still being developed. Team Size: 4 Members. o Build functions in the modules: Human Resource, Projects, Business Plan, CRM, E-Learning, KPI, Social Network. o API for App o Support to build some functions for Social Network. 2. CRM - Murad. Project Description: A system take care of customers, manage orders associated with delivery partners, create monthly target for salesperson, manage inventory. Team Size: 3 Members. Responsibilities: o Build modules: CRM, Order. o Fix and maintain modules of the system. o Integration chat bot of Facebook to use to allocate message for salesperson. 3. CRM - Subproject. Project Description: A management and care system for agents, displaying the coverage of agents and competitors, managing construction works and maintaining Business Signs.. Team Size: 2 Members. Responsibilities: o Build and fix modules of the system. o API for App 3T Technology Solutions. 03/2017 09/2017 Position: Fresher. Technologies: PHP, My SQL, Joomla, OpenCart. Responsibilities: Websites maintenance, edit and design UI module, update components and plugins to new version. Edit layout, change layout. Code UI base on file image designed and apply to website. Code plugins crawler to get data from another sites. Powered by TCPDF (www.tcpdf.org)",
  "educations": [
    {
      "id": 4942,
      "gpa": null,
      "major": null,
      "school": "Thu Duc College Technology",
      "diploma": "Colleges",
      "end_time": "2014-09-01T00:00:00Z",
      "conf_score": 0.7411424838253973,
      "start_time": null,
      "picklist_major": "Other",
      "major categories": "",
      "major_categories_detail": ""
    }
  ],
  "experiences": [
    {
      "id": 16565,
      "detail": "Projects: 1. CXCM System. Project Description: A system that is all operations of company, this system is still being developed. Team Size: 4 Members. o Build functions in the modules: Human Resource, Projects, Business Plan, CRM, E-Learning, KPI, Social Network. o API for App o Support to build some functions for Social Network. 3. CRM - Subproject. Project Description: A management and care system for agents, displaying the coverage of agents and competitors, managing construction works and maintaining Business Signs.. Team Size: 2 Members. Responsibilities: o Build and fix modules of the system. o API for App",
      "company": "SNG Software Solutions",
      "end_time": "2019-04-30T00:00:00Z",
      "industry": "High Technology",
      "position": "Junior Developer.",
      "conf_score": 0.862984985617265,
      "start_time": "2017-11-01T00:00:00Z"
    },
    {
      "id": 16566,
      "detail": "Technologies: PHP, My SQL, Joomla, OpenCart. Responsibilities: Websites maintenance, edit and design UI module, update components and plugins to new version. Edit layout, change layout. Code UI base on file image designed and apply to website. Code plugins crawler to get data from another sites.",
      "company": "3T Technology Solutions.",
      "end_time": "2017-09-30T00:00:00Z",
      "industry": "High Technology",
      "position": "Fresher.",
      "conf_score": 0.8626919802914558,
      "start_time": "2017-03-01T00:00:00Z"
    }
  ],
  "address": "108/39/8 Tran Van Quang, Ward 10, Tan Binh District, Ho Chi Minh"
}