{
  "skills": [
    "studio",
    "css",
    "java",
    "c++",
    "angular 2",
    "ionic",
    "objective c",
    "firebase",
    "sbt",
    "html",
    "design patterns",
    "io",
    "sqlite",
    "angular",
    "sql",
    "windows operating system",
    "sql",
    "visual studio",
    "remote config",
    "c#",
    "swift",
    "database",
    "mobile application",
    "copper",
    "cordova",
    "mvc",
    "google maps",
    "teamwork",
    "operating system",
    "android",
    "viper",
    "xcode",
    "management",
    "java language",
    "restful"
  ],
  "fulltext": "Quang Tan Dat IOS DEVELOPER October 28, 1995 Male 0903089534 d.quang10@gmail.com October 31 Dong Mango Ward, Ward 13, Tan Binh District1 https://www.facebook.com/dat.tan.1044EDUCATIONNGUYEN TAT THANH'S UNIVERSITYINFORMATION TECHNOLOGY2013 - 2017TARGET- Study and develop skills about IOS developer- Improve English skills- Join a professional work environment, so I can improve betterEXPERIENCEIOS DEVELOPER3/2018 - 5/2019IMT SOLUTIONSProject: Shop One (2 months) Team size: 6 - Role: IOS Developer- A executive summary application for mobile - Technical: Restful, Objective c Project: Jpay (6 months) Team size: 3 - A mobile's application for user who need to keep contact withprisoner have some function like send money, send mail, sendvideo- Technical: Soap, Objective c, Firebase, Remote Config,Notification - Role: IOS Developer Project: XFAMail (5 months - Gmail) Team size: 8 - A mobile's application for user working like 90% apple mailapplication on Iphone - Technical: Restful, Gmail Api, Objective c, Exchange api - Role: IOS DeveloperIOS DEVELOPER9/2017 - 2/2018SBT SOFTWAREProject: Go-ixe- A mobile application like grab and uber - Role: Developer- Technical: Swift, MVC design pattern, Google Map, FirebaseProject: An Cuong- A mobile application advertising funiture model- Role: Developer- Technical: Swift, MVC design patternProject: Nouwaka (Onsite at S3 Corp)- The application for mobile help old people to train theirmemory- Role: Developer- Technical: Angular 2, Ionic, Cordova, HTML/ CSSProject: Dam Ca Mau (Onsite at IMT)- An employee management application - Role: Developer- Technical: Objective C, Viper design patternINTERN6/2017 - 8/2018ELISOFTLearning and working as an intern IOS DeveloperCONTRACTOR10/2016 - 3/2017TMA SOLUTIONProject: Asahi Digital - A mobile application for people to read newpaper - Role: Developer- Technique: Swift, MVC design patternABILITYTeamworkResponsibilityWork under presureEnglishDealing with PeopleTeaching YourselfSolving ProblemsAWARDSRecive a scholarship at Nguyen Tat thanh'sUniversity2015HOBBYRead book, newspaperPlay computer gameChat with my friendHave coffee with myfriendPROGRAMING language TECHNIQUE Java, C++, C#, Objective CDatabase: MSSQL, SQLite, RealmOperating system: Window, IOS IDE: Android Studio, Visual Studio, SQL ServerManagement Studio, Xcode topcv.vn",
  "educations": [
    {
      "id": 4962,
      "gpa": null,
      "major": "Information technology",
      "school": "NGUYEN TAT THANH'S UNIVERSITY",
      "diploma": "Bachelors",
      "end_time": "2017-01-01T00:00:00Z",
      "conf_score": 0.9210088910403198,
      "start_time": "2013-01-01T00:00:00Z",
      "picklist_major": "IT - Hardware/Networking",
      "major categories": "Computer and information technology",
      "major_categories_detail": "Information technology"
    }
  ],
  "experiences": [
    {
      "id": 16620,
      "detail": "- A executive summary application for mobile- Technical: Restful, Objective cProject: Jpay (6 months) Team size: 3 - A mobile's application for user who need to keep contact with prisoner have some function like send money, send mail, send video- Technical: Soap, Objective c, Firebase, Remote Config, Notification - Role: IOS",
      "company": "IMT SOLUTIONS",
      "end_time": "2019-05-31T00:00:00Z",
      "industry": "High Technology",
      "position": "IOS DEVELOPER",
      "conf_score": 0.8367497950095989,
      "start_time": "2018-03-01T00:00:00Z"
    },
    {
      "id": 16622,
      "detail": "INTERN 6/2017 - 8/2018 ELISOFT Learning and working as an intern IOS Developer",
      "company": "ELISOFT",
      "end_time": "2018-08-31T00:00:00Z",
      "industry": "Other",
      "position": "Developer",
      "conf_score": 0.8882423158147587,
      "start_time": "2017-06-01T00:00:00Z"
    },
    {
      "id": 16624,
      "detail": "Technical: Swift, MVC design pattern, Google Map, Firebase Project: An Cuong - A mobile application advertising funiture model- Role: Developer - Technical: Swift, MVC design pattern",
      "company": "SBT SOFTWARE",
      "end_time": "2018-02-28T00:00:00Z",
      "industry": "High Technology",
      "position": "IOS DEVELOPER",
      "conf_score": 0.8537148313593174,
      "start_time": "2017-09-01T00:00:00Z"
    },
    {
      "id": 16626,
      "detail": "Project: Asahi Digital - A mobile application for people to read newspaper- Role:",
      "company": "TMA SOLUTION",
      "end_time": "2017-03-31T00:00:00Z",
      "industry": "High Technology",
      "position": "CONTRACTOR",
      "conf_score": 0.8882423158147587,
      "start_time": "2016-10-01T00:00:00Z"
    }
  ],
  "address": "October 31, Dong Mango Ward 13, Tan Binh District 1"
}