{
  "skills": [
    "negotiation skill",
    "document drafting",
    "manila",
    "hard working",
    "structure",
    "ams",
    "project management",
    "investments",
    "corporate governance",
    "it investment",
    "public speaking",
    "management",
    "insurance"
  ],
  "fulltext": "NGUYEN NGOC TRA MYLawyerPERSONAL PROFILEI am an trustworthy lawyer who is looking for a full-time job in order to enhance my skills and gain moreexperience and knowledge by contributing to thecompany's success and reputation. CONTACT DETAILSEXPERIENCESVolunteerI stayed with international volunteers in Manila(Philippines) to serve/to organize differentprograms/activities for the local peoplelike the poor, the sicked children, the young people,etc. Through this, I learnt to work in team and incultural differences, also earned the experience ofadaptability as well as many other skills like projectmanagement, time management, public speaking,etc.ESM Manila | Sep 2018 - May 2019 LawyerI was in charge of providing legal advice on corporate, investment, labor, dispute resolution, litigation and other advise work for bothdomestic and international clients to make sure thatthe clients' request is satisfied as much as possibleaccording to the law of Vietnam . In accordance with the advice, I assist the Clients in preparing, drafting ,reviewing necessary documents as well asimplementing required legal procedures. Our clientsare in different fields like: logistics, trading, pharmaceutical products, etc.TA Legal Limited Liability Law Company|Feb 2016 - Aug 2019Legal ConsultantI was assigned to advise and assist the clients onbusiness registration, investment registration as wellas initial tax registration, labor registration , socialinsurance registration, regulation, immigration issues, civil transactions such as rental laborcontract, property transfer contract and other advisework. Tam & Associate Limited Liability LawCompanyI Sep 2011 - Jan 2016Mobile: +84 0938712434Email: nntmy116@gmail.comSKILLS AND ABILITIES- Legal contract/document drafting- Listening person- Negotiation skill- Diligent learner- Organized person- Team player- Hard working- Motivated and dedicatedACADEMIC PROFILEUniversity of Economic and LawStudying Master of Economic Law, 2013-2015Ho Chi Minh City University of LawBachelor of Law, 2007 - 2011OTHER SKILLSI am able to communicate well in English due tonearly one year of living abroad. Being attentive andcaring is also my strength at working environment.PROFESSIONAL ACCOMPLISHMENTS- Member of the Bar Association of Ho Chi Minh City.Lawyer Card No.11121/LS issued by the Vietnam BarFederationon July 28, 2016;- Lawyers Practicing Certificate No.2483 /TP/LS-CCHNissued by the Ministry of Justice on 19/02/2016;- Successfully completed the course on \"Disputeresolution system: policies, structures ad strategies\"organized by Vietnam-Singapore Training Center,sponsored by the Ministry of Foreign Affairs, Singapore in collaboration with the Ministry ofForeign Affairs, Vietnam.NOTABLE CASES- DB Group Vietnam - on the agreement of capitalcontribution of company's member; company charterreview; adjustment of its investment project;- Ginza Matsunaga Co., Ltd - on its establishment inVietnam, its corporate governance and its laborissues;- Bharat Serums and Vaccines Limited - on therestructure as well as the extension of its Ref. Officein Vietnam;- Tai Tai Production & Trading Joint Stock Company -on dispute with its distributor;- Proton Co., Ltd - on its cooperation project ofinvesting and developing Dau Giay wholesalesmarket;- Yumark (Vietnam) Co., Ltd - on foreigner laborissues .HONORS & AWARDS:- Very good degree classification for graduation byHo Chi Minh City University of Law in 2011;- Scholarship of English Language Program issued by PETRONAS (2010);- Scholarship for students who have outstandingstudying result by Lawrence S.ting Memorial Fund( 2010);- Certificate of participation as a student volunteer inthe 4th LAWASIA International Moot - InternationalRounds (2009).",
  "educations": [
    {
      "id": 4958,
      "gpa": null,
      "major": "The law",
      "school": "Ho Chi Minh City University of Law",
      "diploma": "Bachelors",
      "end_time": "2011-01-01T00:00:00Z",
      "conf_score": 0.8934356695649784,
      "start_time": "2007-01-01T00:00:00Z",
      "picklist_major": "Legal",
      "major categories": "Law",
      "major_categories_detail": "The law"
    },
    {
      "id": 4957,
      "gpa": null,
      "major": "Economic law",
      "school": "University of Economics and Law",
      "diploma": "Masters",
      "end_time": "2015-01-01T00:00:00Z",
      "conf_score": 0.9073567900792502,
      "start_time": "2013-01-01T00:00:00Z",
      "picklist_major": "Legal",
      "major categories": "Law",
      "major_categories_detail": "The law"
    }
  ],
  "experiences": [
    {
      "id": 16610,
      "detail": "I was in charge of providing legal advice on corporate governance, investment, labor, dispute resolution, litigation and other advise work for both domestic and international clients to make sure that the clients' request is satisfied as much as possible according to the law of Vietnam . In accordance with the advice, I assist the Clients in preparing, drafting, reviewing necessary documents as well as implementing required legal procedures. Our clients are in different fields like: logistics, trading, pharmaceutical products, etc.",
      "company": "TA Legal Limited Liability Law Company",
      "end_time": "2019-08-31T00:00:00Z",
      "industry": "Other",
      "position": "Lawyer",
      "conf_score": 0.919071140268551,
      "start_time": "2016-02-01T00:00:00Z"
    },
    {
      "id": 16611,
      "detail": "I stayed with international volunteers in Manila (Philippines) to serve/to organize different programs/activities for the local people like the poor, the sicked children, the young people, etc. Through this, I learnt to work in team and in cultural, also earned the experience of adaptability differences as well as many other skills like project management, time management, public speaking, etc.",
      "company": "ESM Manila",
      "end_time": "2019-05-31T00:00:00Z",
      "industry": "Other",
      "position": "Volunteer",
      "conf_score": 0.9160462708777034,
      "start_time": "2018-09-01T00:00:00Z"
    },
    {
      "id": 16612,
      "detail": "I was assigned to advise and assist the clients on business registration, investment registration as well as initial tax registration, labor registration, social insurance registration, labor regulation, immigration issues, civil transactions such as rental contract, property transfer contract and other advise work.",
      "company": "Tam & Associate Limited Liability Law",
      "end_time": "2016-01-31T00:00:00Z",
      "industry": "Other",
      "position": "Legal Consultant",
      "conf_score": 0.919071140268551,
      "start_time": "2011-09-01T00:00:00Z"
    }
  ],
  "address": null
}