{
  "skills": [
    "integration testing",
    "machine learning",
    "studio",
    "user acceptance testing",
    "testing",
    "github",
    "administration",
    "analysis",
    "algorithm",
    "tableau",
    "python",
    "visualization",
    "qlik",
    "rss",
    "linux",
    "linear regression",
    "roof",
    "matplotlib",
    "azure",
    "cfa",
    "insurance",
    "data analysis",
    "non linear regression",
    "data mining",
    "unix",
    "class",
    "microsoft",
    "regression",
    "marketing",
    "sql",
    "visual studio",
    "sql query",
    "deep learning",
    "microsoft azure",
    "scripting",
    "numpy",
    "internal audit",
    "database",
    "business intelligence",
    "business requirement",
    "bioinformatics",
    "microsoft visual studio",
    "data visualization",
    "high-dimensional data",
    "matlab",
    "business analyst",
    "analyst",
    "bokeh",
    "strategic thinking",
    "scikit learn",
    "management",
    "acceptance testing",
    "problem solving"
  ],
  "fulltext": "MAI NGUYENFinal year student in Master of Statistics - Informatics maingoc303@gmail.com +32 4 7117 1551/ +84 7 8869 3223 Hasselt, Belgium https://www.linkedin.com/in/mai-nguyen-347a1331/ https:/ /github.com/maingoc303RESEARCH INTEREST Data Mining: machine learning and deep learning Statistical modeling: prediction, classication andinference Visualization: Business intelligence Integration and multi-disciplines analysisEDUCATIONMaster of Statistics - Specialized inInformaticsHasselt University Sep 2017 ongoingMaster thesis Bioinformatics pipeline forMetagenomics in clinicalCERTIFICATIONSPassed CFA Level 1IELTS 7.5TECHNICAL SKILLSR LanguageStatistical analysis and modeling, Biocon-ductor, R Markdown. Data VisualizationPythonPandas, Matplotlib, NumPy, Bokeh, Scikit-learn, Programming, Scripting, BiopythonLinux/ UnixMatlabStatistical Model, Data VisualizationSASSStatistical ModelingSQL QueryPower BI; TableauMS OfcesDATA SCIENCE SKILLSIntegrityProblem SolvingStrategic thinkingStatistical modelingMachine LearningDeep LearningData MiningHigh Dimensional Data AnalysisBioconductorACADEMIC CONFERENCES Computational analysis of protein-protein interactions: Sequences, networksand diseases - Nov, 2018 - Rome, Italia Neural guidance molecules in development and disease and Non-linear Regression and Longitudinal DataAnalysis; Univariate and Multivariate Analysis Advanced programming: develop algorithm for graph class in python Data Mining: Develop model for predicting response variable Omics: Gene expression analysis; High dimensional metabolics data analysisWORKING EXPERIENCESenior Business AnalystDXC Technology Aug 2016 Sep 2017 Ho Chi Minh City, Vietnam Performs feasible analysis, scopes projects, and works with the project man-agement team to prioritizes related to product functionalities. Preparation of Business Requirement Document (BRD) and translate it into functional specications. Provides analytical support by coordinating data extraction from various databases and data interpretation. Participates in Integration Testing and User Acceptance Testing (UAT) andFunctionality TestingSenior Data Insight AnalystSkoolbo Vietnam Aug 2015 Aug 2016 Ho Chi Minh City, Vietnam Propose dynamic report for internal management and marketing purposes Apply Tableau, Power BI, Qlik View to analyze and visualize Data from Database:Azure Microsoft, Sharepoint, SQL Improve data quality, ensure the accuracy of data input Tracking error and managing efciency of database Manage Information System: Microsoft Visual StudioFinancial Reporting AnalystGlobal Insurance Corporation Sep 2012 Jan 2015 Ho Chi Minh City, Vietnam Financial Analysis: analyzing expenses, insurance premium, administration ex-penses, insurance claims, premium reservation, claims reservation, calculatingnancial ratio. Financial Planning: based on nancial analysis, prepare a nancial analyzing,driven-cost factors, compare with benchmark to prepare plan for company. Financial Controlling: internal audit, receivables controlling, prepare KPI to evaluate companys performance. Involve in Projects: Insurance Product Pricing (Motor and Healthcare), Busi-ness Procedure Improvement",
  "educations": [
    {
      "id": 4970,
      "gpa": null,
      "major": null,
      "school": "Hasselt University",
      "diploma": "Masters",
      "end_time": "2017-09-01T00:00:00Z",
      "conf_score": 0.8161732367391693,
      "start_time": null,
      "picklist_major": "Other",
      "major categories": "",
      "major_categories_detail": ""
    }
  ],
  "experiences": [
    {
      "id": 16651,
      "detail": "Ho Chi Minh City, Vietnam Performs feasible analysis, scopes projects, and works with the project man- age team to prioritizes deliveries related to product functionalities. Preparation of Business Requirement Document (BRD) and translate it into functional specifications. Provides analytical support by coordinating data extraction from various databases and data interpretation. Participates in Integration Testing and User Acceptance Testing (UAT) andFunctionality Testing",
      "company": "DXC Technology",
      "end_time": "2017-09-30T00:00:00Z",
      "industry": "High Technology",
      "position": "Senior Business Analyst",
      "conf_score": 0.9522414576104914,
      "start_time": "2016-08-01T00:00:00Z"
    },
    {
      "id": 16655,
      "detail": "Ho Chi Minh City, Vietnam Propose dynamic report for internal management and marketing purposes Apply Tableau, Power BI, Qlik View to analyze and visualize Data from Database: Azure Microsoft, Sharepoint, SQL Improve data quality, ensure the accuracy of data input Tracking error and managing efficiency of database Manage Information System: Microsoft Visual Studio",
      "company": "Skoolbo Vietnam",
      "end_time": "2016-08-31T00:00:00Z",
      "industry": "Other",
      "position": "Senior Data Insight Analyst",
      "conf_score": 0.9542590739672067,
      "start_time": "2015-08-01T00:00:00Z"
    },
    {
      "id": 16658,
      "detail": "Ho Chi Minh City, Vietnam Financial Analysis: analyzing expenses, insurance premium, administration ex-penses, insurance claims, premium reservation, claims reservation, calculating financial ratio. Financial Planning: based on financial analysis, prepare a financial analyzing, driven-cost factors, compare with benchmark to prepare plan for company. Financial Controlling: internal audit, receivables controlling, prepare KPI to evaluate companys performance. Involve in Projects: Insurance Product Pricing (Motor and Healthcare), Busi-ness Procedure Improvement",
      "company": "Global Insurance Corporation",
      "end_time": "2015-01-31T00:00:00Z",
      "industry": "Insurance",
      "position": "Financial Reporting Analyst",
      "conf_score": 0.9665185576724751,
      "start_time": "2012-09-01T00:00:00Z"
    }
  ],
  "address": "Hasselt,"
}