{
  "skills": [
    "linux",
    "stack",
    "tdd",
    "angular",
    "docker",
    "javascript",
    "apache",
    "mongodb",
    "redux",
    "mongoose",
    "scrum master",
    "git",
    "sequelize",
    "redis",
    "microservices",
    "nginx",
    "php",
    "css",
    "oop",
    "angularjs",
    "bootstrap",
    "mysql",
    "html"
  ],
  "fulltext": "Tran Vuong (Kinny)Senior NodeJSJune 10th, 1990District 6, Ho Chi Minh City0949 402 102kinny@tranvuong.comTranVuong.comSkillsComputerNodeJS, MongoDB,Sequelize, SailJs, ExpressJS,Angular,React,Redux, Javascript,Server,Bootstrap, SPAs, Gits, master, TDD,OOP,Microservices, Docker ...LanguagesNative Vietnamese, Fluent English, Basic MandarinExperienceInetwork / Full stack + Manager2016- End of Feb 2019,District 1, HCMCUse MEAN (MongoDB,ExpressJS, AngularJS, Nodejs)Night Bridge /Full stack2015 - 2016,KL, MalaysiaUse LAMP(Linux, Apache, Mysql, PHP)Stellent / web designer2013 - 2014,Makati, PhilippinesUseHTML, CSS and Photoshop.EducationSai Gon Technology University / Computer Science2008 - 2012,HCMCProjectsHoduTV.com/ Watch free movies, TV shows onlineA toy project of mine butgot verysuccesswith 20k plusdaily traffic.Key tech: Nodejs, Mongoose,Express, Redis, AngularJs, NginX,",
  "educations": [
    {
      "id": 4966,
      "gpa": null,
      "major": "Computer science",
      "school": "Sai Gon Technology University",
      "diploma": "Bachelors",
      "end_time": "2012-01-01T00:00:00Z",
      "conf_score": 0.9206437183501178,
      "start_time": "2008-01-01T00:00:00Z",
      "picklist_major": "IT - Hardware/Networking",
      "major categories": "Computer and information technology",
      "major_categories_detail": "Computer"
    }
  ],
  "experiences": [
    {
      "id": 16631,
      "detail": "Languages ​​Native Vietnamese, Fluent English, Basic Mandarin Experience",
      "company": "inetwork",
      "end_time": "2019-02-28T00:00:00Z",
      "industry": "High Technology",
      "position": "Full stack + Manager",
      "conf_score": 0.862358806337656,
      "start_time": "2016-01-01T00:00:00Z"
    },
    {
      "id": 16632,
      "detail": "KL, Malaysia Use LAMP(Linux, Apache, Mysql, PHP)",
      "company": "inetwork",
      "end_time": "2016-01-31T00:00:00Z",
      "industry": "High Technology",
      "position": "Full stack",
      "conf_score": 0.6981244904084882,
      "start_time": "2015-01-01T00:00:00Z"
    },
    {
      "id": 16633,
      "detail": "Makati, Philippines Use HTML, CSS and Photoshop.",
      "company": "inetwork",
      "end_time": "2014-01-31T00:00:00Z",
      "industry": "High Technology",
      "position": "Stellan / web designer",
      "conf_score": 0.6981244904084882,
      "start_time": "2013-01-01T00:00:00Z"
    }
  ],
  "address": "District 6, Ho Chi Minh City"
}