{
  "skills": [
    "css",
    "java",
    "javascript",
    "html"
  ],
  "fulltext": "curriculum vitaemarcus.hmarcus h.curriculum vitaeMinh Q. HoangDesignerThe very first impression you can find in me is the unlim-ited energy of creativity.And, Im a coffeehollic, too. Profilese: hi@marcushoang.comp: (+84) 946 253 687linkedin.com/in/thunderlion/behance.net/thunderlionblog.marcushoang.comdribbble.com/marcushqMultimedia Co-ordinatorWebsup Australia2014Founder& DesignerKicks on Shirts2014 - 2016DesignerWisky Solution2016DesignerKyanon Digital2016DesignerDinosys2017DesignerStreamy2018Bachelor of Engineering - BEFPT UniversityVietnamese (native)English (advanced)BehanceBehance Graphic design featured x2BehanceBehance Student show featured x2BehanceBehance Interaction Design featured Tinhte.vn Infographic Design ContestPromotion PrizeAiIllustrator AdvancedPsPhotoshop AdvancedAeAfter EffectIntermediateSketchApp AdvancedHTML CSS Java scriptHTML / CSS / JavascriptUpper,ANDTeam working, Telling jokes, Coffee making and many more.Do not seek praise. Seek criticism. Paul ArdenThis is one of my favorite quotes about Design.It tells me how I can be better and better everyday.Powered by TCPDF (www.tcpdf.org)",
  "educations": [
    {
      "id": 4975,
      "gpa": null,
      "major": "Engineering - BE",
      "school": "FPT University",
      "diploma": "Bachelors",
      "end_time": null,
      "conf_score": 0.7507971956649737,
      "start_time": null,
      "picklist_major": "Other",
      "major categories": "",
      "major_categories_detail": ""
    }
  ],
  "experiences": [
    {
      "id": 16666,
      "detail": "",
      "company": "Streamy",
      "end_time": "2018-12-31T00:00:00Z",
      "industry": "Other",
      "position": "Designer",
      "conf_score": 0.704580444636798,
      "start_time": "2018-01-01T00:00:00Z"
    },
    {
      "id": 16667,
      "detail": "",
      "company": "Dinosys",
      "end_time": "2017-12-31T00:00:00Z",
      "industry": "Other",
      "position": "Designer",
      "conf_score": 0.704580444636798,
      "start_time": "2017-01-01T00:00:00Z"
    },
    {
      "id": 16668,
      "detail": "",
      "company": "Whiskey Solution",
      "end_time": "2016-12-31T00:00:00Z",
      "industry": "High Technology",
      "position": "Designer",
      "conf_score": 0.704580444636798,
      "start_time": "2016-01-01T00:00:00Z"
    },
    {
      "id": 16669,
      "detail": "",
      "company": "Kicks on Shirts",
      "end_time": "2016-01-31T00:00:00Z",
      "industry": "Other",
      "position": "Founder & Designer",
      "conf_score": 0.9242015051317842,
      "start_time": "2014-01-01T00:00:00Z"
    },
    {
      "id": 16670,
      "detail": "",
      "company": "Australian Websup",
      "end_time": "2014-12-31T00:00:00Z",
      "industry": "Other",
      "position": "Multimedia Co - ordinator",
      "conf_score": 0.704580444636798,
      "start_time": "2014-01-01T00:00:00Z"
    }
  ],
  "address": null
}