{
  "skills": [
    "java",
    "c++",
    "git",
    "svn",
    "sleep mode",
    "uitableview",
    "uikit",
    "swift",
    "android",
    "design patterns",
    "sql",
    "le",
    "objective c",
    "business logic",
    "multithreading",
    "database",
    "sqlite",
    "gcd"
  ],
  "fulltext": "Nguyen Le Trong NhanIOS DEVELOPEREXPERIENCESenior DeveloperVNG CORP Apr 2016 - OngoingZaloProject description: An OTT product. Support chat, call, andsocial network.Technology (Obj-c)- Optimize load & save messages flow to improve user experience.- Using new design pattern to enhance code performance,make code easy to implement new business and inheritlater.- Customize UI with flexible animations, improve UI scrollingfaster and smoother.- Multithreading for business logic and UI.- API & Library: GCD, UIKit, CoreAnimation.TSC MusicProject description: Play Music AppTechnology (Swift)- Use third-party API to load & play music inlocal :(Youtubeptify..)- Design UI/UX and Create animation forSleep Mode.- Support many type of UI controllers(UITableView, CollectionView, UIPicker..)Associate Software EngineerGIANTY COMPANY7 Jan 2015 - Apr 2016StixChatProject description: App Chat appUsing face of user make a sticker, an user can edit sticker faceand share together.Technology (Obj-c)- Multi-thread: manage multi-thread to synchronize data,building Sticker with user face, and download/upload data.- Custom UI, Auto- layout: All of screen in apps are usingauto layout to support multiscreen. And custom UI,design a lot of flexible animations.Fresher Mobile DeveloperFPT SOFTWAREJan 2014 - Jan 2015LIFE PHILOSOPHY*Never put off until tomorrow what you can do today \"SKILLSObjective-CSwiftDatabase: SQLite, SQL ServerJava - AndroidC/C++Git & SVNTeam workEnglish CommunicationINTERESTSSoccer & VolleyballTravallingGuitarDo charity & VolunteerEDUCATIONSoftware EngineerPost and TelecommunicationInstitute of TechnologyA DAY OF MY LIFEGet high with olleybalResearch new techorread bookSpend time with ZaloSleeping & Dreamingabout Home & Children",
  "educations": [
    {
      "id": 4968,
      "gpa": null,
      "major": "Software Engineer",
      "school": "Post and Telecommunication Institute of Technology",
      "diploma": "Other",
      "end_time": null,
      "conf_score": 0.754892152877782,
      "start_time": null,
      "picklist_major": "Other",
      "major categories": "",
      "major_categories_detail": ""
    }
  ],
  "experiences": [
    {
      "id": 16639,
      "detail": "Zalo Project description: An OTT product. Support chat, call, and social network.Technology (Obj-c) - Optimize load & save messages flow to improve user experience.- Using new design pattern to enhance code performance, make code easy to implement new business and inheritlater.- Customize UI with flexible animations, UI scrolling faster and smoother.- Multithreading for business logic and UI. - API & Library: GCD, UIKit, CoreAnimation.",
      "company": "VNG CORP",
      "end_time": "2016-12-31T00:00:00Z",
      "industry": "Other",
      "position": "Senior Developer",
      "conf_score": 0.7551834254203837,
      "start_time": "2016-04-01T00:00:00Z"
    },
    {
      "id": 16640,
      "detail": "Software Engineer GIANTY COMPANY 7 Jan 2015 - Apr 2016 StixChat Project description: App Chat appUsing face of user make a sticker, an user can edit sticker face and share together.Technology (Obj-c) - Multi-thread: manage multi-thread to synchronize da",
      "company": "GANTY COMPANY",
      "end_time": "2016-04-30T00:00:00Z",
      "industry": "Other",
      "position": "Associate Software Engineer",
      "conf_score": 0.7940963969466314,
      "start_time": "2015-01-01T00:00:00Z"
    },
    {
      "id": 16641,
      "detail": "",
      "company": "FPT SOFTWARE",
      "end_time": "2015-01-31T00:00:00Z",
      "industry": "High Technology",
      "position": "Fresher Mobile Developer",
      "conf_score": 0.7551834254203837,
      "start_time": "2014-01-01T00:00:00Z"
    }
  ],
  "address": null
}