{
  "skills": [
    "linux",
    "stack",
    "aws",
    "angular",
    "css3",
    "payment",
    "user management",
    "wordpress",
    "javascript",
    "bootstrap",
    "sales",
    "mongodb",
    "sidekiq",
    "dns",
    "management",
    "heroku",
    "jquery",
    "ubuntu",
    "elasticsearch",
    "html5",
    "analysis",
    "rail",
    "redis",
    "ruby",
    "operating system",
    "website development",
    "css",
    "linux operating system",
    "reactjs",
    "database",
    "magento",
    "teamwork",
    "problem solving",
    "angularjs",
    "php",
    "compute",
    "mysql",
    "html"
  ],
  "fulltext": "Nguyen Manh DuyHo Chi Minh, Viet Nam 0976629515 nguyenmanhduy92@gmail.com Skype: manhduynguyen92Technology Information University.Oct 2010 - May 2014EDUCATIONMajor: Software developers.NUSTECHNOLOGYMay 2015 - PresentWORK EXPERIENCERuby on Rails Web-Developer Fullstack.Highly specialized and skilled Web system, with skilled Web system, with skilled Web system more than 3 years coding web applications onRuby on Rails:+ Experiences on designing and building Web applications using Ruby on Rails.+ Familiarity with using popular gems, such as Devise, Cancancan, Paperclip, Delayed Job, Resque, Sidekiq,Puma, Redis, ...+ Good understand and experiences on browser - side technology, such as HTML5, Javascript, CSS3, etc+ Experience in using Bootstrap, jQuery.+ Familiarity with using Single page frameworks (React JS, Angular JS, etc).+ Using good in Linux operating system, specially Ubuntu.+ Working well with deployment platforms (Heroku, AWS).+ Scrum and sprint experiences.+ Demonstrated experienced in solving coding problems.+ Create Front-end UI/UX it makes users want to interaction & gets the experiences on it.Training New Staff: Training Full-stack.Some activities at NUS:+ NUS HACKATHON: - Programming Contest. - Our team won the second prize. - With high evaluation on build Application about travel: booking car, booking hotel, ...+ Drinkathon NUS: - Programming Contest & Drink Beer.PROJECTSSINGSQUARE(Aug 2015 - Jan 2016)Customer SINGSQUAREDescription- This is the app that helps people buy train tickets convenient, anytime, anywherefrom right on your phone.Team size8My positionDeveloperMy responsibilities- Upload image, video clip, music- Build API to design T-shirt- Review code- Optimize code- Build Profile User- Build Feature Comment with DisqusTechnologies used- Ruby on Rails- AWS & S3- Elasticsearch- Stripe, Disqus, Printful API, Canvas in HMTL5, Library slider js,Analysis and Processing Data with Ruby(Jan ​​2016 - Feb 2016)CustomerRyan Feed RSSDescriptionAnalysis and Processing Data with RubyTeam size2My positionDeveloperMy responsibilitiesDevelopmentTechnologies used- Ruby- Gem NokogiriWebmead(Feb 2016 - Feb 2017)Customer WebmeadDescription- Management Staff- Sale MedicineTeam size8My positionDeveloper + TeamleaderMy responsibilities- Development- Support- Review code- Build productTechnologies used- Ruby On Rails- Libray scan code- Reponsive with Bootstrap- AWS- Datatables, Sidekiq, Puma, CoffeeU-in (Booking Application)(Feb 2017 - Jun 2017)CustomerU-in (Booking Application)DescriptionBooking ApplicationTeam size6My positionDeveloperMy responsibilities- Development- Support- Review codeTechnologies used- Ruby On Rails- CalendarInColorInsightSite(Jun 2017 - Aug 2017)Customer InColorInsightSiteDescription- Build system ServeTeam size2My positionDeveloperMy responsibilities- Development- Build productTechnologies used- Ruby On Rails- PHPCellsure(Aug 2017 - Mar 2018)Customer CellsureDescription https://cellsure.com/Team size6My positionDeveloper + TeamleaderMy responsibilities- Development- Support- Review codeTechnologies used- Ruby On Rails- AWS- PostgresConnectajob(Mar 2018 - Jul 2018)CustomerConnectajob - https://connectajob.com/Description- Customer create new job and assign to supplier- Supplier get and do job- Payment with StripeTeam size4My positionDeveloper + Teamleader + SupporterMy responsibilities- Analysis and Processing Big DataTechnologies used- Ruby On Rails- Angular 5- Stripe- PostgresTrackMyAWB(Jul 2018 - Nov 2018)Customer TrackMyAWBDescription- System about booking fly to shipment- Payment with Stripe- Management User: Admin , Control Tower, CustomerTeam size3My positionDeveloper + Leader + Supporter + Project ManageMy responsibilities- Development- Review code- Support- Deploy product- Communication with CustomerTechnologies used- Backend: Ruby On Rails Backend- Frontend: React JS- Server Backend: AWS- Server Frontend : S3- Config DNS: Cloudflare- Stripe- PostgresACTIVITIESIntership at FPT softwareMay 2013 - Jul 2013Compute Engineer InternLearn how to build and develop software in C languageIntership at WebnamJan 2014 - March 2014PHP Web Developer- Training about PHP, Joomla, Drupal, HTML, Javascript, Magento, Codeigniter- Maintain Website Application by Joomla/Magento & MySQL- Build feature for web app by PHP & Joomla/ Drupal/Magento & MySQLIntership at CT Hoan Global - GsoftMarch 2014 - Sep 2014PHP + Wordpress Web Developer- Training about HTML, javascript , CSS- Build a plugin for Wordpress side- Build feature for WordpressLANGUAGEEnglishLevel: Good in EnglishSKILLSGoodRuby on RailsGoodFrontend: HTML, CSS,Javascript, Jquery, Coffee,SCSS, ....ReactJSGoodAngularJSNormalDatabase: Postgres, Mysql,MongoDBGoodReponsive framework:BootstrapGoodServer: Heroku,CloudflareGoodSoft skills: Teamwork, Problemsolving, Details orientation,Logical thinking, Active teamplayer with open mind andfriendliness.INTERESTS- Listen to music- Play Football- Swimming- Read book topcv.vnPowered by TCPDF (www.tcpdf.org)",
  "educations": [
    {
      "id": 4974,
      "gpa": null,
      "major": "Software Engineer.",
      "school": "Technology Information University",
      "diploma": "Bachelors",
      "end_time": "2014-05-01T00:00:00Z",
      "conf_score": 0.852735447543332,
      "start_time": "2010-10-01T00:00:00Z",
      "picklist_major": "Other",
      "major categories": "",
      "major_categories_detail": ""
    }
  ],
  "experiences": [
    {
      "id": 16665,
      "detail": "Highly specialized and skilled Web system developers, with more than 3 years coding web applications onRuby on Rails: + Experiences on designing and building Web applications using Ruby on Rails. + Familiarity with using popular gems, such as Devise, Cancancan, Paperclip, Delayed Job, Resque, Sidekiq, Puma, Redis,... + Good understand and experiences on browser - side technology, such as HTML5, Javascript, CSS3, etc+ Experience in using Bootstrap, jQuery. + Familiarity with using Single page frameworks (React JS, Angular JS, etc).+ Using good in Linux operating system, specially Ubuntu. Working well with deployment platforms (Heroku, AWS). + Scrum and sprint experiences.+ Demonstrated experienced in solving coding problems.+ Create Front-end UI/UX it makes users want to interaction & gets the experiences on it.Training New Staff: Training Full-stack. Some activities at NUS: + NUS HACKATHON: - Programming Contest. - Our team won the second prize.- With high evaluation on build Application about travel: booking car, booking hotel, ... + Drinkathon NUS: - Programming Contest & Drink Beer.",
      "company": "NUSTECHNOLOGY",
      "end_time": "2023-04-13T00:00:00Z",
      "industry": "High Technology",
      "position": "Ruby on Rails Web - Developer Fullstack",
      "conf_score": 0.8363157384650153,
      "start_time": "2015-05-01T00:00:00Z"
    }
  ],
  "address": "Ho Chi Minh City, Vietnam"
}