{
  "skills": [
    "studio",
    "css",
    "git",
    "ruby",
    "json",
    "database management",
    "finance",
    "svn",
    "reactjs",
    "html",
    "linux",
    "mysql",
    "azure",
    "database management system",
    "jquery",
    "angular",
    "windows operating system",
    "visual studio",
    "public speaking",
    "sales",
    "scripting",
    "scripting language",
    "javascript",
    "database",
    "crm",
    "enterprise architecture",
    "xml",
    "windows 7",
    "cloud",
    "enterprise",
    "frontend development",
    "php",
    "software development",
    "teamwork",
    "operating system",
    "rail",
    "analyst",
    "mongodb",
    "management",
    "aws"
  ],
  "fulltext": "Lam Chinh Hoai NamFront-end DeveloperDate of birth: Nov 01, 1989Gender: MalePhone: 0902702322Email: knight1188@gmail.comAddress: 43/1C, Thanh Thai, Ward 14, District 10, Ho Chi Minh, VietnamEDUCATIONOct 2009 - 2012Aptech UniversityMajor: Information TechnologyMain: Software DevelopmentSUMMARY A technical architecture (TA) with 2-year experiences at designing and implementing effective technicalbusiness solutions. Responsible for handling complex design matters and helping development teams choose tools, platforms, and coding standards. Solving technical problems, collaborating with the management, selecting the right developmentenvironment, interacting with stakeholders, and making sure projects are completed in time Translate the requirements created by functional analysts and design it exactly Propose Finance Solution: E-commerce. Core Responsibilities: Translate of requirements into a solution vision Combine guidance from different enterprise architecture viewpoints Team size: 20 membersTECHNICAL SKILLS Programming Languages: PHP, NodeJs Scripting Languages: HTML, JavaScript, CSS, XML, and JSON. Database Management Systems: MySQL, MongoDB Cloud: Amazon AWS, Azure IDEs: Visual Studio Code Operating Systems: Windows, Linux Others: Open source, GIT Soft Skills: teamwork & self-training skills, public speaking.WORK EXPERIENCE2017 - 2019Present : DFO GLOBALFRONT -END DEVELOPER Project DescriptionCTRWOW offers a full suite of proven and tested landing pages andsales funnels, highly optimized to deliver the most conversions for yourbusiness.- CTRWow is always free for clients of eManage CRM. Save money onexpensive developers and build powerful and beautiful websites.- Why start from scratch when you can leverage proven, tested, and highly optimized elements and templates that are already drivingmillions on profit.- Every extra second of load time can cost 5-10% off your conversion rate. Our funnels are insanely fast, surprisingly, and high-performing across devices.- With CTRWOWs incredible drag-and-drop page builder, you are automatically equipped with an arsenal of highly optimized, top-converting pages and assets that give you an instant leg -up on thecompetition Team size: 10 Responsibilities: Support Sales Funnel Flow Create Framework and organize code Reporting, Coding. Database: MongoDB Cloud: AWS, Azure Language: NodeJS, ReactJs Source management: GIT, SVN OS: Windows 7, Linuxhttps://www.ctrwow.com2014 - 2017CinQSmileFRONT-END DEVELOPER Project DescriptionIt is a unique function of RECOG that you can feel free to convey yourfeelings of praise to your friends. The \"letter\" that was awarded will also be shared by other members, sothat everyone will be paying attention to the activities and contributionsthat have not been seen until now. Team size: 20 Responsibilities: Create Framework and organize code Reporting, Coding. Database: Mysql Cloud: AWS Language: Ruby on Rails, Angular 4 Source management: GIT OS: Windows 7, Linuxhttps://www.recog.works2012 - 2014Nhan Hoa SoftwareFRONT-END DEVELOPER Project DescriptionWeb4s.vn Team size: 8 Responsibilities: Reporting , Coding. Database: Mysql Language: PHP, jQuery, Javascript Source management: GIT OS: Windows https://www.web4s.vn topcv.vnPowered by TCPDF (www.tcpdf.org)",
  "educations": [
    {
      "id": 4981,
      "gpa": null,
      "major": "Film and television technology",
      "school": "Aptech University",
      "diploma": "Bachelors",
      "end_time": "2012-01-01T00:00:00Z",
      "conf_score": 0.9210088910403198,
      "start_time": "2009-10-01T00:00:00Z",
      "picklist_major": "Art/Design",
      "major categories": "Art",
      "major_categories_detail": "Audiovisual art"
    }
  ],
  "experiences": [
    {
      "id": 16688,
      "detail": "Project Description CTRWOW offers a full suite of proven and tested landing pages and sales funnels, highly optimized to deliver the most conversions for your business.- CTRWow is always free for clients of eManage CRM. Save money on expensive developers and build powerful and beautiful websites.- Why start from scratch when you can leverage proven, tested, and highly optimized elements and templates that are already driving millions on profit.- Every extra second of load time can cost 5- 10% off your conversion rate. Our funnels are insanely fast, surprisingly, and high- performing across devices.- With CTRWOWs incredible drag-and-drop page builder, you are automatically equipped with an arsenal of highly optimized, top- converting pages and assets that give you an instant leg-up on the competition Team size: 10 Responsibilities: Support Sales Funnel Flow Create Framework and organize code Reporting, Coding. Database: MongoDB Cloud: AWS, Azure Language: NodeJS, ReactJs Source management: GIT, SVN OS: Windows 7, Linux https://www.ctrwow.com",
      "company": "DFO GLOBAL",
      "end_time": "2023-04-13T00:00:00Z",
      "industry": "Other",
      "position": "FRONT - END DEVELOPER",
      "conf_score": 0.917841109432358,
      "start_time": "2019-01-01T00:00:00Z"
    },
    {
      "id": 16689,
      "detail": "Project Description It is a unique function of RECOG that you can feel free to convey your feelings of praise to your friends.The \"letter\" that was awarded will also be shared by other members, so that everyone will be paying attention to the activities and contributions that have not been seen until now. Team size: 20 Responsibilities: Create Framework and organize code Reporting, Coding. Database: Mysql Cloud: AWS Language: Ruby on Rails, Angular 4 Source management: GIT OS: Windows 7, Linux https://www.recog.works",
      "company": "CinQSmile",
      "end_time": "2017-01-31T00:00:00Z",
      "industry": "Other",
      "position": "FRONT - END DEVELOPER",
      "conf_score": 0.9318493695629307,
      "start_time": "2014-01-01T00:00:00Z"
    },
    {
      "id": 16690,
      "detail": "Project Description Web4s.vn Team size: 8 Responsibilities: Reporting, Coding. Database: Mysql Language: PHP, jQuery, Javascript Source management: GIT OS: Windows https://www.web4s.vn",
      "company": "Nhan Hoa Software",
      "end_time": "2014-01-31T00:00:00Z",
      "industry": "High Technology",
      "position": "FRONT - END DEVELOPER",
      "conf_score": 0.9275483332904028,
      "start_time": "2012-01-01T00:00:00Z"
    }
  ],
  "address": "43/1c, Thanh Thai, Ward 14, District 10, Ho Chi Minh, Vietnam"
}