{
  "skills": [
    "jasmine",
    "java",
    "css",
    "git",
    "typescript",
    "github",
    "testing",
    "angular 2",
    "svn",
    "Internet",
    "html",
    "reactjs",
    "restful webservices",
    "wordpress",
    "es6",
    "jquery",
    "angular",
    "le",
    "javascript",
    "online education",
    "webpack",
    "sc",
    "object oriented",
    "bootstrap",
    "ams",
    "frontend development",
    "gulp",
    "angularjs",
    "grunt",
    "management",
    "restful"
  ],
  "fulltext": "Tran Quoc HuyFRONTEND DEVELOPER0983 688 845 huy.pkc@gmail.com linkedin.com/in/huypkc 115/9 Le Trong Tan, Tan Phu, HCMC https://github.com/huypkc profilePhone Email Linkedln Address GithubskillsFocus and analyzeWork with team or alone wellGood in EnglishGood responsibilitySelf-studyTypescript, Javascript ES5/ES6 Angular 1/2, ReactJS CSS/SCSS Version control tools: Git, SVNusing package and task manager tools: Webpack, Grunt, Gulp...Testing: JasmineHaving knowledge about backend : Java, NodeJSI have a good command of programming, object oriented programming, computer architechture and i am good in English. In addition, I am active and enthusiastic. I am willing to learn and do what takes to get a job done well even under pressure or on far mission.aboutMusic, Movie, Sport, Motorbike, Traveling and Photographyhobbies Good bachelor degree for falculty of electronic and telecomunicationeducationUNIVERSITY OF SCIENCE2010-2014Tran Quoc HuyFRONTEND DEVELOPERImplement an education project that converts flash files to HTML files. - Familiar with HTML, Javascript, CSS, SVG and animation. Manage source code.Fix bugs for a movie platform like Netflix. - Familiar with HTML, Javascript, Jquery, CSS. experienceFpt software | Fresher2014-2016Take part in implement feature for an online education platform which provides portals to organizations, so they can train theirs staffs well. - Use AngularJS, Angular Material, Angular bootstrap, SCSS, Gulp, Grunt, Webpack. Implement landing page for SEO. - Use AngularJS, ES5, typescript, Integrate with Wordpress. Implement an pet project to demo. - Use Angular 2, typescript, D3 with SVG. GO1 | Frontend Developer2016-1/2018Experienced Frontend Developer with a demonstratedhistory of working in the internet industry. Skilled inHTML, Javascript, CSS, Angular, React, RESTfulWebServices. Strong engineering professional with aBachelors Degree focused in programming from HCMUniversity of Science. Create an admin page for carpark system. - Use Angular 6, SCSS Typescript, Observable, Restful, Integrate with client's backend. Work directly with clients. Create a Project and Staff Management system. - Use Angular 6, SCSS, Typescript, Observable, Restful. Work directly with clients. User Experience Researchers | Frontend Developer5/2018Powered by TCPDF (www.tcpdf.org)",
  "educations": [
    {
      "id": 4986,
      "gpa": null,
      "major": "Industrial economy",
      "school": "UNIVERSITY OF SCIENCE",
      "diploma": "Bachelors",
      "end_time": "2014-01-01T00:00:00Z",
      "conf_score": 0.8816606736829975,
      "start_time": "2010-01-01T00:00:00Z",
      "picklist_major": "Technical",
      "major categories": "Technology",
      "major_categories_detail": "Industrial Management"
    }
  ],
  "experiences": [
    {
      "id": 16707,
      "detail": "Take part in implement feature for an online education platform which provides portals to organizations, so they can train their staffs well.- Use AngularJS, Angular Material, Angular bootstrap, SCSS, Gulp, Grunt, Webpack. Implement landing page for SEO. - Use AngularJS, ES5, typescript, Integrate withWordpress. Implement an pet project to demo.- Use Angular 2, typescript, D3 with SVG.",
      "company": "GO1",
      "end_time": "2018-01-31T00:00:00Z",
      "industry": "Other",
      "position": "Frontend Developer",
      "conf_score": 0.9313320685594104,
      "start_time": "2016-01-01T00:00:00Z"
    },
    {
      "id": 16709,
      "detail": "Implement an education project that convert flash files to HTML files.- Familiar with HTML, Javascript, CSS, SVG and animation.Manage source code.Fix bugs for a movie platform like Netflix. - Familiar with HTML, Javascript, Jquery, CSS.",
      "company": "FTP software",
      "end_time": "2016-01-31T00:00:00Z",
      "industry": "High Technology",
      "position": "Fresher",
      "conf_score": 0.9154503444304597,
      "start_time": "2014-01-01T00:00:00Z"
    }
  ],
  "address": "115/9 Le Trong Tan, Tan Phu, HCMC"
}