{
  "skills": [
    "io",
    "administration",
    "database",
    "database design",
    "lifecycle",
    "analyst",
    "analytics",
    "analysis",
    "product management",
    "wireframes",
    "product features",
    "agile",
    "management",
    "business analyst"
  ],
  "fulltext": ", FranceLillehatrinh.htt@gmail.comlinkedin.com/in/cindee-hatrinh/+33 7 66 53 28 89SOFTWARE BUSINESS ANALYSTHa Trinh (Cindee)BIOGRAPHYHappiness is a constant work-in-progress, thus this motive pushes me to strive for every single faces of my life, especially my career. Goal-oriented and ambitious are what Im describing myself. Being tech-savy, I worked as a business analyst/product owner to consult for new business ideas; and Im contribute to lift Global E-business master program myself to the next professional level.EXPERIENCES 2018 - NowALTERNATEEVE, CanadaUI DESIGNER (Freelancer) Designed intuitive products & create prototypes alongside product managers requirements, covered all possible scenariosd to product features by consulting the improvements & work flowsNov 2016 - Aug 2018NUS TECHNOLOGY, VietnamSOFTWARE BUSINESS ANALYST Project: Zens Inc. (Japan), Plantribe.io (US), Propmap (Germany) Co-built product functions with all clients using SCRUM method, consulted product based roadmap on their value propositions Maintained user stories, requirement specifications, created wireframes, mockups, UI design, prototypes for development team & stakeholder Led (3+) development team & processes from requirement intake & prioritization, to manage products lifecycle by allocating HR Ensured market analytics (OTA API for Airbnb, Agoda) to be synchronized with clients input & current product performance to implement Domain knowledge: E-commerce, Travel & Hospitality, Healthcare, Automotive, Energy & UtilitiesBusiness Analyst Trainer: NUS team Re-structured the training process, researched and standardized BA Training documents Trained 5+ new trainees, instructed both document-based and on -job-training; continuously carried out 360 feedbacksOct 2015 - Oct 2016UBER, VietnamBUSINESS ASSOCIATEBusiness Development - Partnership & CPR Program Acquired and managed (20+) business & (25+) event partnership to boost the user acquisitions and spread out Uber branding Managed (50+ events) as Offline Activation activities by creating new tactics and strategies, proposed strategies base on actual analytics on ambassadors performance Developed master plan, managed budget, communications, operation, logistics for On-demand campaign as well as analyzed CPR, CPIEDUCATIONSep 2018 - NowUniversity of Lille, FranceMaster 2, Global E-businessSep 2011 - Aug 2015BBA, Business AdministrationFPT University, VietnamGPA: 8.1, Honor of Excellent StudentHonor of Outstanding Extracurricular Award Dec 2013 - May 2014Exchange, Communication & MediaUniversiti Brunei Darussalam, BruneiTop 1% of junior chosen to be representativePROFESSIONAL SKILLSTech & Design SkillsUI DesignBasic Database DesignWireframesSCRUM/Agile Product ManagementPrototypingSoftware AnalysisRECOGNITIONSMarch 2016Mentoring & Coaching PracticeRMIT University| VietnamLANGUAGESENGLISHFRENCH6.5 IELTSA1 Level",
  "educations": [
    {
      "id": 4978,
      "gpa": "8.1",
      "major": "Urban and construction management",
      "school": "FPT University",
      "diploma": "Bachelors",
      "end_time": "2015-08-01T00:00:00Z",
      "conf_score": 0.8363126073448006,
      "start_time": "2011-09-01T00:00:00Z",
      "picklist_major": "Architecture / Interior Design",
      "major categories": "Architecture and construction",
      "major_categories_detail": "Architecture and planning"
    },
    {
      "id": 4977,
      "gpa": null,
      "major": "Global E - business",
      "school": "University of Lille",
      "diploma": "Masters",
      "end_time": "2023-04-01T00:00:00Z",
      "conf_score": 0.8414788195491443,
      "start_time": "2018-09-01T00:00:00Z",
      "picklist_major": "Other",
      "major categories": "",
      "major_categories_detail": ""
    }
  ],
  "experiences": [
    {
      "id": 16672,
      "detail": "Designed intuitive products & create prototypes alongside product managers requirements, covered all possible scenarios Contributed to product features by consulting the improvements & work flows",
      "company": "ALTERNATEEVE",
      "end_time": "2023-04-13T00:00:00Z",
      "industry": "Other",
      "position": "UI DESIGNER (Freelancer)",
      "conf_score": 0.9283402044765778,
      "start_time": "2018-09-01T00:00:00Z"
    },
    {
      "id": 16673,
      "detail": "Project: Zens Inc. (Japan), Plantribe.io (US), Propmap (Germany) Co-built product functions with all clients using SCRUM method, consulted product based roadmap on their value propositions Maintained user stories, requirement specifications, created wireframes, mockups, UI design, prototypes for development team & stakeholder Led (3+) development team & processes from requirement intake & prioritization, to manage products lifecycle by allocating HR Ensured market analytics (OTA API for Airbnb, Agoda) to be synchronized with clients input & current product performance to implement Domain knowledge: E-commerce, Travel & Hospitality, Healthcare, Automotive, Energy & Utilities Business Analyst Trainer: NUS team Re-structured the training process, researched and standardized BA Training documents Trained 5+ new trainees, instructed both document-based and on-job-training; continuously carried out 360 feedbacks",
      "company": "NUS TECHNOLOGY",
      "end_time": "2018-08-31T00:00:00Z",
      "industry": "High Technology",
      "position": "SOFTWARE BUSINESS ANALYST",
      "conf_score": 0.9258882405631008,
      "start_time": "2016-11-01T00:00:00Z"
    },
    {
      "id": 16674,
      "detail": "Acquired and managed (20+) business & (25+) event partnership to boost the user acquisitions and spread out Uber branding Managed (50+ events) as Offline Activation activities by creating new tactics and strategies, proposed strategies base on actual analytics on ambassadors performance Developed master plan, managed budget, communications, operations, logistics for On-demand campaign as well as analyzed CPR, CPI",
      "company": "Uber, Vietnam",
      "end_time": "2016-10-31T00:00:00Z",
      "industry": "Transportation & Logistics",
      "position": "BUSINESS ASSOCIATEBusiness Development - Partnership & CPR Program",
      "conf_score": 0.9230513043345034,
      "start_time": "2015-10-01T00:00:00Z"
    },
    {
      "id": 16675,
      "detail": ", Brunei Top 1% of junior chosen to be representative",
      "company": "Universiti Brunei Darussalam",
      "end_time": "2014-05-31T00:00:00Z",
      "industry": "Other",
      "position": null,
      "conf_score": 0.7442335648804633,
      "start_time": "2013-12-01T00:00:00Z"
    }
  ],
  "address": null
}