{
  "skills": [
    "sc",
    "css3",
    "wordpress",
    "javascript",
    "frontend development",
    "jquery",
    "git",
    "hard working",
    "svn",
    "html5",
    "ajax",
    "ionic",
    "maintenance",
    "grunt",
    "le",
    "reactjs",
    "teamwork",
    "creative thinking",
    "gulp",
    "php",
    "html"
  ],
  "fulltext": "CURRICULUM VITAE Work Experience (Experience for 6 years of hard working in Frontend Developer at Japan and Singapore companies) Accor Hotels Senior Frontend Developer (12/2017 Now) ** Works : - Building web components with ReactJs, hybrid-app by using Ionic framework - Create webpage template components ( PUG / SCSS / JS ) - Maintenance current wordpress sites with booking engine - Working on the projects from Europe , focusing mainly on UI / UX - Manage team 3 members. Splash Interactive Vietnam Senior Frontend Developer (12/2015 12/2017) ** Works : - Building webpage & Application : Pug / Sass / Grunt / Gulp - Optimizing product for highest quality. - Support UI / UX Design team - Experiences with CMS (Sitefinity , Sitecore , Wordpress , Umbraco ) - Interface with Product Manager , developers to determine optimal specifications Primelabo VietNam Frontend Developer (11/2012 11/2015) ** Works : - Create web animation ( Banner / Advertisment / minigame ) : HTML5/CSS3/Javascript - Building webpage & Application follow specification from Japan - Convert design on AI / PSD to HTML webpage with pixel perfect - Maintenance old projects, Integrate static webpage to CMS with PHP Smarty. - Working with Wordpress ** Strengths Personality - Always meet the deadline. - Ability to work both independently and teamwork. - Listen carefully before acting. - Responsible for assigned work. - Good mindset and memory. - Open mind and be willing to learn new things. PHAM HOANG HUY DOB : July 03, 1989 Tel : 0906 989653 Email : huyhoang.ph89@gmail.com Addr : Hiep Phu ward , District 9 About Me Experience for over 6 years of hard working in Frontend Developer. I have sence of responsibility, carefulness in all the works done are my greatest strengths. Furthermore, Im enthusiastic, dynamic, open-minded, creative thinking, willing to learn, stand the test in work and explore new fields SKILL -- Work -- 1. HTML5/CSS3/Animation 2. Javascript / Jquery / Ajax 3. Jade / Pug / Scss / Less 4. Grunt / Gulp / React 5. Source Control (GIT/SVN) 6. CMS (Wordpress , Umbraco , Sitecore) -- Personal -- 1. English , Japanese 2. Communication , Organization -- Education -- 1. HCM University of technology Major: Information tecnology 2. Dong Du Japanese School : N3 3. IIG : 600 points of Toeic Certificate HCMC, Vietnam",
  "educations": [
    {
      "id": 4991,
      "gpa": null,
      "major": "Information technology",
      "school": "HCM University of technology",
      "diploma": "Bachelors",
      "end_time": null,
      "conf_score": 0.8343053782510379,
      "start_time": null,
      "picklist_major": "IT - Hardware/Networking",
      "major categories": "Computer and information technology",
      "major_categories_detail": "Information technology"
    }
  ],
  "experiences": [
    {
      "id": 16713,
      "detail": "Accor Hotels - Senior Frontend Developer (December 2017 - Now) ** Works : - Building",
      "company": "Accor Hotels",
      "end_time": "2023-04-13T00:00:00Z",
      "industry": "Other",
      "position": "Frontend Developer",
      "conf_score": 0.8982113475550979,
      "start_time": "2017-12-01T00:00:00Z"
    },
    {
      "id": 16714,
      "detail": ") ** Works : - Building webpage & Application : Pug / Sass / Grunt / Gulp - Optimizing product for highest quality.- Support UI / UX Design team- Experiences with CMS (Sitefinity, Sitecore, Wordpress, Umbraco) - Interface with Product Manager , developers to determine optimal specifications",
      "company": "Splash Interactive Vietnam",
      "end_time": "2017-12-31T00:00:00Z",
      "industry": "Other",
      "position": "Senior Frontend Developer",
      "conf_score": 0.9257372771525854,
      "start_time": "2015-12-01T00:00:00Z"
    },
    {
      "id": 16715,
      "detail": ") ** Works : - Create web animation ( Banner / Advertisment / minigame ) : HTML5/ CSS3/ Javascript - Building webpage & Application follow specification from Japan - Convert design on AI / PSD to HTML webpage with pixel perfect- Maintenance old projects, Integrate static webpage to CMS with PHP Smarty. - Working with Wordpress ** Strengths Personality - Always meet the deadline.- Ability to work both independently and teamwork.- Listen carefully before acting.- Responsible for assigned work.- Good mindset and memory.- Open mind and be willing to learning new things.",
      "company": "Primelabo Vietnam",
      "end_time": "2015-11-30T00:00:00Z",
      "industry": "Other",
      "position": "Frontend Developer",
      "conf_score": 0.9240662279911389,
      "start_time": "2012-11-01T00:00:00Z"
    }
  ],
  "address": "Hiep Phu ward , District 9"
}