{
  "skills": [
    "conflict management",
    "customer marketing",
    "payment",
    "multitasking",
    "investments",
    "recruitment",
    "human resources",
    "civil drafting",
    "positive attitude",
    "work ethic",
    "management",
    "marketing",
    "sales",
    "rss"
  ],
  "fulltext": "CAO THI HAI YEN LEGAL GENERALIST CUM PROJECT ASSISTANT TO CEO Phone : (0) 914 222 353 Email : yencao214@gmail.com 75081 SUMMARY More than 2 years working in assistant roles to CEO, Directors and Managers of various levels and 1 year working in Human Resources services in multiple major corporations. Strong work ethics and capability to work well under pressure. Result-oriented and solution-focused to challenges. Hardworking with a strong desire to learn and a positive attitude towards challenges. Capable of working independently and multitasking. Strong commitment towards set deadlines under changing priorities. Personal philosophy: One third of our lives is spent at work. Contribution and dedication to the workplace is, therefore, a necessary endeavor to increase our personal happiness. SKILLS Strong interpersonal communication and conflict management skills; Good observational and data analytical skills; Adaptable to dynamic working environment; Capable of taking on multiple roles simultaneously; Fluent in conversational English. EDUCATION POST-EDUCATION IN ENGLISH APR 2018 SEP 2018 CELLA ENGLISH, PHILLIPINES GRADUATE IN INTERNATIONAL LAW APR 2011 - SEP 2015 HCM UNIVERSITY OF LAW, VIETNAM Major : International Law and Legal Studies EXPERIENCE ASSPRISTANT TO PERFORMANCE & SPANNING 2017 MAN Anheuser-Busch InBev Vietnam, HCMC Administrate on behalf of both Regional Performance and Planning Management (R-PPM) and Regional Sales Manager (RSM) in South East, Vietnam, in details as below: Enforce payments in time for around 100 Points of Consumptions (POCs) and rebates for Distributors by checking performances of POCs and terms of conditions of investments, and giving solutions for stuck payments; Prepare Daily/Monthly/and Quarterly Sales Reports in 6 Provinces with 7 Distributors; Evaluate performance of Sales Team including 4 Sales Supervisors and 12 Sales Representatives and performance of Distributors by building tracking systems; Decrease customer turnover rate by 30%, making it 5% after 2 months as a result; Support releasing Free of charge (FOC) in process by examining data and collecting claims. submitted by Sales Team with Promotion built by Trade LEGAL GENERALIST CUM PROJECT ASSISTANT TO CEO OCT 2018 PRESENT| Komtek Corporation, HCMC Process legal documentations for share transfer, dissolution, and other daily legal operations required by the company; Liaise with our international partners to conduct business with local customers; Work with local customers to determine their expectations of the products/services of international partners and accordingly revise the proposals and make suitable offers to them; Negotiate with both international and local partners; Draft/Review all international and local contracts; Revise the contract template to be up-to-date and compliant with current legal and regulatory requirements; Give CEO updates on managed projects and provide advices on specific terms in project contracts which should be edited; Set up meetings for 2-way and 3-way meetings between CEO, international partners and local customers; Marketing Team; CAO THI HAI YEN LEGAL GENERALIST CUM PROJECT ASSISTANT TO CEO Phone : (0) 914 222 353 Email : yencao214@gmail.com 75081 RECRUITMENT ASSISTANT DEC 2015 - APR 2016 | TARA Corporation, HCMC Work as an assistant of Recruitment Manager; Screen & validate job applicants information; Take part in the recruitments interview process; Manage & update company personnels information; Manage Pre-Employment Processes. ASSISTANT TO SALES DIRECTOR APR 2016 - SEP 2017 | TARA Corporation, HCMC Assist Sales Director in preparing KPIs for Sales Department; Assist Sales Director in building Regional Sales Budget by analyzing investment impact in 7 areas in Traditional Trade channel; Draft incentive policy for 10 Distributors in Modern Trade channel to boost theirs performances; Evaluate sales progress of over 150 people including Promotion Girls (PGs), Sale Representatives, PG Team Leaders, Sales Supervisors, Area Sales Managers and Regional Sales Managers - in both Traditional Trade and Modern Trade channels; Perform secretary duties in weekly and monthly meetings. Replying on that, request strictly compliance from Sales Team by tracking progress, deadlines, and priorities of all current Sales Programs; Check quality sales proposals before getting approvals from Sales Director and CEO; Compose, review and revise and organize B2B & partnership contracts. INTERNSHIP HUMAN RESOURCE SERVICES INTERN | AUG 2015 - NOV 2015 Phu Nhuan Jewelry Company, HCMC Arranged, helped and participated in group interviews Assisted in hosting semi-annual evaluation exam for company personnel LAW ASSISTANT INTERN | JUN 2013 - MAY 2014 Viet Phuc Law Consulting Firm, HCMC Assisted in drafting Civil Contracts Learned analytical skills through lawsuit reviews Drafted Civil Contracts",
  "educations": [
    {
      "id": 5022,
      "gpa": null,
      "major": "Industrial design",
      "school": "HCM UNIVERSITY OF LAW, VIETNAM",
      "diploma": "Bachelors",
      "end_time": "2015-09-01T00:00:00Z",
      "conf_score": 0.7625990117186952,
      "start_time": "2011-04-01T00:00:00Z",
      "picklist_major": "Art/Design",
      "major categories": "Art",
      "major_categories_detail": "Applied Arts"
    }
  ],
  "experiences": [
    {
      "id": 16814,
      "detail": "Process legal documentations for share transfer, dissolution, and other daily legal operations required by the company;Liaise with our international partners to conduct business with local customers;Work with local customers to determine their expectations of the products/services of international partners and accordingly revise the proposals and make suitable offers to them;Negotiate with both international and local partners;Draft/Review all international and local contracts;Revise the contract template to be up-to-date and compliant with current legal and regulatory requirements;Give CEO updates on managed projects and provide advices on specific terms in project contracts which should be;Set up meetings for 2-way and 3-way meetings between CEO, international partners and local customers;",
      "company": "Komtek Corporation, HCMC",
      "end_time": "2023-04-13T00:00:00Z",
      "industry": "High Technology",
      "position": "LEGAL GENERALIST CUM PROJECT ASSISTANT TO CEO",
      "conf_score": 0.8891934643122615,
      "start_time": "2018-10-01T00:00:00Z"
    },
    {
      "id": 16816,
      "detail": "dministrate on behalf of both Regional Performance and Planning Management (R-PPM) and Regional Sales Manager (RSM) in South East, Vietnam, in details as below:Enforce payments in time for around 100 Points of Consumptions (POCs) and rebates for Distributors by checking performances of POCs and terms of conditions of investments, and giving solutions for stuck payments;Prepare Daily/Monthly/and Quarterly Sales Reports in 6 Provinces with 7 Distributors; Evaluate performance of Sales Team including 4 Sales Supervisors and 12 Sales Representatives and performance of Distributors by building tracking systems;Decrease customer turnover rate by 30%, making it 5% after 2 months as a result;Support releasing Free of charge (FOC) in process by examining data and colating claims. submitted by Sales Team with Promotion built by Trade",
      "company": "Anheuser - Busch InBev Vietnam, HCMC",
      "end_time": "2018-04-30T00:00:00Z",
      "industry": "High Technology",
      "position": "ASSISTANT TO PERFORMANCE & PLANNING MANAGER",
      "conf_score": 0.9512303155325736,
      "start_time": "2017-09-01T00:00:00Z"
    },
    {
      "id": 16818,
      "detail": "Assist Sales Director in preparing KPIs for Sales Department; Assist Sales Director in building Regional Sales Budget by analyzing investment impact in 7 areas in Traditional Trade channel;Draft incentive policy for 10 Distributors in Modern Trade channel to boost theirs performances;Evaluate sales progress of over 150 people including Promotion Girls (PGs), Sale Representatives, PG Team Leaders, Sales Supervisors, Area Sales Managers and Regional Sales Managers - in both Traditional Trade and Modern Trade channels;Perform secretary duties in weekly and monthly meetings. Replying on that, request strictly compliance from Sales Team by tracking progress, deadlines, and priorities of all current Sales Programs; Check quality sales proposals before getting approvals from Sales Director and CEO; Compose, review and revise and organize B2B & partnership contracts.",
      "company": "TARA Corporation, HCMC",
      "end_time": "2017-09-30T00:00:00Z",
      "industry": "High Technology",
      "position": "ASSISTANT TO SALES DIRECTOR",
      "conf_score": 0.8891934643122615,
      "start_time": "2016-04-01T00:00:00Z"
    },
    {
      "id": 16819,
      "detail": "; Screen & validate job applicants information;Take part in the recruitments interview process;Manage and update company personnels information;Manage Pre-Employment Processes.",
      "company": "TARA Corporation, HCMC",
      "end_time": "2016-04-30T00:00:00Z",
      "industry": "High Technology",
      "position": "assistant of Recruitment Manager",
      "conf_score": 0.8950808801970216,
      "start_time": "2015-12-01T00:00:00Z"
    },
    {
      "id": 16820,
      "detail": ", HCMC Arranged, helped and participated in group interviews Assisted in hosting semi-annual skills evaluation exam for company personnel",
      "company": "Phu Nhuan Jewelry Company",
      "end_time": "2015-11-30T00:00:00Z",
      "industry": "Other",
      "position": "INTERNSHIP HUMAN RESOURCE SERVICES INTERN",
      "conf_score": 0.894215591471374,
      "start_time": "2015-08-01T00:00:00Z"
    },
    {
      "id": 16821,
      "detail": ", HCMC Assisted in drafting Civil Contracts Learned analytical skills through lawsuit reviewsDrafted Civil Contracts",
      "company": "Viet Phuc Law Consulting Firm",
      "end_time": "2014-05-31T00:00:00Z",
      "industry": "Other",
      "position": "LAW ASSISTANT INTERNATIONAL",
      "conf_score": 0.894215591471374,
      "start_time": "2013-06-01T00:00:00Z"
    }
  ],
  "address": null
}