{
  "skills": [
    "desktop",
    "io",
    "css3",
    "marketing",
    "content marketing",
    "html5",
    "usability testing",
    "sales and marketing",
    "sales",
    "software development",
    "design thinking",
    "testing",
    "email marketing",
    "android"
  ],
  "fulltext": "KHANG TRUONGSenior UI/UX DesignerEXPERIENCESenior UI/UX Designerat VNG CorporationMay 2015 - Present123 Phim: Mobile application has more than 3 million active users, the top movies booking ticket application in Vietnam.123Go: Event Ticketing Solution for Sport, Art and ShowResponsible for:Mobile application UI/UX design (User interview, User flow, User Journeys, Sitemap, Wireframe ske, Rapid Prototype, Interaction Prototype, Low & High-Fidelity visual design)Web design, included of Website layout, landing page, email marketing templatesMarketing design, include banners (web, Facebook, ads banner for all applications)C.I.P Designs (name card, cover letter, t-shirt, standee ...)Graphic design, develop and translate ideas into impactful visual designsCollaborate with marketing and sales team for creative execution and template development of sales support, event, content marketing and research materialsSenior UI and Graphic Designerat Orient Software Development Corp.November 2014 - May 2015 (7 months) Mobile application UI/UX design Design web layout, landing page, email marketing Marketing designs. C.I.P Designs for Orient's branding and event :,name card, cover letter, t-shirt, standee ...SUMMARYA minimal UI Designer with over 7 years experience of designing engaging and user-friendly interfaces for native and web applications for both desktop and mobile apps.An designer which is able to be the primary contributor to projects as well as product owner for every application.Make high-level contributions to product strategy by identifying new, generating innovative solutions, and improving existing featuresI experience of leading market projects, large and small, from start up to live. Among them are Foody.vn, 123Phim.vn, 123Go.vnCONTACTPhone077 996 3399Email khantruong84@gmail.comSKILLS & EXPERTISE User Interviews, researchDesign Thinking User flows, user journeyUI design SitemapWeb design Wireframe sketchingSketch App Rapid Prototype, Interaction PrototypeAdobe Xd, Photoshop Usability testing High -fidelity visual design Branding designPortfolio http://www.behance.net/truonghuykhang https://dribbble.com/KantanEDUCATIONHCMC University of Natural SciencesGraphic Design, Intermedia/Multimedia 2002 - 2004w3schoolsHTML5 and CSS32014KHANG TRUONGSenior UI/UX DesignerEXPERIENCE CONTINUEDFreelance Graphic and UI Designerat Freelancer - Graphic and web designOctober 2013 - November 2014 (1 year 2 months) Mobile application UI/UX design Design web layout, landing page, email marketing designs.Senior UI Designerat Foody.vnJune 2012 - August 2013 (1 year 3 months) Mobile application UI/UX design Design web layout, landing page, email marketing Marketing designs. C.I.P Designs for Orient's branding and event :,name card, cover letter, t-shirt, standee ...Senior UI Designerat VinasourceMarch 2010 - June 2012 (2 years 4 months) Responsible for creating wireframe and UI website, microsite, landing page ( Online Chinese Astrology, Ksubasta, IFB Holdings, The Coffee Bean & Tea Leaf VN, CEMS Asia, Ludwig Masters, Linkit, Vietnam Vespa Adventures ...) Responsible for design banner (web, Facebook, ad banner), application (facebook) Responsible for creating wireframe, UI/UX and export psd to png for Mobile app (iOs, Android, tablet): Anomo, iCook Book, OCA, Hahn Winery, I love the 80s, ... Responsible retouch, quality control banner, landing pages , email marketing of Online Chinese Astrology(onlinechineseastrology.com) and GoTuVi.com Team member of the month (September 2012)UI Designerat KaimagicDecember 2008 - March 2010 (1 year 4 months) Design web layout, landing page, email marketing Marketing designs. Logo design.Graphic Designerat Tiet MaDecember 2006 - December 2008 (2 years 1 month) Marketing designs. Collaborate with client to bring ideas into marketing, advertisement C.I.P Designs (name card, cover letter, t-shirt, standee ...)REFERENCESNguyen Hoai AnDepartment HeadsP: 0905 767 768M: annh@vng.com.vnNgo Su Thai Hoa123 Phim Product ManagerP: 0932 992 290M: hoangst2@vng.com.vnNguyen Phuong Yen Thao123Go Sport Product LeadP: 0909 160 796M: taopy@vng.com.vn",
  "educations": [
    {
      "id": 5009,
      "gpa": null,
      "major": "Graphic Design, Intermedia/Multimedia",
      "school": "HCMC University of Natural Sciences",
      "diploma": "Bachelors",
      "end_time": "2004-01-01T00:00:00Z",
      "conf_score": 0.7625990117186952,
      "start_time": "2002-01-01T00:00:00Z",
      "picklist_major": "Other",
      "major categories": "",
      "major_categories_detail": ""
    }
  ],
  "experiences": [
    {
      "id": 16784,
      "detail": "123 Phim: Mobile application has more than 3 million active users, the top movies booking ticket application in Vietnam. 123Go: Event Ticketing Solution for Sport, Art and Show Responsible for: Mobile application UI/UX design (User interview, User flow, User Journeys, Sitemap, Wireframe ske, Rapid Prototype, Interaction Prototype, Low & High-Fidelity visual design) Web design, included of Website layout, landing page, email marketing templates Marketing design, include banners (web, Facebook, ads banner for all applications) C.I.P Designs (name card, cover letter, t-shirt, standee ...) Graphic design, develop and translate ideas into impactful visual designs Collaborate with marketing and sales team for creative execution and template development of sales support, event, content marketing and research materials",
      "company": "VNG Corporation",
      "end_time": "2023-04-13T00:00:00Z",
      "industry": "High Technology",
      "position": "Senior UI/UX Designer",
      "conf_score": 0.9542271074073599,
      "start_time": "2015-05-01T00:00:00Z"
    },
    {
      "id": 16785,
      "detail": "(7 months) Mobile application UI/UX design Design web layout, landing page, email marketing Marketing designs. C.I.P Designs for Orient's branding and event :,name card, cover letter, t-shirt, standee...",
      "company": "Orient Software Development Corp.",
      "end_time": "2015-05-31T00:00:00Z",
      "industry": "High Technology",
      "position": "Senior UI and Graphic Designer",
      "conf_score": 0.9512303155325736,
      "start_time": "2014-11-01T00:00:00Z"
    },
    {
      "id": 16786,
      "detail": "(1 year 2 months) Mobile application UI/UX design Design web layout, landing page, email marketing Marketing designs.",
      "company": "Freelancer",
      "end_time": "2014-11-30T00:00:00Z",
      "industry": "Other",
      "position": "Freelance Graphic and UI Designer",
      "conf_score": 0.920031615510459,
      "start_time": "2013-10-01T00:00:00Z"
    },
    {
      "id": 16787,
      "detail": "(1 year 3 months) Mobile application UI/UX design Design web layout, landing page, email marketing Marketing designs. C.I.P Designs for Orient's branding and event :,name card, cover letter, t-shirt, standee...",
      "company": "Foody.vn",
      "end_time": "2013-08-31T00:00:00Z",
      "industry": "FMCG",
      "position": "Senior UI Designer",
      "conf_score": 0.9512303155325736,
      "start_time": "2012-06-01T00:00:00Z"
    },
    {
      "id": 16788,
      "detail": "",
      "company": "Vinasource",
      "end_time": "2012-12-31T00:00:00Z",
      "industry": "Other",
      "position": "Team member",
      "conf_score": 0.8068873668007818,
      "start_time": "2012-09-01T00:00:00Z"
    },
    {
      "id": 16789,
      "detail": "(2 years 4 months) Responsible for creating wireframe and UI website, microsite, landing page (Online Chinese Astrology, Ksubasta, IFB Holdings, The Coffee Bean & Tea Leaf VN, CEMS Asia, Ludwig Masters, Linkit, Vietnam Vespa Adventures ... ) Responsible for design banner (web, Facebook, ad banner), application (facebook) Responsible for creating wireframe, UI/UX and export psd to png forMobile app (iOs, Android, tablet): Anomo, iCook Book, OCA, Hahn Winery , I love the 80s, ... Responsible retouch, quality control banner, landing pages, email marketing of Online Chinese Astrology(onlinechineseastrology.com) and GoTuVi.com",
      "company": "Vinasource",
      "end_time": "2012-06-30T00:00:00Z",
      "industry": "Other",
      "position": "Senior UI Designer",
      "conf_score": 0.9404253900297244,
      "start_time": "2010-03-01T00:00:00Z"
    },
    {
      "id": 16790,
      "detail": "(1 year 4 months) Design web layout, landing page, email marketing Marketing designs. Logo design.",
      "company": "Kaimagic",
      "end_time": "2010-03-31T00:00:00Z",
      "industry": "Other",
      "position": "UI Designer",
      "conf_score": 0.9522775204635103,
      "start_time": "2008-12-01T00:00:00Z"
    },
    {
      "id": 16791,
      "detail": "(2 years 1 month) Marketing designs. Collaborate with client to bring ideas into marketing, advertisement ... C.I.P Designs (name card, cover letter, t-shirt, standee ...)",
      "company": "title",
      "end_time": "2008-12-31T00:00:00Z",
      "industry": "Other",
      "position": "Graphic Designer",
      "conf_score": 0.9522775204635103,
      "start_time": "2006-12-01T00:00:00Z"
    }
  ],
  "address": null
}