{
  "skills": [
    "online games",
    "payment",
    "java",
    "javascript",
    "studio",
    "io",
    "hard working",
    "analysis",
    "react native",
    "business requirement",
    "multitasking",
    "android",
    "search",
    "system testing",
    "cache",
    "ecmascript",
    "oop",
    "making decision",
    "testing",
    "microsoft",
    "mvc",
    "teamwork",
    "xcode",
    "problem solving",
    "google maps"
  ],
  "fulltext": "Top Jobs for IT PeopleApplicant for:Mobile Devs(React Native/iOS/Android)UNIT Corp12 June 2019Cong Tan Daodctan.fit@gmail.comMain interests: React Native, Mobile AppsWhat skills, work projects or achievements make you a strong candidate for thisposition? - Graduated from IT Honor Program of the University of Science with GPA 8.3/10,received 03scholarships for his outstanding academic performance and some awards of ITcompetitions.- 3 years experiences of Mobile Development with 1 year of Android (Java) and about 2yearsof React Native \"My #1 job is to hire A+ players.\" - Steve Jobsitviec.com08 6681 1397itviec@itviec.comMale August 27th, 1994 Vietnam (+84) 988 207 108 dctan.fit@gmail.com 575/31/24 Thang Tam Street, District 10, Ho Chi Minh City Tan Cong Dao EDUCATION: 2012 - 2016 Honors Program Faculty of Information Technology, University of Science, Vietnam National University HCMC GPA: 8.3/10 OVERVIEW: o Graduated from IT Honor Program of University of Science with GPA 8.3/10, received 03 scholarships for his outstanding academic performance and some awards of IT competitions. o 3 years experiences of Mobile Development with 1 year of Android (Java) and about 2 year of React Native. o Strong knowledge of Mobile UI/UX design principles, patterns and its ecosystem. o Nice, goal-oriented, problem-solving and willing-to-learn. SKILLS & ABILITIES: Programming skill o Proficient experiences in Java and JavaScript (ECMAScript) o Good OOP, Software Analysis and Design o Knowledge of the React Native ecosystem, the libraries available for common tasks o Familiarity with native build tools, like XCode, Android Studio o Ability to write well-documented, clean Javascript o Experience with React Native and Android o Ability to understand business requirements and translate them into technical requirements Soft skill o Teamwork and collaboration o Problem solving and decision making o Working under high pressure and multitasking o Adaptability to different working environments WORKING EXPERIENCE: React Native Developer Apr 2017 May 2019 M Service JSC Ho Chi Minh City MoMo MoMo is a FinTech startup that offers a mobile, electronic wallet and payment application for iOS and Android devices. Its products help customers in Vietnam make quality cash transfers, pay more than 100 types of bills, recharge mobile phone accounts, settle personal loans, and purchase services such as software license and online game cards, ... Position: Developer - Improve features and Optimize performance (layout and business logic) - Build A/B testing system and roll-out function - Provide the solution to resolve the problems - Exchange engineering build the new features - Connect back-end and front-end function - Monitor and Error handle . Android Developer Aug 2015 Apr 2017 Ikorn Solutions Ho Chi Minh City o Work in group-based environment o Connect back-end and front-end function o Design and implement MVC model android applications o Work with outside data sources and APIs o Implement software that is applicable to diverse Android versions and devices o Work side-by-side with design team to create beautiful apps with great UX Commeet Project Description: Come and meet me, now! Quickly find career opportunities wherever you want with location-based search. Get automatic recommendations and notifications based on your job searches (http://www.commeet.me). Position: Android Developer Responsibilities: - Implement GUI to match with design files - Connect front-end component to API, synchronize and cache data - Integrate Google Map services, search location - Optimize performance, reduce application size DingDong Project Description: DingDong is a fast & multifaceted messaging app. Send messages, photos, videos, voice notes and your location for free. Make chatting extra fun with an array of emoticons and sticker collections. Position: Android Developer Responsibilities: - Implement GUI to match with design files - Build push notification setting - Connect front-end component to API, synchronize data - Implement Chat interface ACHIEVEMENTS & ACTIVITIES: Studying Encouragement Scholarships 2012 - 2015 University of Science VNU - HCMC Nokia X Portathon and Hackathon 1st Prize July 27th, 2014 FIT, University of Science VNU - HCMC and Microsoft Vietnam Participation in ACM-ICPC University of Science November 2015 FIT, University of Science VNU - HCMC Semi-final in Thach Thuc Academic Competition April 11th , 2016 FIT, University of Science VNU - HCMC Top 10 final in The 18th Euréka Award December 2016 Center of science and technology development for youth, HCMC Participation in Binh Duong New City Hackathon 2017 Binh Duong Province and Silicon Straits Saigon LANGUAGES: Vietnamese: native language English: Good in writing and reading, pretty good in listening and speaking STRENGTHHS: Hard - working Motivated, Independent and Self-discipline Having high responsibility Willing to learn and acquire new knowledge, modern technology Cooperating and taking role as a leadership when it needs",
  "educations": [
    {
      "id": 5012,
      "gpa": "8.3",
      "major": null,
      "school": "University of Science",
      "diploma": "Bachelors",
      "end_time": null,
      "conf_score": 0.6925429707670153,
      "start_time": null,
      "picklist_major": "Other",
      "major categories": "",
      "major_categories_detail": ""
    },
    {
      "id": 5011,
      "gpa": "8.3",
      "major": "Information technology",
      "school": "University of Science, Vietnam National University HCMC",
      "diploma": "Bachelors",
      "end_time": "2016-01-01T00:00:00Z",
      "conf_score": 0.8105057060711177,
      "start_time": "2012-01-01T00:00:00Z",
      "picklist_major": "IT - Hardware/Networking",
      "major categories": "Computer and information technology",
      "major_categories_detail": "Information technology"
    }
  ],
  "experiences": [
    {
      "id": 16795,
      "detail": "MoMo MoMo is a FinTech startup that offers a mobile, electronic wallet and payment application for iOS and Android devices. Its products help customers in Vietnam make quality cash transfers, pay more than 100 types of bills, recharge mobile phone accounts, settle personal loans, and purchase services such as software license and online game cards, ... Position:",
      "company": "M Service JSC - Ho Chi Minh City",
      "end_time": "2019-05-31T00:00:00Z",
      "industry": "Other",
      "position": "React Native Developer",
      "conf_score": 0.8694025520464876,
      "start_time": "2017-04-01T00:00:00Z"
    },
    {
      "id": 16796,
      "detail": "- Ho Chi Minh City o Work in group-based environment o Connect back-end and front-end function o Design and implement MVC model android applications o Work with outside data sources and APIs o Implement software that is applicable to diverse Android versions and devices o Work side-by-side with design team to create beautiful apps with great UX Commeet Project Description: Come and meet me, now! Quickly find career opportunities wherever you want with location-based search. Get automatic recommendations and notifications based on your job searches (http://www.commeet.me).Position: Android Deve",
      "company": "Ikorn Solutions",
      "end_time": "2017-04-30T00:00:00Z",
      "industry": "High Technology",
      "position": "Android Developer",
      "conf_score": 0.8694025520464876,
      "start_time": "2015-08-01T00:00:00Z"
    }
  ],
  "address": "575/31/24 Street, District 10, Ho Chi Minh City"
}