{
  "skills": [
    "enterprise",
    "investments",
    "security",
    "banking",
    "excel",
    "finance"
  ],
  "fulltext": "DIEP THI DIEM MY Feb 15th 1990 Celadon City Apartment, Son Ky, Tan Phu, City. HCM Skills Working under pressure, able to carry out multiple tasks Careful, paying best regard to the accuracy in work good communication and presentation skills Having managerial and planning skill and good team-working ability Careful, paying best regards to the accuracy in work Computer skill: MS. Word, Excel, Power Point Highly proficient in spoken and written English Experiences Mirae Asset Finance Company (Vietnam) Ltd Jun 2016 Now Legal Specialist Drafting and reviewing various agreements, contracts and other documents on a day by day in both of Vietnamese and English. Giving legal opinions related to business for Manager, Korean BOD as well as other Depts as required. Following up the litigation situation of the Company with Law firm. Reporting to The State Bank including Operating network Report, Predicting inflation rate Report, Opening SIP, implementing internal policies conducting legal procedures with The Competent authorities. Updating legal documents, providing and interpreting opinions to relevant Depts. Drafting The Weekly Legal Newsletters in order to update for whole Company. Translating and opening internal policies for all Depts. Training junior staffs of Legal. LawSoft Corp Company Dec 2013 May 2016 Legal specialist Consulting and giving legal opinions on legal issues to customers by mail or phone. Conducting legal procedures for the company. Checking the legality of the contracts for the company and customers on request. Updating legal documents and analyzing them and then writing Legal Newsletters and sending to Customer. 2 Alpha Law Firm Sept 2013 Dec 2013 Legal specialist Providing customers with legal advices in different fields. Conducting legal procedures in terms of enterprise, investment and nationality. Compiling and keeping legal contracts and other legal documents. Updating legal documents. Working with Administrative authorities. Assistant lawyers in legal proceedings. Education University of Economics and Law Oct 2015 April 2018 Master Level Law on Economic University of Economics and Law Sept 2009 Sept 2013 Bachelor level Law on Finance Banking Security University of Economics Ho Chi Minh City Professional course Modern Finance and Banking Jun 2013 Sept Habits Participating in extra-curricular activities with friends such as workshop, English Club, traveling, discovering traditional features Playing sports, especially swimming and yoga",
  "educations": [
    {
      "id": 5013,
      "gpa": null,
      "major": "Economic law",
      "school": "University of Economics and Law",
      "diploma": "Masters",
      "end_time": "2018-04-01T00:00:00Z",
      "conf_score": 0.8734832502047997,
      "start_time": "2015-10-01T00:00:00Z",
      "picklist_major": "Legal",
      "major categories": "Law",
      "major_categories_detail": "The law"
    },
    {
      "id": 5015,
      "gpa": null,
      "major": "Law on Finance - Banking - Security",
      "school": "University of Economics and Law",
      "diploma": "Bachelors",
      "end_time": "2013-09-01T00:00:00Z",
      "conf_score": 0.8734832502047997,
      "start_time": "2009-09-01T00:00:00Z",
      "picklist_major": "Other",
      "major categories": "",
      "major_categories_detail": ""
    },
    {
      "id": 5017,
      "gpa": null,
      "major": "Modern Finance and Banking",
      "school": "University of Economics Ho Chi Minh City",
      "diploma": "Bachelors",
      "end_time": "2013-06-01T00:00:00Z",
      "conf_score": 0.8855554109695395,
      "start_time": null,
      "picklist_major": "Other",
      "major categories": "",
      "major_categories_detail": ""
    }
  ],
  "experiences": [
    {
      "id": 16798,
      "detail": "Drafting and reviewing various agreements, contracts and other documents on a day - by- day in both of Vietnamese and English. Giving legal opinions related to business for Manager, Korean BOD as well as other Depts as required. Following up the litigation situation of the Company with Law firm. Reporting to The State Bank including Operating network Report, Predicting inflationReport, Opening SIP, applying internal policies... Conducting legal procedures with The Competent authorities. Updating legal documents, providing and interpreting opinions to relevant Depts. Drafting The Weekly Legal Newsletters in order to update for whole Company. Translating and opening internal policies for all Depts. Training junior staffs of Legal.",
      "company": "Mirae Asset Finance Company (Vietnam) Ltd",
      "end_time": "2023-04-13T00:00:00Z",
      "industry": "Non-banking",
      "position": "Legal Specialist",
      "conf_score": 0.9178413110670213,
      "start_time": "2016-06-01T00:00:00Z"
    },
    {
      "id": 16800,
      "detail": "Consulting and giving legal opinions on legal issues to customers by mail or phone. Conducting legal procedures for the company. Checking the legality of the contracts for the company and customers on request. Updating legal documents and analyzing them and then writing Legal Newsletters and sending to Customer.",
      "company": "LawSoft Corp Company",
      "end_time": "2016-05-31T00:00:00Z",
      "industry": "Other",
      "position": "Legal specialist",
      "conf_score": 0.9089868123963978,
      "start_time": "2013-12-01T00:00:00Z"
    },
    {
      "id": 16802,
      "detail": "Providing customers with legal advices in different fields. Conducting legal procedures in terms of enterprise, investment and nationality. Compiling and keeping legal contracts and other legal documents. Updating legal documents. Working with Administrative authorities. Assistant lawyers in legal proceedings.",
      "company": "Alpha Law Firm",
      "end_time": "2013-12-31T00:00:00Z",
      "industry": "Other",
      "position": "Legal specialist",
      "conf_score": 0.9089868123963978,
      "start_time": "2013-09-01T00:00:00Z"
    }
  ],
  "address": "Celadon City Apartment, Son Ky, Tan Phu, City. Hcm"
}