{
  "skills": [
    "administration",
    "business analysis",
    "marketing",
    "creative thinking",
    "analysis",
    "marketing strategy",
    "project management",
    "sales",
    "microsoft",
    "b2b sales",
    "management"
  ],
  "fulltext": "SALESCOMMUNICATIONPROJECT MANAGEMENTBUSINESS ANALYSISLOGICALLY CREATIVE THINKINGGRAPHIC DESIGNMICROSOFT OFFICESKILLSMaking moneyTravelingFootballINTERESTSDo Chiem HoangCONTACT INFORMATIONApril 06, 1994 Male+843666 66442 dohoang442@gmail.com HoChiMinh MATION TECHNOLOGY / October 2012 - 05/2017Major: International Business Administration( full English study )Bachelor degreeWORKING EXPERIENCETHIEN QUAN , LTD / 07/2016 - 04/2018Sales and Purchasing StaffThien Quan, LTD is a printing company which has more than 15years experience on variety printing and company gifts. -Finding potential customers, agencies. - Analyzing their requirements and make quotation- In charge of online purchasing from China and othercountries. *Finding new products that doesn't available in Viet Nammarket * Dealing with suppliers to get the best price.- Reporting to the manager weekly.- Analyzing sales data collected weekly/monthly. (B2C)CATHAY PACIFIC CARGO / 04/2017 - 04/2018Acceptance StaffEstablished in 1946, Cathay Pacific Cargo freighters currentlyfly to 46 destinations around the world. -Checked the VCT (Vehicle Control Ticket) from the freightforwarder company.-Identified \"Dangerous Goods\" and \"Vulnerable Goods\".-Matched up with the AWB (Air Way Bill).-Tallied the cartons and scaling the total weight. Inputed data to handheld and moving the freight to the internal zone (EXM) for building up.ROBAM VIETNAM / 05/2018 - 07/2019Business Development Executive - B2BRobam is a kitchen appliance company which has more than30 year on the market. Factory base in Hangzhou, China.-Found and contacted the purchaser of apartment constructioncompany, wholesalers, and kitchen accessories store.- Followed up after quoted price negotiated discount forwholesale purchasing.- Planed the marketing strategies to reach potential customersthrough Online and Offline methods.- Made time-table for Sales Team- Processed critical data points to serve for sales and customerservice- Ensured the smooth operation of sales (B2B)ACHIEVEMENTSCargo Services certifications with score 9.5/10issued by Saigon Cargo Services Corporation.(2017)- Training Course : Sales , Manager skills inChina (2018)Powered by TCPDF (www.tcpdf.org)",
  "educations": [
    {
      "id": 5018,
      "gpa": null,
      "major": "Industrial economy",
      "school": "HO CHI MINH UNIVERSITY OF FOREIGN LANGUAGES AND INFORMATION TECHNOLOGY",
      "diploma": "Bachelors",
      "end_time": "2017-05-01T00:00:00Z",
      "conf_score": 0.9016459605596828,
      "start_time": "2012-10-01T00:00:00Z",
      "picklist_major": "Technical",
      "major categories": "Technology",
      "major_categories_detail": "Industrial Management"
    }
  ],
  "experiences": [
    {
      "id": 16805,
      "detail": "Robam is a kitchen appliance company which has more than30 year on the market. Factory base in Hangzhou, China. -Found and contacted the purchaser of apartment construction company, wholesalers, and kitchen accessories store.- Followed up after quoted price negotiated discount for wholesale purchasing- Planed the marketing strategies to reach potential customers through Online and Offline methods.- Made time-table for Sales Team - Processed critical data points to serve for sales and customer service- Ensured the smooth operation of sales (B2B)",
      "company": "ROBAM VIETNAM",
      "end_time": "2019-07-31T00:00:00Z",
      "industry": "Other",
      "position": "Business Development Executive - B2B",
      "conf_score": 0.9542271074073599,
      "start_time": "2018-05-01T00:00:00Z"
    },
    {
      "id": 16806,
      "detail": "Established in 1946, Cathay Pacific Cargo freighters currently fly to 46 destinations around the world.-Checked the VCT (Vehicle Control Ticket) from the freight forwarder company.-Identified \"Dangerous Goods\" and \"Vulnerable Goods\". -Match up with the AWB (Air Way Bill). -Talled the cartons and scaling the total weight.Inputed data to handheld and moving the freight to the internal zone (EXM) for building up.",
      "company": "CATHAY PACIFIC CARGO",
      "end_time": "2018-04-30T00:00:00Z",
      "industry": "Insurance",
      "position": "Acceptance Staff",
      "conf_score": 0.9542271074073599,
      "start_time": "2017-04-01T00:00:00Z"
    },
    {
      "id": 16807,
      "detail": "Thien Quan, LTD is a printing company which has more than 15 years experience on variety printing and company gifts.-Finding potential customers, agencies.- Analyzing their requirements and make quotation- In charge of online purchasing from China and other countries.*Finding new products that doesn't available in Vietnam market* Dealing with suppliers to get the best price.- Reporting to the manager weekly.- Analyzing sales data collected weekly/monthly. (B2C)",
      "company": "THIEN QUAN , LTD",
      "end_time": "2018-04-30T00:00:00Z",
      "industry": "Other",
      "position": "Sales and Purchasing Staff",
      "conf_score": 0.959177526346337,
      "start_time": "2016-07-01T00:00:00Z"
    }
  ],
  "address": "Ho Chi Minh City, Vietnam"
}