{
  "skills": [
    "jwt",
    "bug fixing",
    "design patterns",
    "restful",
    "mysql",
    "bitbucket",
    "database",
    "software development",
    "teamwork",
    "database design",
    "entity framework",
    "database development",
    "maintenance",
    "management",
    "sql",
    "communication skills",
    "c#",
    "asp"
  ],
  "fulltext": "Vu Van TienJunior .Net DeveloperSeptember 02, 1991Male0988971312anhtien90@gmail.comHo Chi Minh city, Vietnamhttps://www.linkedin.com/in/tien-vu-2240b0144///WORK EXPERIENCESTSJanuary 2018 - PresentFulltime developer in Saigon Technology - SoftwareDevelopment Outsourcing CompanyMain responsibilities:- Project maintenance and development- Design database and buil RESTful API//PROJECTSOffice Application (Jan 2018 - Feb 2018)CustomerIDWF from SingaporeDescription- This is the app that helps people of departmentscommunicate with each other through websiteTeam size4My positionDeveloperMy responsibilities- Development- Optimize code- Bug FixingTechnologies used- Asp.net Core 1.0,SQL Server,JWT,HangfireSTS Insider (Mar 2018 - Aug 2018)CustomerProduct InternalDescription- This app is product of internal company, help managementtimesheet of employee.Team size4My positionDeveloperMy responsibilities- Development- Review code- Optimize code- Bug FixingTechnologies used- Asp.net Core 2.0,SQL ServerKarcher Intranet (September 2018 - Present)CustomerKarcher IntranetDescription- This app management employees,news in companies belong toKarcher across the globeTeam size8My positionDeveloperMy responsibilities- Design database - Development- Review code- Optimize code- Bug FixingTechnologies used- Asp.net Core 2.1,MySQL,JWT,Hangfire...//SKILL //EDUCATION- Programming Languages ​​: C#- Frameworks : Entity Framework Codefirst,ASP.NET Core- Design patterns : Repository pattern, UnitOf Work- Database managementsystems : SQl Server,MySQL- Version control : Gitt (Bitbucket service,tool: tortoisegit)- Language (English) : Read,Write- Soft skills : Presentation, teamwork andcommunication skillsOct 2014 - May 2018University Of Information Technology topcv.vnPowered by TCPDF (www.tcpdf.org)",
  "educations": [
    {
      "id": 5024,
      "gpa": null,
      "major": null,
      "school": "University Of Information Technology",
      "diploma": "Bachelors",
      "end_time": "2018-05-01T00:00:00Z",
      "conf_score": 0.7334530749718071,
      "start_time": "2014-10-01T00:00:00Z",
      "picklist_major": "Other",
      "major categories": "",
      "major_categories_detail": ""
    }
  ],
  "experiences": [
    {
      "id": 16822,
      "detail": "Main responsibilities:- Project maintenance and development- Design database and build RESTful API",
      "company": "Saigon Technology - Software Development Outsourcing Company",
      "end_time": "2023-04-13T00:00:00Z",
      "industry": "High Technology",
      "position": "Full time developer",
      "conf_score": 0.8141298764232529,
      "start_time": "2018-01-01T00:00:00Z"
    }
  ],
  "address": "Ho Chi Minh City, Vietnam"
}