{
  "skills": [
    "java",
    "testing",
    "Internet",
    "spring mvc",
    "ejb",
    "mysql",
    "business rules",
    "oracle",
    "redux",
    "io",
    "angular",
    "sql",
    "clarify",
    "elasticsearch",
    "strut",
    "banking",
    "rabbitmq",
    "spring boot",
    "mobile testing",
    "react native",
    "mvc",
    "ams",
    "enterprise",
    "hibernate",
    "software development",
    "android",
    "rest",
    "spring",
    "postgresql"
  ],
  "fulltext": "HOANG XUAN HUONG Binh Thanh, HCMC EDUCATION 2019 BINH DUONG UNIVERSITY Major: Software Engineer 2013 WORK EXPERIENCE 2018 now 2017 2018 2014 2017 INNOTECH VIETNAM Senior Software Engineer Project Name: ACB Banking Client From: Vietnam Description: Build application on Internet and Mobile Banking Technical -Web Service, Microservices -Spring boot,JPA,Elasticsearch,Google API Services,RabbitMq -PostgreSQL,MySQL,Oracle Main responsibilities: - Developing and maintaining the back-end functionality of system. - Participating in discussions with clients to clarify what they want. - Designing patterns for project if required. - Contacting external team to confirm info of requirement. - Coding reviews. - Document Service. OMART VIETNAM Senior Software Engineer Project Name: e-commerce Client From: Vietnam Description: application for e-commerce, Web,Mobile Technical -Web Service -Spring boot,JPA,Twilio, Fire Base,Elasticsearch,Google API Services -My SQL Main responsibilities: -I am responsible a development REST API backend. -Document API for integrate with Front-end Web and Mobile. -Testing Service -Code review -Make sure deliver on time to production. CSC VIETNAM (DXC VIETNAM) Senior Software Engineer Project Name: SAP Portal Java Client From: Canada Description: enterprise portal for aircraft manufacturing industry Technical: - Web Dynpro Java 7.4 2013 2014 - Hibernate, JPA, EJB - DB: Oracle Main responsibilities: - Upgrade to new version base on available application -Interaction and Communication with onshore team -Help other members to keep up with the software development progress -------------- --------------------------------------------------- ------------ Project Name: TLS Client From: Singapore Description: Telecoms licensing system of Singapore government Technical: -Struts 1,2 -IBatis -Server: Weblogic -DB: Oracle Main responsibilities: -Development and enhancement from existing application -Maintain application after release. -Help other members fix bugs. -Working with QC team and report task to project manager. --------------------------------------------------- ----------------------------------- Project Name: MOH Client From: Singapore Description: Ministry of Health Singapore government Technical: -Spring Boot Web Service Restfull API, JPA, Hibernate. -Angular 1 (front-end) -Server: Weblogic -DB: Oracle,H2 for dev Main responsibilities: -Development from Scratch base on requirements from QA. -Working with BA,QC to clarify requirement from onshore team. -Receive feedback from QC,QA to update requirement, fix bug if needed - Review business rules from other member after completed - Reporting task to project manager -------------------- --------------------------------------------------- -------------- Project Name: FROG ASIA Client From: Malaysia Description: Building Highly Education Application Technical: -React Native -Redux -Run on IOS and Android device Main responsibilities: -Development from Scratch base on requirements from onshore. -Working directly onshore team to clarify requirements -Report task to onshore leader. EWI VIETNAM Java Developer Project Name: PTUS Client From: US Description: enterprise portal for plastic industry Technical - Restfull Web Service Spring, MVC - Hibernate - Sencha Ext JS (front-end) Main responsibilities: -implement task assigned from team leader. -fix bug and remain the existing source. -reporting task to leader. CERTIFICATIONS 2014 TOEIC Certificate at IIG topcv.vn",
  "educations": [
    {
      "id": 5030,
      "gpa": null,
      "major": "Software Engineer",
      "school": "BINH DUONG UNIVERSITY",
      "diploma": "Bachelors",
      "end_time": "2019-01-01T00:00:00Z",
      "conf_score": 0.9242047582276173,
      "start_time": "2013-01-01T00:00:00Z",
      "picklist_major": "Other",
      "major categories": "",
      "major_categories_detail": ""
    }
  ],
  "experiences": [
    {
      "id": 16839,
      "detail": "Project Name: ACB Banking Client From: Vietnam Description: Build application on Internet and Mobile Banking Technical -Web Service, Microservices -Spring boot,JPA,Elasticsearch,Google API Services,RabbitMq -PostgreSQL,MySQL,Oracle Main responsibilities:- Developing and maintaining the back-end functionality of system.- Participating in discussions with clients to clarify what they want.- Designing patterns for project if required.- Contacting external team to confirm info of requirement.- Coding review.- Document Service.",
      "company": "INNOTECH VIETNAM",
      "end_time": "2023-04-13T00:00:00Z",
      "industry": "High Technology",
      "position": "Senior Software Engineer",
      "conf_score": 0.9174648511369632,
      "start_time": "2018-01-01T00:00:00Z"
    },
    {
      "id": 16841,
      "detail": "Project Name: e-commerceClient From: Vietnam Description: application for e-commerce, Web,Mobile Technical -Web Service -Spring boot,JPA,Twilio, Fire Base,Elasticsearch,Google API Services -My SQL Main responsibilities:-I am responsible a development REST API backend.-Document API for integrate with Front-end Web and Mobile. -Testing Service -Code review-Make sure deliver on time to production.",
      "company": "OMART VIETNAM",
      "end_time": "2018-01-31T00:00:00Z",
      "industry": "Other",
      "position": "Senior Software Engineer",
      "conf_score": 0.8310701854240083,
      "start_time": "2017-01-01T00:00:00Z"
    },
    {
      "id": 16843,
      "detail": "Project Name: SAP Portal Java Client From: Canada Description: enterprise portal for aircraft manufacturing industryTechnical: - Web Dynpro Java 7.4 - Hibernate, JPA, EJB - DB: Oracle Main responsibilities:-Upgrade to new version base on available application - Interaction and Communication with onshore team-Help other members to keep up with the software development progress---------------------------------- --------------------------------------------------- Project Name: TLS Client From: Singapore Description: Telecoms licensing system of Singapore governmentTechnical: -Struts 1,2 -IBatis -Server: Weblogic -DB: Oracle Main responsibilities:-Development and enhancement from existing application -Maintain application after release. - Help other members fix bugs.-Working with QC team and report task to project manager.------------------------------- --------------------------------------------------- ---- Project Name: MOH Client From: Singapore Description: Ministry of Health Singapore governmentTechnical: -Spring Boot Web Service Restfull API, JPA, Hibernate. -Angular 1 (front-end)-Server: Weblogic -DB: Oracle,H2 for devMain responsibilities:-Development from Scratch base on requirements from QA. -Working with BA,QC to clarify requirement from onshore team.-Receive feedback from QC,QA to update requirement, fix bug if needed- Review business rules from other member after completed- Reporting task to project manager------- --------------------------------------------------- --------------------------- Project Name: FROG ASIA Client From: Malaysia Description: Building Highly Education Application Technical: -React Native -Redux - Run on IOS and Android device Main responsibilities:-Development from Scratch base on requirements from onshore. -Working directly onshore team to clarify requirements -Report task to onshore leader. -implement task assigned from team leader. -fix bug and remain the existing source. -reporting task to leader.",
      "company": "CSC VIETNAM (DXC VIETNAM)",
      "end_time": "2017-01-31T00:00:00Z",
      "industry": "Other",
      "position": "Senior Software Engineer",
      "conf_score": 0.9125776658202421,
      "start_time": "2014-01-01T00:00:00Z"
    }
  ],
  "address": "Binh Thanh, Ho Chi Minh City"
}