{
  "skills": [
    "linux",
    "phpunit",
    "freebsd",
    "docker",
    "java",
    "automation",
    "delphi",
    "wordpress",
    "chef",
    "javascript",
    "ams",
    "apache",
    "circleci",
    "mongodb",
    "ftp",
    "java language",
    "perl",
    "management",
    "excel",
    "unit test",
    "postgresql",
    "security",
    "salesforce",
    "scrum master",
    "ubuntu",
    "git",
    "svn",
    "structure",
    "devops",
    "spring",
    "operating system",
    "mysql",
    "ansible",
    "recruitment",
    "ecs",
    "saas",
    "design patterns",
    "centos",
    "jira",
    "microsoft project",
    "bamboo",
    "software development",
    "camel",
    "microsoft",
    "manage database",
    "database",
    "smtp",
    "parsing",
    "cgi",
    "networking",
    "perforce",
    "software development methodology",
    "redmine",
    "bitbucket",
    "php",
    "agile",
    "protocol",
    "singleton"
  ],
  "fulltext": "CURRICULUM VITAE Name: Nguyen Ngoc Lam Anh Address: 208/116 Duong so 5, Binh Hung Hoa, Binh Tan Tel: 0975 087 878 ​​- Email: lamanh_nguyen@yahoo.com Educational Qualifications 2000 - 2005 : Bachelor of Engineering o Faculty of Information Technology , HCMC University of Technology Qualifications: 14 years experience with Software Development, including 10 years as a team leader or Project Manager. Experience with software development methodologies: Water falls Agile/Scrum Experience with writing Functional Design, Detail Design Experience with code smell and refactoring code Knowledge about Design Patterns: Singleton, Factory, Faade, Knowledge with SaaS (Software as a Service) Projects: 1. 2014 now (Mulodo Vietnam company) Toriaina: Writing a Frontend site for assessment system OS: Ubuntu Language: PHP - Database: postgresql Postion: Team Lead Team size: 3-4 members CORK: Writing EC system OS: Ubuntu - Language: PHP with Opencart - Database: Mysql Postion: Team Lead and PM Team size: 3 members Hamee: Writing unit test for Hamee system. OS: Centos - Language: PHP (Zend), PHPUnit - Database: Mysql Position: At the beginning, I worked as Project manager to start up a team with 3 members. From 7/2016 I changed into team lead of team with a purpose to get trust by quality from client to extend team. Team size: 6 members ROM: Develop ROM system with fanclub management system, CMS system, automation seating chart... OS: Centos - Language: PHP (CI, Wordpress) - Database: Mysql Position: I was assigned to manage this team to solve many team issues (quality, under estimating, web security, communicating with client) from 10/2015 7/2016 Team size: 4 members Rakuten: Develop a part of Rakuten system with new technology Language: Java with Camel, Spring, Mule - Database: MongoDB Position: I was assigned to manage this team to re-structure team, work with client closely to solve conflict between team and client from 2/2016 - 7/2016 Team size: 6 members HIS: Develop HIS system with flight ticket and hotel booking, rating system OS: Ubuntu - Language: PHP with FuelPHP - Database: Mysql Position: I was assigned to manage development team. I had worked with Japanese Project Manager to get requirement, support team,... since 4/2014 Team size: 6 members 2. 2009 2014 (Harvey Nash Vietnam company) EasyCruit of Lumesse ODC: Maintain for an online recruitment web site of Europe client. OS: Ubuntu - Language: Perl, Mason. - Database: Mysql Position: I was a key member of development team in 2009 and 2010. From 2011 I am working as Project manager of development team. Team size: 10 members Genus projects: Support build team for deployment, install CentOS, Mysql, PHP, Apache as versions of client. Bodog ODC: Develop new websites for Bodog client with Scrum. Support Dev Oops team for deployment, write shell script for build automatically. OS: CentOS - Language: PHP (LAMP) - Database: Mysql Position: Scrum Master and Technical Lead Team size: 6 members 3. 3/2009 10/2009 (TMA company) NTTS team: Worked as developer in NTTS to develop the website and internal soft phone tool for client (using Java programming). Sometimes supported Director in the client meeting as Japanese interpreter. 4. 2006 2009 (Nankai Co. Ltd, Japan) Set up web server for the project, develop for inserting a large excel data into database, manage, report Config mail server, develop for getting and sending mail, making a tree with mails, parsing mail content OS: Linux - Language: Perl, Javascript - Database: Postgresql 8.3 Position: Developer Employment History 4/2014 now: Mulodo Vietnam Position: Development Project Manager and Team Leader October 2009 4/2014: Havey Nash Vietnam Position: Developer (10/2009 2/2011) And Team Lead and Project Manager (2/2011 4/2014) 3/2009 10/2009: TMA Company Position: Developer 02/2006-01/2009: Nankai Company Co. Ltd Position: Developer 07/2005-12/2005: Tri Nhan Co. Ltd Position: Developer Foreign languages ​​skills English: Level B2 (2011) of Bulats speaking test and level B1 high (2010) of Bulats reading and writing test. Japanese: N2 (2008). Computer Skills Languages: Salesforce, Perl/CGI, Perl/Mason, PHP, Java, Delphi, Javascript Devops tool: Vagrant, Chef, Docker, Ansible Operating systems: FreeBSD, Ubuntu, Centos, Redhat Others: Apache, FTP, SMTP, NFS Database: Postgresql, MySQL Basic knowledge : networking protocol Other tools: VMWare, SVN, Git, Bitbucket, Perforce, Devtrack, Microsoft Project, Jira, Bamboo, Redmine, CI system (CircleCI, Jenskin) Achievement : Team of the Year 2017 for Hamee team Team lead of the year 2011 of Lumesse ODC. Certificate of Leadership skills of G&H Management Services. Powered by TCPDF (www.tcpdf.org)",
  "educations": [
    {
      "id": 5031,
      "gpa": null,
      "major": "Information technology",
      "school": "HCMC University of Technology",
      "diploma": "Bachelors",
      "end_time": "2005-01-01T00:00:00Z",
      "conf_score": 0.7998600002072108,
      "start_time": "2000-01-01T00:00:00Z",
      "picklist_major": "IT - Hardware/Networking",
      "major categories": "Computer and information technology",
      "major_categories_detail": "Information technology"
    }
  ],
  "experiences": [
    {
      "id": 16844,
      "detail": "",
      "company": "Mulodo Vietnam",
      "end_time": "2023-04-13T00:00:00Z",
      "industry": "Other",
      "position": "Development Project Manager and Team Leader",
      "conf_score": 0.9382580848285329,
      "start_time": "2014-04-01T00:00:00Z"
    },
    {
      "id": 16845,
      "detail": "",
      "company": "Harvey Nash Vietnam",
      "end_time": "2014-04-30T00:00:00Z",
      "industry": "Other",
      "position": "Developer",
      "conf_score": 0.9036845408968811,
      "start_time": "2009-10-01T00:00:00Z"
    },
    {
      "id": 16846,
      "detail": "",
      "company": "Harvey Nash Vietnam",
      "end_time": "2011-02-28T00:00:00Z",
      "industry": "Other",
      "position": "Team Lead and Project Manager",
      "conf_score": 0.8819881778411802,
      "start_time": "2011-02-01T00:00:00Z"
    },
    {
      "id": 16847,
      "detail": "",
      "company": "TMA Company",
      "end_time": "2009-10-31T00:00:00Z",
      "industry": "Other",
      "position": null,
      "conf_score": 0.7607865472558788,
      "start_time": "2009-03-01T00:00:00Z"
    },
    {
      "id": 16848,
      "detail": "",
      "company": "Nankai Company Co. Ltd",
      "end_time": "2009-01-31T00:00:00Z",
      "industry": "Other",
      "position": "Developer",
      "conf_score": 0.9404253900297244,
      "start_time": "2006-02-01T00:00:00Z"
    },
    {
      "id": 16849,
      "detail": "",
      "company": "Tri Nhan Co. Ltd",
      "end_time": "2005-12-31T00:00:00Z",
      "industry": "Other",
      "position": "Developer",
      "conf_score": 0.9499601525043319,
      "start_time": "2005-07-01T00:00:00Z"
    }
  ],
  "address": "208/116 Duong so 5, Binh Hung Hoa, Binh Tan"
}