{
  "skills": [
    "security problem",
    "networking",
    "streaming",
    "sonarqube",
    "windows server 2008",
    "automation",
    "python",
    "ant",
    "credit cards",
    "linux",
    "rancher",
    "ubuntu",
    "kubernetes",
    "security",
    "storage server",
    "sql",
    "openstack",
    "sql query",
    "scripting",
    "windows server",
    "payment",
    "devops",
    "database",
    "banking",
    "throughput",
    "docker",
    "workflow",
    "jenkins",
    "operation system",
    "python framework",
    "php",
    "operating system",
    "centos",
    "online banking"
  ],
  "fulltext": "EXPERIENCEANT FINANCIALJUL 2018 - NOWSite Reliability Engineer- Take shifts on duty of monitoring.- Controlling the downtime of payment service of one of biggest e-commerce website.- Understanding the payment method such as credit card, online banking, over thecounter, virtual account, payment account and the payment flow. - Monitoring business metrics for over 50 payment channels of 10 countries.- Create and optimize alerts for payment channels. - Take relationship with banks and co-operate with them when the issue happens.- Developing Hive/SQL queries for querying data and alert by hours and days.- Building monitoring tools to detect the incidents as soon as possible. Result:- Improve the success rate of transactions in Thailand 8% and Vietnam 3% compared tothe start time.- Uptime of payment service per countries is always above 99.9%- Able to find out the issue that no one able to detect. KYANON DIGITALNOV 2017 - JUN 2018DevOps Engineer- Working in different OS environments such as Window Server 2008, 2012 and 2016,CentOS 6.7 and Ubuntu.- Maintaining, fixing , and optimizing the existing system.- Building ITSM workflow.- Support different project's types such as PHP Framework, Python Framework andNodeJS.- Building CI System with Jenkins: automatic building and deploying to server for everycommit in source control. - Integrating the code review system with SonarQube.- Improving working performance by building scripts and using tools .FLIX VIET - HDVIET - HDONLINEFEB 2017 - NOV 2017Senior System Engineer- Deploy and maintain OpenStack (3 months).- Configure and build Storage server: Ceph cluster 20 servers for film storage andOpenStack storage.- Deploy and maintain the Transcode system and integrating it with OpenStack. - Working with Wowza service a software converting analog signal to digital.- Streaming system: tuning server not only software but also hardware for 15GB/sthroughput per server.- Troubleshooting website's issues and security problem.VNG CORPORATIONSEP 2015 - FEB 2017Associate System Engineer- Maintain different games with over 200 servers and different environments: CentOS6.x, Window Server 2008.- Scripting for monitoring, operating system and backing up log.- Updating and improving system component for better operation. BARON TRANDevOps Engineer - Senior SystemEngineer September 27, 1993 Male(+84)93 889 3593 tqviet.hcmus@gmail.comDistrict 8, Ho Chi Minh City fb.com/viet.hcmusOBJECTIVEPlay 3 roles System Engineer,DevOps Engineer and Site ReliabilityEngineer. Bring the stable, efficiency, securityand availability of not only businessvalue but also the technical system.SKILLSSystem Operation (Linux, Window)Database AdministratorSecurityProgramming - Bash, PythonLogical ThinkingFast LearningResearchingAdaptiveINTERESTSSwimmingJoggingTravellingMotorbike- On call 24/7 and weekends for all system's issues.- Apply new technologies such as Docker, Rancher, Kubernetes to reduce the cost ofserver per month. EDUCATIONUNIVERSITY OF SCIENCESSEP 2011 - SEP 2015Computer Science and NetworkingThesis : Pentest Automation System REFERENCESL Le Quoc Anh Tuan - Kyanon DigitalTechnical Lead - 0907621629 Ho Huy Hoang - Flix VietLeader of System Engineer Team - 0985560860Phan Anh Tuan - VNGLReader of System Engineer Team topc - 0908vn212293",
  "educations": [
    {
      "id": 5043,
      "gpa": null,
      "major": "Computer science",
      "school": "UNIVERSITY OF SCIENCES",
      "diploma": "Bachelors",
      "end_time": "2015-09-01T00:00:00Z",
      "conf_score": 0.947497690629322,
      "start_time": "2011-09-01T00:00:00Z",
      "picklist_major": "IT - Hardware/Networking",
      "major categories": "Computer and information technology",
      "major_categories_detail": "Computer"
    }
  ],
  "experiences": [
    {
      "id": 16871,
      "detail": "- Take shifts on duty of monitoring.- Controlling the downtime of payment service of one of biggest e-commerce website.- Understanding the payment method such as credit card, online banking, over the counter, virtual account, payment account and the payment flow .- Monitoring business metrics for over 50 payment channels of 10 countries.- Create and optimize alerts for payment channels.- Take relationship with banks and co-operate with them when the issue happens.- Developing Hive/SQL queries for querying data and alert by hours and days.- Building monitoring tools to detect the incidents as soon as possible.Result: - Improve the success rate of transactions in Thailand 8% and Vietnam 3% compared to the start time.- Uptime of payment service per countries is always above 99.9% - Able to find out the issue that no one able to detect.",
      "company": "ANT FINANCIAL",
      "end_time": "2023-04-13T00:00:00Z",
      "industry": "Other",
      "position": "Site Reliability Engineer",
      "conf_score": 0.9309830986368706,
      "start_time": "2018-07-01T00:00:00Z"
    },
    {
      "id": 16873,
      "detail": "- Working in different OS environments such as Window Server 2008, 2012 and 2016, CentOS 6.7 and Ubuntu. - Maintaining, fixing , and optimizing the existing system.- Building ITSM workflow.- Support different project's types such as PHP Framework, Python Framework andNodeJS. - Building CI System with Jenkins: automatic building and deploying to server for every commit in source control.- Integrating the code review system with SonarQube. - Improving working performance by building scripts and using tools .",
      "company": "KYANON DIGITAL",
      "end_time": "2018-06-30T00:00:00Z",
      "industry": "High Technology",
      "position": "DevOps Engineer",
      "conf_score": 0.9174648511369632,
      "start_time": "2017-11-01T00:00:00Z"
    },
    {
      "id": 16875,
      "detail": "- Deploy and maintain OpenStack (3 months).- Configure and build Storage server: Ceph cluster - 20 servers for film storage andOpenStack storage.- Deploy and maintain the Transcode system and integrating it with OpenStack. - Working with Wowza service - a software converting analog signal to digital.- Streaming system: tuning server not only software but also hardware for 15GB/s throughput per server.- Troubleshooting website's issues and security problem.",
      "company": "FLIX VIET - HDVIET - HDONLINE",
      "end_time": "2017-11-30T00:00:00Z",
      "industry": "Other",
      "position": "Senior System Engineer",
      "conf_score": 0.9174648511369632,
      "start_time": "2017-02-01T00:00:00Z"
    },
    {
      "id": 16877,
      "detail": "- Maintain different games with over 200 servers and different environments: CentOS 6.x, Window Server 2008. - Scripting for monitoring, operating system and backing up log.- Updating and improving system component for better operation.- On call 24/7 and weekends for all system's issues.- Apply new technologies such as Docker, Rancher, Kubernetes to reduce the cost of server per month.",
      "company": "VNG CORPORATION",
      "end_time": "2017-02-28T00:00:00Z",
      "industry": "Other",
      "position": "Associate System Engineer",
      "conf_score": 0.9046002206438599,
      "start_time": "2015-09-01T00:00:00Z"
    }
  ],
  "address": "district 8, Ho Chi Minh City"
}