{
  "skills": [
    "public speaking",
    "payment",
    "computer vision",
    "sales",
    "management",
    "face detection",
    "banking",
    "project planning",
    "critical thinking",
    "deep learning",
    "project management",
    "mac address",
    "design thinking",
    "team management",
    "b2b sales",
    "trello",
    "recruitment",
    "software development",
    "manage a team",
    "influence people",
    "process development",
    "teamwork",
    "product management",
    "product features",
    "operations management",
    "agile"
  ],
  "fulltext": "Nguyen Dac Phuc, ProductOwner/ ManagerHO CHI MINH CITY, VIETNAMtomnguyen.067@gmail.comPROFILEAn enthusiastic product lover, a technology entrepreneur and visionary with the thirst for knowledge and hunger for creating impacts on society. A Vipassan meditation practitioner.EMPLOYMENT HISTORYProject Manager/ Entrepreneur in Residence at Alley51Oct 2018 Apr 2019, Ho Chi Minh CityWhat we doAlley51 Ventures is a data platform targets marginalized workers and people, engaging andempowering them through many ground-breaking solutions. What I doEnvision, define and prioritize what features to be builtContribute the growth and development of the recruitment productB2B sales to manufacturers and factories sectorMy key takeawaysHow being likable is important to successful contribution to the team and influence peopleDefine and implement great cultures to the companyProduct Executive, VNGJul 2018 Sep 2018, Ho Chi MinhWhat I doLeading a team of 7 senior designers & developers (Design, Front-end, Mobile, Back-end &Server) to integrate ZaloPay's payment features into Zalo's platformDesigning logics, constraints, main flow and UX - UI of the product featuresIn charge of the Product Requirements Document as the key material to ensure transparentcommunication within the development teamMy key learning pointsUX/ UI design for B2C digital wallet Industry-standard product & software development process Product Manager, EyeQ TechJun 2017 Jul 2018, Ho Chi MinhEyeQ Tech, the Champion of Startup Wheel 2017, is a tech-startup developing and commercializing Computer Vision and Deep Learning to revolutionize and disrupt the industriesof retailing, F&B, franchising, advertising and banking.DETAILSHo Chi Minh City,Vietnam+84 764644141NATIONALITYVietnameseLINKSLinkedInSKILLSProject ManagementProduct Management &DevelopmentLeadershipBusiness DevelopmentComputer Science &SoftwareLANGUAGESEnglishHOBBIESRead 2 books/week,Gym 4 days/weekWhat I doEnvisioning and defining what features, products and product lines to be builtDesigning UX - UI of the productsWorking directly with developers to manage the development, execution and delivery ofproductsCustomer relations, sales and business developmentOperation managementMy key learning pointsCritical thinking - How to ask good questionHow to be a team player, an empowering leader to influence cross-functional teamsBuilding industry-standard products applying advanced technologies, in variety of fields(F&B, hospitality, advertising ...) Working closely with IT Founder & CEO of 2 uprising startups from the beginningPitch and win Startup Wheel 2017 - http://eyeq.tech/champion-startup-wheel-2017/Project Manager, ShareCarForAdsOct 2016 May 2017What I doManage a team of 8 internship developers , building a system to count how many people looking atads panel on vehicles using cameras combining with Deep Learning Face Detection/ Recognitionand MAC Address collecting technologies.My key learning pointsProject Planning & Management with Trello & Toggl for task-time managementApplied Agile scrumTeam management & leadershipFinal evaluation of 9/10 for the individual and team performanceEDUCATIONUniversity of Science, Bachelor of Computer ScienceOct 2013 Oct 2017, Ho Chi MinhEXTRA-CURRICULAR ACTIVITIESExchange Participant, Temasek Foundation - SingaporePolytechnicJul 2014 Aug 2014, SingaporeWhat I doA course of Design Thinking process & graduation project with Singaporean undergraduatesDesigned curriculum of History, Society, Culture & Economy of Singapore1-month, living and discovering the amazement of SingaporeMy key learning pointsNative English - Singlish working environmentTeamwork, presentation skills, public speaking and logical thinkingPowered by TCPDF (www.tcpdf.org)",
  "educations": [
    {
      "id": 5047,
      "gpa": null,
      "major": "Computer science",
      "school": "University of Science",
      "diploma": "Bachelors",
      "end_time": "2017-10-01T00:00:00Z",
      "conf_score": 0.910552412979759,
      "start_time": "2013-10-01T00:00:00Z",
      "picklist_major": "IT - Hardware/Networking",
      "major categories": "Computer and information technology",
      "major_categories_detail": "Computer"
    }
  ],
  "experiences": [
    {
      "id": 16884,
      "detail": ", Ho Chi Minh City What we doAlley51 Ventures is a data platform targets marginalized workers and people, engaging and empowering them through many ground-breaking solutions.What I doEnvision, define and prioritize what features to be builtContribute the growth and development of the recruitment productB2B sales to manufacturers and factories sectorMy key takeawaysHow being likable is important to successful contributing to the team and influencing peopleDefine and implement great cultures to the company",
      "company": "Alley51",
      "end_time": "2019-04-30T00:00:00Z",
      "industry": "Other",
      "position": "Project Manager/ Entrepreneur in Residence",
      "conf_score": 0.9436608569184953,
      "start_time": "2018-10-01T00:00:00Z"
    },
    {
      "id": 16885,
      "detail": ", Ho Chi Minh What I doLeading a team of 7 senior designers & developers (Design, Front-end, Mobile, Back-end & Server) to integrate ZaloPay's payment features into Zalo's platformDesigning logics, constraints, main flow and UX - UI of the product featuresIn charge of the Product Requirements Document as the key material to ensure transparent communication within the development teamMy key learning pointsUX/ UI design for B2C digital walletIndustry-standard product & software development process",
      "company": "VNG",
      "end_time": "2018-09-30T00:00:00Z",
      "industry": "High Technology",
      "position": "Product Executive",
      "conf_score": 0.9512303155325736,
      "start_time": "2018-07-01T00:00:00Z"
    },
    {
      "id": 16886,
      "detail": ", Ho Chi Minh EyeQ Tech, the Champion of Startup Wheel 2017, is a tech-startup developing and commercializing Computer Vision and Deep Learning to revolutionize and disrupt the industries of retailing, F&B, franchising, advertising and banking.What I doEnvisioning and defining what features, products and product lines to be builtDesigning UX - UI of the productsWorking directly with developers to manage the development, execution and delivery of productsCustomer relations, sales and business developmentOperation managementMy key learning pointsCritical thinking - How to ask good questionHow to be a team player , an empowering leader to influence cross-functional teamsBuilding industry-standard products applying advanced technologies, in variety of fields(F&B, hospitality, advertising ...) Working closely with IT Founder & CEO of 2 uprising startups from the beginningPitch and win Startup Wheel 2017 - http://eyeq.tech/champion-startup-wheel-2017/",
      "company": "EyeQ Tech",
      "end_time": "2018-07-31T00:00:00Z",
      "industry": "High Technology",
      "position": "Product Manager",
      "conf_score": 0.9542271074073599,
      "start_time": "2017-06-01T00:00:00Z"
    },
    {
      "id": 16887,
      "detail": "What I doManage a team of 8 internship developers, building a system to count how many people looking at ads panel on vehicles using cameras combining with Deep Learning Face Detection/ Recognition and MAC Address collecting technologies.My key learning pointsProject Planning & Management with Trello & Toggl for task-time managementApplied Agile scrumTeam management & leadershipFinal evaluation of 9/10 for the individual and team performance",
      "company": "ShareCarForAds",
      "end_time": "2017-05-31T00:00:00Z",
      "industry": "Other",
      "position": "Project Manager",
      "conf_score": 0.9623457881619946,
      "start_time": "2016-10-01T00:00:00Z"
    }
  ],
  "address": "Ho Chi Minh City, Vietnam"
}