{
  "skills": [
    "angular",
    "css3",
    "wordpress",
    "json",
    "responsive",
    "javascript",
    "implementation",
    "risks",
    "management",
    "frontend development",
    "jquery",
    "git",
    "hard working",
    "html5",
    "analysis",
    "team management",
    "website development",
    "css",
    "restful",
    "risk management",
    "jira",
    "le",
    "teamwork",
    "user interface",
    "bootstrap",
    "html"
  ],
  "fulltext": "LE THI DAM MOFrontend DeveloperDate of birth: Jun 20, 1992Gender: FemalePhone: 0937737487Email: moltd200692@gmail.comAddress: 15 Than Nhan Trung, Ward 13, Tan Binh District, HCMCWebsite: https://www.facebook.com/dammo.leOBJECTIVEWith 3+ years of experience in the web designing industry including UI/UX implementation and webdevelopment. I believe my collaboration will not only share my expertise with your team and valuable clientsbut also improving my skills set and becoming an important role in my career pathEDUCATIONOct 2010 - Aug 2014University of Pedagogy Ho Chi Minh CityMajor: Software Engineering.Engineer of Information Technology. Faculty of Information Technology University of Pedagogy Ho Chi Minh CityWORK EXPERIENCEOct 2017 - Present Sutrix SolutionsFrontend Team Leader- Analyze the requirement- Team management, communication with PM, QC, BE, riskmanagement and leadership- Breakdown tasks, analyze tasks and assign the task for the teammember- Support team member, suggest solutions to resolve issue, reviewcode- Focused on developing websites using Front End frameworks - VueJSAug 2015 - Sep 2017Sutrix SolutionsFrontend Developer- Designs, develop and relaunches responsive websites and e-commerce sites of clients.- Developing the HTML5 Banner with CSS3 and Greebsock.Oct 2014 - Jul 2015Distance CorporationSoftware Engineer- Converting PSD to HTML, HTML Responsive Web- Designing the banner website- Coding theme WordPress1. Singapore Zoo- Live site: https://www.wrs.com.sg/en/- Developing the user interface for the website- Using HTML/CSS/Jquery2. Globe- Live site: https://www.globe.com.ph/- Developing the user interface for the website- Using HTML/CSS/Jquery3. Globe - My Account- Developing the website for Globe's client to manage all product they buy on the Shop(https://shop.globe.com.ph/) at Globe- Using HTML/CSS/Vue JSPROJECTSTechnical Skill- 3-years experienced in Frontend development.- Have good knowledge in HTML/HTML5, PUG, LESS/SASS,CSS/CSS3, Javascript/jQuery.- Working experience with Angular 4/VUE JS- Familiar with Bootstrap and responsive web design concept- Experienced in using version control systems such as Git- Experience in working with RESTful API, JSON.- Experience in working with CMS like AEM- Knowledge of the analysis and breakdown task- Familiar with JiraPersonality- Mature, enthusiastic, hard-working, friendly.- Be able to work independently or teamwork.- Be able to work under pressure.- Responsible, careful in work- Be always willing to learn to improve capabilities- others, respect me.Language English:- Intermediate in writing and reading- Basic communicateSKILLSINTERESTS- Listening to music- Reading books and Traveling.- Joining social activities. topcv.vnPowered by TCPDF (www.tcpdf.org)",
  "educations": [
    {
      "id": 5050,
      "gpa": null,
      "major": "Software technology",
      "school": "University of Pedagogy Ho Chi Minh City",
      "diploma": "Engineer",
      "end_time": "2014-08-01T00:00:00Z",
      "conf_score": 0.8141298764232529,
      "start_time": "2010-10-01T00:00:00Z",
      "picklist_major": "IT - Hardware/Networking",
      "major categories": "Computer and information technology",
      "major_categories_detail": "Computer"
    }
  ],
  "experiences": [
    {
      "id": 16890,
      "detail": "- Analyze the requirement- Team management, communication with PM, QC, BE, risk management and leadership- Breakdown tasks, analyze tasks and assign the task for the team member- Support team member, suggest solutions to resolve issue, review code- Focused on developing websites using Front End frameworks - Vue JS",
      "company": "Sutrix Solutions",
      "end_time": "2023-04-13T00:00:00Z",
      "industry": "High Technology",
      "position": "Frontend Team Leader",
      "conf_score": 0.9512303155325736,
      "start_time": "2017-10-01T00:00:00Z"
    },
    {
      "id": 16891,
      "detail": "- Designs, develop and relaunches responsive websites and e- commerce sites of clients.- Developing the HTML5 Banner with CSS3 and Greebsock.",
      "company": "Sutrix Solutions",
      "end_time": "2017-09-30T00:00:00Z",
      "industry": "High Technology",
      "position": "Frontend Developer",
      "conf_score": 0.9512303155325736,
      "start_time": "2015-08-01T00:00:00Z"
    },
    {
      "id": 16892,
      "detail": "- Converting PSD to HTML, HTML Responsive Web - Designing the banner website- Coding WordPress theme",
      "company": "Distance Corporation",
      "end_time": "2015-07-31T00:00:00Z",
      "industry": "Other",
      "position": "Software Engineer",
      "conf_score": 0.9623726352765386,
      "start_time": "2014-10-01T00:00:00Z"
    }
  ],
  "address": "15 Than Nhan Trung, Ward 13, Tan Binh District, Ho Chi Minh City"
}