{
  "skills": [
    "fragment lifecycle",
    "networking",
    "java",
    "git",
    "c++",
    "analysis",
    "algorithm",
    "structure",
    "design patterns",
    "java language",
    "mvp",
    "insurance",
    "redux",
    "navigation",
    "c#",
    "javascript",
    "oop",
    "redmine",
    "fcm",
    "react native",
    "windows phone",
    "lifecycle",
    "software development",
    "android",
    "data structure",
    "restful"
  ],
  "fulltext": "Full name: Nguyen Dang Tho Resident: Hai Duong Gender: Male Hometown: Bac Ninh Nationality: Vietnam Location: Tan Binh - Ho Chi Minh Religion: No Email: dangtho209@gmail.com Status: Single Skype: nguyendangtho2009@outlook.com Date of birth: September 20, 1993 Phone: (+84) 0932 217 403 ACADEMIC LEVEL 2011-2016: CPA ~ 3.00 - Graduated from Hanoi University of Science and Technology (HUST). English: read-write simple. WORK EXPERIENCE 2015-2016: Internship at HN Amobi startup company - Windows Phone programmer Develop ideas, build and design functions, interfaces for applications according to ideas or follow customer requirements, maintain applications on store. 2016 - 2018: Working at MQ ICT Solutions HN company - Android programmer - Analyzing requirements, designing software, processing feedback according to customers' requests - Application development for android platform. - Guide and support students to practice. - Manage progress, write project documents, plan, - Working with Japanese customers, Viettel, Toyota, 2018 - 2019: Working at Tinhvan Outsourcing HCM Company Android, React Native programmer - Analyzing requirements, programming applications on Android platform. - Build code-base Android, React native. - Working with AEON customers, Also involved in developing freelance applications (Android). KNOWLEDGE, SKILLS - Programming languages: JAVA, javascript, C#, C++, - Framework: Android, React Native,... - Android: UI customize, optimize performance, Push notification FCM, Google API, Local Storage, Android enviroment (Activity, Fragment, lifecycle), use libraries, MVP, multi languages, multi screen, publish Google Play app, Networking, navigation,Map , write code base, caching data, - React-Native: write code base, react component, navigation, redux, middleware, selector, networking with axios, optimize performace, style with flex box, multi-language,caching data, - Having knowledge of data structures, algorithms, design patterns, OOP, clean code, architecture, - Analysis, application design, wireframe , UI/UX , - Restful API. - Managing source code with GIT. - Writing required documents, designing software. - Manage progress with WBS, redmine, CAREER GOALS The career goal in the next 3 years is to become a software developer, can build software, manage projects, work with customers. DESIRE FOR WORK Comfortable working environment, can propose ideas, evaluate public capacity and accuracy. Appropriate salary, increase according to capacity. Clearing and insurance policies. PERSONAL HOBBY Watch movies, read books, follow and learn new technologies. Powered by TCPDF (www.tcpdf.org)",
  "educations": [
    {
      "id": 5058,
      "gpa": null,
      "major": null,
      "school": "Hanoi University of Science and Technology (HUST).",
      "diploma": "Bachelors",
      "end_time": "2016-01-01T00:00:00Z",
      "conf_score": 0.7411424838253973,
      "start_time": "2011-01-01T00:00:00Z",
      "picklist_major": "Other",
      "major categories": "",
      "major_categories_detail": ""
    }
  ],
  "experiences": [
    {
      "id": 16920,
      "detail": "- Analyzing requirements, programming applications on Android platform.- Build code-base Android, React native.- Working with AEON customers,...Also involved in developing freelance applications (Android).",
      "company": "Tinhvan Outsourcing HCM Company",
      "end_time": "2019-01-31T00:00:00Z",
      "industry": "Other",
      "position": "programmer",
      "conf_score": 0.873866977543044,
      "start_time": "2018-01-01T00:00:00Z"
    },
    {
      "id": 16923,
      "detail": "- Analyzing requirements, designing software, processing feedback according to customers' requests- Application development for android platform.- Guide and support students to practice.- Manage progress, write project documents, plan,...- Working with Japanese customers, Viettel, Toyota,...",
      "company": "MQ ICT Solutions HN company",
      "end_time": "2018-01-31T00:00:00Z",
      "industry": "High Technology",
      "position": "Android programmer",
      "conf_score": 0.9174119757898835,
      "start_time": "2016-01-01T00:00:00Z"
    },
    {
      "id": 16924,
      "detail": "evelop ideas, build and design functions, interfaces for applications according to ideas or follow customer requirements, maintain applications on store.",
      "company": "HN Amobi startup company",
      "end_time": "2016-01-31T00:00:00Z",
      "industry": "Other",
      "position": "Windows Phone programmer",
      "conf_score": 0.9196644732941818,
      "start_time": "2015-01-01T00:00:00Z"
    }
  ],
  "address": "Tan Binh - Ho Chi Minh"
}