{
  "skills": [
    "search",
    "studio",
    "neo4j",
    "java",
    "git",
    "sonarqube",
    "agile",
    "c++",
    "algorithm",
    "Internet",
    "jira",
    "structure",
    "full stack development",
    "java language",
    "insurance",
    "entity framework",
    "jquery",
    "angular",
    "microsoft",
    "unit test",
    "sql",
    "uml",
    "visual studio",
    "c#",
    "stack",
    "bug fixing",
    "javascript",
    "oop",
    "sql database",
    "database",
    "banking",
    "communication network",
    "mvc",
    "rest",
    "identity",
    "data structure",
    "redmine",
    "asp"
  ],
  "fulltext": "CURRICULUM VITAE NGUYEN THANH PIN Email : goldenpoy95@gmail.com Phone : +84 906901419 Technical Skills OS Windows Programming languages ​​C#, Java, JavaScript, basic C++. Database SQL Server 2008, 2012 Communication & Networks HTTP, HTTPS, SOAP, REST Frameworks & Libraries & Services - Angular 2+ - ASP.NET MVC, ASP.NET Web API, ASP.NET Identity, Entity Framework. - .Net Core - JQuery Methodologies & Tools - Methodologies: UML, OOP, SOLID and Agile methodologies (scrum) - Tools: Redmine, JIRA, TFS (bug tracking), Confluence (documentation), TFS & GIT (source control), Sonarqube & Jenskin (continuous code quality and deployment), Visual Studio (IDE) Skill Summary A full-stack developer, strong at Microsoft technologies and Angular 2+ framework for Front-end. Good aware of clean code, coding refactoring, unit test and mocks Experience with Scrum methodologies. Skillful with solving algorithm and data structure problems. Working experience Company AS White Global Duration Oct-2016 - Aug-2017 Project Description Project of insurance: patients can search their information, medical records, how they can claim treatment costs. They can export medical record file in pdf basing on the information that they import. Project Technology Microsoft Technologies, Angular 2+, Sql server, Web Api My Position Junior Developer My Responsibility Make the detailed designs for assigned tasks Create detail design, code, code review Implement unit test Incident and bug fixing Priority tasks in detail, support junior Dev to cover come their issues. Company Ifinancial Duration Nov-2017 - Aug-2018 Project Description Bank project: implement some functions such as: transfer money, withdraw money, internet banking service. Project Technology .NET Application, .NET 4.0, ASP.MVC, SQL Server 2005/2008/2012 My Position Software Engineer My Responsibility Write code based on detailed designs and Functional/Requirement Specifications Perform full unit test on the assigned tasks Create detail design, code, unit test, code review Implement unit test Incident and bug fixing Priority tasks in detail, support junior Dev to cover come their issues. Company NASHTECH Duration Sep-2018 - May-2019 Project Description Build up community between supplier and buyer: implement some functions such as: search suppliers and filter result of searching, build questionnaire system for supplier. Project Technology Angular 2+, Neo4j, .Net Core My Position Software Engineer My Responsibility Write code based on detailed assigned designs and Functional/Requirement Specifications Perform full unit test on the tasks Create detail design, code, unit test, code review Implement unit test Incident and bug fixing Priority tasks in detail, support junior Dev to cover come their issues. Education, Qualifications and Special Achievements Major University & College Graduated Year Software Engineering VNUHCM-University of Science 2016 Powered by TCPDF (www.tcpdf.org)",
  "educations": [
    {
      "id": 5056,
      "gpa": null,
      "major": "Software technology",
      "school": "VNUHCM - University of Science",
      "diploma": "Bachelors",
      "end_time": "2016-01-01T00:00:00Z",
      "conf_score": 0.8560221386089774,
      "start_time": null,
      "picklist_major": "IT - Hardware/Networking",
      "major categories": "Computer and information technology",
      "major_categories_detail": "Computer"
    }
  ],
  "experiences": [
    {
      "id": 16921,
      "detail": "Responsibility Write code based on detailed designs andFunctional/Requirement Specifications Perform full unit test on the assigned tasks Create detail design, code, unit test, code review Implement unit test Incident and bug fixing Priority tasks in detail, support Dev to cover come their issues junior .",
      "company": "NASHTECH",
      "end_time": "2019-05-31T00:00:00Z",
      "industry": "High Technology",
      "position": "Software Engineer",
      "conf_score": 0.9267461044478271,
      "start_time": "2018-09-01T00:00:00Z"
    }
  ],
  "address": null
}