{
  "skills": [
    "recruitment",
    "digital marketing",
    "class",
    "human resources",
    "analyst",
    "finance",
    "marketing",
    "cb",
    "math",
    "analysis",
    "le",
    "machine learning",
    "physic",
    "business analyst"
  ],
  "fulltext": "CURRICULUM VITAE LE THI MY NGOC (MARILYN LE)CONTACT INFORMATION - Contact address: Binh Thanh District, Ho Chi Minh City - Email address: lethimyngoc.ngoc@gmail.com - Mobile phone: 0342343513 - Date of birth : May 20th, 1993 WORK EXPERIENCES 3. CB/I Digital (www.cbidigital.com) 03.2018-now Position: Business Analyst - Create flow work, rule base, logic for software - Optimize conversion by UI, UX analysis report - Create project document, wireframe - Run Machine Learning class 2. DHL ecommerce (www.logistics.dhl) 04.2017-03.2018 DHL eCommerce is a branch of DHL Vietnam, established in 2017. Position: Transport support - Set up for many processes, report to improve transport service quality. - Set up and manage LEL return project, made DHL the best service in this segment. - Manage 2w pick up team: recruit, maintain, planning, training, control KPI - Manage company member to reach exact report on new tool. - Judge quality of vendors 1. Officience (www.officience.com) 02.2016-05.2017 - Collect data and input in various tools. I always got 120% KPI as a data analyst. ADDITIONAL WORKING EXPERIENCES 1. Not lang NGO (www.notlang.org) - Head of HR team 09.2013 - now Found in 2008, Not lang is a charity organization in education supporting poor children. Position: Leader of HR team Organize the Teambuilding and connecting members activities: Plan for annual schedule; Recruitment member and coordinator human resource for project Recruitment; Holding the meeting and Training. Leader of HR team for Sharing party 3rd A night donate party, Sharing melody 17th Raising life skill, donate for poor children education, 2. VIETMEDBANK Project Head of finance 12.2015 3. Vexere.com (www.vexere.com) Digital Marketing Internship 05 -12.2013 4. Life skill club (www.kynangsong.org) Head of logistics 01.2013-12.2013 EDUCATION Foreign Trade University Major: External Trade Major 2012-2016 Luong Van Chanh High school for the gifted Major: Math 2008-2011 ACHIEVEMENTS AND ADDITIONAL EXPERIENCES Awards received: annual awards for best excellent student of Phu Yen from 2000-2011, the second awards for Physics 2007.",
  "educations": [
    {
      "id": 5051,
      "gpa": null,
      "major": "External Trade",
      "school": "Luong Van Chanh High school for the gifted",
      "diploma": "Other",
      "end_time": "2016-01-01T00:00:00Z",
      "conf_score": 0.8363126073448006,
      "start_time": "2012-01-01T00:00:00Z",
      "picklist_major": "Other",
      "major categories": "",
      "major_categories_detail": ""
    }
  ],
  "experiences": [
    {
      "id": 16893,
      "detail": "Create flow work, rule base, logic for software- Optimize conversion by UI, UX analysis report- Create project document, wireframe- Run Machine Learning class",
      "company": "CB/I Digital (www.cbidigital.com)",
      "end_time": "2023-04-13T00:00:00Z",
      "industry": "High Technology",
      "position": "Business Analyst",
      "conf_score": 0.8419444093952894,
      "start_time": "2018-03-01T00:00:00Z"
    },
    {
      "id": 16894,
      "detail": "Organize the Teambuilding and connecting members activities: Plan for annual schedule;Recruitment member and coordinator human resource for project; Holding the meeting andTraining.",
      "company": "Not long",
      "end_time": "2023-04-13T00:00:00Z",
      "industry": "Other",
      "position": "Head of HR team",
      "conf_score": 0.8737546908231326,
      "start_time": "2013-09-01T00:00:00Z"
    },
    {
      "id": 16895,
      "detail": "Set up for many processes, report to improve transport service quality.- Set up and manage LEL return project, made DHL the best service in this segment.- Manage 2w pick up team: recruit, maintain, planning, training, control KPI - Manage company member to reach exact report on new tool.- Judge quality of vendors",
      "company": "DHL ecommerce (www.logistics.dhl)",
      "end_time": "2018-03-31T00:00:00Z",
      "industry": "Trade",
      "position": "Transport support",
      "conf_score": 0.9324278093306512,
      "start_time": "2017-04-01T00:00:00Z"
    },
    {
      "id": 16896,
      "detail": "Collect data and input in various tools. I always got 120% KPI as a data analyst.",
      "company": "Officience (www.officience.com",
      "end_time": "2017-05-31T00:00:00Z",
      "industry": "Other",
      "position": null,
      "conf_score": 0.7050867654707917,
      "start_time": "2016-02-01T00:00:00Z"
    },
    {
      "id": 16897,
      "detail": "object - Head of finance 12.2015 3. Vexere.com (www.vexere.com) - Digital Marketing Internship 05/12/2013 4. Life skill club (www.kynan",
      "company": "Life skill club",
      "end_time": "2013-12-31T00:00:00Z",
      "industry": "Insurance",
      "position": "Head of logistics",
      "conf_score": 0.8148511321277944,
      "start_time": "2013-01-01T00:00:00Z"
    }
  ],
  "address": "Binh Thanh District, Ho Chi Minh City"
}