{
  "skills": [
    "ams",
    "hard working",
    "bidding",
    "recruitment",
    "product advertising",
    "contract management",
    "management",
    "marketing",
    "le",
    "communication skills"
  ],
  "fulltext": "TRAN THI THU HIEN Date of birth: 03/01/1994 Gender: Female Phone: 0902543942 Email: Tranhien7633@gmail.com Address: Binh Thanh District, Ho Chi Minh City EDUCATION 09/2012 - 09/2016 Ho Chi Minh City University of Law Major: Law Degree classification: Good Score: 7.38 HONORS 2015 - 2016 Department's Scholarships for excellent students of Ho Chi Minh City University of Law 2018 Excellent staff of SaiGonXanh Construction and Interior Decoration Corporation WORK EXPERIENCE 2015 2019 Marketing Online Staff - Write and upload product advertising post via Facebook, Forum, Google, Web, .. - Advertising for products on Facebook, Google - Develop a short-term advertising plan 12/2017 04/2019 SaiGonXanh Construction and Interior Decoration Corporation - Negotiate terms and conditions that protect the best interest of SaiGonXanh. Negotiate liability terms, special stocking arrangements, and other agreements that are outside of standard SaiGonXanh terms and conditions. - Contract management. - Study/check bidding document/proposal. - Participating in all bidding processes of the Company. - Plan and prepare bidding documents. - Advise the Executive Committee, Divisions/ Departments on legal implications of internal policies and procedures. - Perform a variety of tasks. A wide degree of creativity and latitude is expected. 2017 - October 2017 Manufacturing trade and services Thanh Loi CO.,LTD - Contract management. - Advise the Executive Committee, Divisions/ Departments on legal implications of internal policies and procedures. - Understand Business Units personnel requirements and pro-actively provide recruitment services for diverse positions, from high priority to manager or staff-level. - Manage companies recruitment process. - Assist in processing product registration, advertising license, promotional activity license etc. - Perform other tasks assigned by Chief Executive Officer. SKILLS - Confident, outgoing and career oriented with good interpersonal and communication skills. - Positive, can do attitude and able to work under pressure. - Hard working, open and willing to learn new things. - Honest, high-compliance mindset, high integrity, patient, detailed oriented. - Adapt to changes quickly. - Be able to interact and partner with various departments. - Be able to work independently or under less supervision. OBJECTIVES I am currently seeking a full time position in an environment that offers a greater challenge, increased benefits for my family, and the opportunity to help the company thrive and be effective",
  "educations": [
    {
      "id": 5061,
      "gpa": "7.38",
      "major": "The law",
      "school": "Ho Chi Minh City University of Law",
      "diploma": "Bachelors",
      "end_time": "2016-09-01T00:00:00Z",
      "conf_score": 0.871682332997424,
      "start_time": "2012-09-01T00:00:00Z",
      "picklist_major": "Legal",
      "major categories": "Law",
      "major_categories_detail": "The law"
    }
  ],
  "experiences": [
    {
      "id": 16932,
      "detail": "- Negotiate terms and conditions that protect the best interest of SaiGonXanh. Negotiate liability terms, special stocking arrangements, and other agreements that are outside of standard SaiGonXanh terms and conditions.- Contract management.- Study/check bidding document/ proposal.- Participating in all bidding processes of the Company. - Plan and prepare bidding documents.- Advise the Executive Committee, Divisions/ Departments on legal implications of internal policies and procedures.- Perform a variety of tasks. A wide degree of creativity and latitude is expected.",
      "company": "SaiGonXanh Construction and Interior Decoration Corporation",
      "end_time": "2019-04-30T00:00:00Z",
      "industry": "Other",
      "position": null,
      "conf_score": 0.8086621310791741,
      "start_time": "2017-12-01T00:00:00Z"
    },
    {
      "id": 16934,
      "detail": "- Write and upload product advertising post via Facebook, Forum, Google, Web, .. - Advertising for products on Facebook, Google - Develop a short-term advertising plan",
      "company": null,
      "end_time": "2019-01-31T00:00:00Z",
      "industry": "Other",
      "position": "Marketing Online Staff",
      "conf_score": 0.8086621310791741,
      "start_time": "2015-01-01T00:00:00Z"
    },
    {
      "id": 16936,
      "detail": "- Contract management.- Advise the Executive Committee, Divisions/ Departments on legal implications of internal policies and procedures.- Understand Business Units personnel requirements and pro-actively provide recruitment services for diverse positions, from high priority to manager or staff-level.- Manage companys recruitment process.- Assist in processing product registration, advertising license, promotional activity license etc.- Perform other tasks assigned by Chief Executive Officer.",
      "company": "Manufacturing trade and services Thanh Loi CO.,LTD",
      "end_time": "2017-10-31T00:00:00Z",
      "industry": "Other",
      "position": null,
      "conf_score": 0.8086621310791741,
      "start_time": "2017-01-01T00:00:00Z"
    }
  ],
  "address": "Binh Thanh District, Ho Chi Minh City"
}