{
  "skills": [
    "stack",
    "angular",
    "css3",
    "online games",
    "payment",
    "javascript",
    "ams",
    "c#",
    "knockoutjs",
    "mongodb",
    "rest",
    "management",
    "studio",
    "soapui",
    "object oriented",
    "mobile service",
    "jquery",
    "git",
    "elasticsearch",
    "oracle service bus",
    "svn",
    "html5",
    "redis",
    "typescript",
    "rabbitmq",
    "mysql",
    "service bus",
    "insurance",
    "asp",
    "cache",
    "activemq",
    "kendo ui",
    "website development",
    "sql",
    "mobile communication system",
    "visual studio",
    "software development",
    "mvc",
    "short message service",
    "mysql workbench",
    "oracle",
    "database",
    "angular 2",
    "protocol",
    "hibernate",
    "wcf",
    "communication protocol",
    "php",
    "sql server",
    "workbench",
    "html"
  ],
  "fulltext": "General infoDate of BirthMay 21st, 1989GenderFemaleEmailnnlandai89@gmail.comMobile0903.886.637AddressPhan Huy Ich Street, Tan Binh District, HCM CityNGUYEN NGOC LAN DAIAcademic Qualifications2007-2011Graduate with Engineer Information Technology,University of Saigon, career focused software development.Hi, I am a passionate , highly enthusiastic Coding. Have strong desire for knowledge and challenges. Activelyinvolved with the latest technologyand updates in the web developmentfield. A fast learner who picks up newskills quickly. Self-educated and self-motivated person.Think out of the obvious.Working Experiences2018 - Present Work as Seninor .Net developer at AsWhite Global company08-2018 - Present2017- 2018On site Phnom Penh, Cambodia as Senior Software Engineer04-2017 - 05-20182016 - 2017Work as Fullstack .Net developer at Haravan company02-2016 - 03-20172014 - 2016Work as Fullstack .Net developer at Mecorp company02-2014 - 02-20162011 - 2014Work as Full-stack .Net developer at FPT Online Service Joint09-2011 - 07- 2014Stock company.Interests and HobbiesCodingReadingMusicTravelingPhotographyGuitarTaken ProjectsPivotal Project: It is the claim management in insurance for the EML client.A ResponsibilitiesCoding and analyzing on each ticket in project with description document related.Technologies used in projectMS Sql server, .Net framwork, .Net Core 2.0, IdentityServer 4, Kendo UI, TypescriptSkillASP.NetOPHPC#CSS3HTML5JavascriptOJqueryOAngular 2NodeJsGITSVNKnockoutJSMS SQL, MySQL, MongoDB,Elasticsearch, Redis cacheObject - Oriented MethodologyMVC, Hibernate, Activemq, Rabbitmq,SMPP, OSBVisual Studio, Eclipse, ProjectHarbomonchUI, NetBean,Soap It is a product to provide ecommerce websiteA Responsibilities:Coding and analyzing assigned modules in projects inventory, harapage, checkout,shipment, product, blog, feedback..Technologies used in projectMySQL, .Net, Rest API, Mongodb, RabbitMQ, Redis cache, Elasticsearch ,KnockoutJS, NodeJs, Jquery, Facebook API, Google API.Payment Gateway project:This project integrates multiple web services into one single line.A Responsibilities:Researching, integrating, developingTechnologies used in projectWeblogic, Oracle Service Bus, Oracle databasePay.vnexpress.net Project :- Selling card services: Mobile, Game online- Recharge of mobile, online game- Payment of bill: ADSL, electricity, waterA Responsibilities:Coding and managing this page (web, services, modules of management).ATechnologies used in project.Net, WCF, MS SQL Server, HTML, Javascript, JqueryTienich.senpay.vn project:- Recharge of mobile, online game- Payment of bill: ADSL, electricity, waterA Responsibilities:Coding and managing this page (web, services, modules of management)Technologies used in project.Net, WCF, MS SQL Server, HTML, Javascript, JquerySMS project:Short Message Service (SMS) is a text messaging service component of phone, Web,or mobile communication systems. It uses standardized communication protocols toallow fixed line or mobile phone devices to exchange short textA responsibilities:Coding and analyzing assigned modules in projects inventory, harapage, checkout,shipment, product, blog, feedback...Technologies used in projectMySQL, .Net, Rest API , Mongodb, RabbitMQ, Redis cache, Elasticsearch,KnockoutJS, NodeJs, Jquery, Facebook API, Google API.",
  "educations": [
    {
      "id": 5059,
      "gpa": null,
      "major": "software development",
      "school": "University of Saigon",
      "diploma": "Bachelors",
      "end_time": "2011-01-01T00:00:00Z",
      "conf_score": 0.856152147217794,
      "start_time": "2007-01-01T00:00:00Z",
      "picklist_major": "Other",
      "major categories": "",
      "major_categories_detail": ""
    }
  ],
  "experiences": [
    {
      "id": 16925,
      "detail": "",
      "company": "AsWhite Global company",
      "end_time": "2023-04-13T00:00:00Z",
      "industry": "Other",
      "position": "Senior .Net developer",
      "conf_score": 0.8986552717623872,
      "start_time": "2018-08-01T00:00:00Z"
    },
    {
      "id": 16926,
      "detail": "On site Phnom Penh, Cambodia as SO",
      "company": "AsWhite Global company",
      "end_time": "2018-05-31T00:00:00Z",
      "industry": "Other",
      "position": "Senior Software Engineer",
      "conf_score": 0.812521686866795,
      "start_time": "2017-04-01T00:00:00Z"
    },
    {
      "id": 16927,
      "detail": "",
      "company": "Haravan company",
      "end_time": "2017-01-31T00:00:00Z",
      "industry": "Other",
      "position": "Fullstack .Net developer",
      "conf_score": 0.7851615749618549,
      "start_time": "2016-02-01T00:00:00Z"
    },
    {
      "id": 16928,
      "detail": "",
      "company": "Mecorp company",
      "end_time": "2016-01-31T00:00:00Z",
      "industry": "Other",
      "position": "Fullstack .Net developer",
      "conf_score": 0.8455444434232338,
      "start_time": "2014-02-01T00:00:00Z"
    },
    {
      "id": 16929,
      "detail": "",
      "company": "FPT Online Service Joint",
      "end_time": "2014-01-31T00:00:00Z",
      "industry": "High Technology",
      "position": "Full - stack .Net developer",
      "conf_score": 0.7851615749618549,
      "start_time": "2011-09-01T00:00:00Z"
    }
  ],
  "address": "Phan Huy Ich Street, Tan Binh District, Hcm City"
}