{
  "skills": [
    "digital marketing",
    "crm",
    "marketing",
    "call center",
    "sales",
    "management",
    "studio",
    "crm system",
    "sql database",
    "enterprise",
    "object oriented",
    "human resources",
    "finance",
    "atlassian jira",
    "structure",
    "analysis",
    "trello",
    "business analyst",
    "kanban",
    "data structure",
    "algorithm",
    "sql",
    "accounting",
    "jira",
    "visual studio",
    "testing",
    "microsoft",
    "uml",
    "database",
    "clarify",
    "analyst",
    "product management",
    "power management",
    "enterprise resource management",
    "enterprise resources"
  ],
  "fulltext": "NGUYEN TUAN DUC (Mr.) IT BUSINESS ANALYST ABOUT ME Never hesitate to work hard to get more experiences and try my best to contribute to the companys success. Approach and contribute knowledge with colleagues. Research and discover new related technologies. Operate and release new function with having good UX-UI and behavior user. Analyst, evaluate with stakeholders in order to consult to stakeholders by suitable solutions. My career path is to become an IT Business Analyst expert in field of software technology and relevant softwares solution Mail: duc.ntuan@gmail.com Phone: 090 6859 322 Add: District 7, HCMC SPECIAL KNOWLEDGE Object Oriented Programming Algorithm and Data structure Analysis and Design Information Systems, UML. SQL Database Server Management Power Design Tool, Axure, Visual Studio, Visio, Mockup Balamiq. WORKING EXPERIENCE October, 2018 until now: Easy Credit VN Position: IT Business Analyst Key task: Receive, collect, requirement, relevant document. Provide neccessary information to departments, staff which related to individual task. Synchronize and standardize document systems. Analyst, evaluate, clarify, summarize requirement to consult suitable solution to stakeholder when merging between business language and technical language. Connect and integrate API between company system and 3rd parties system. Operate Kanban and Scrum methodologies into team-work Follow and update working process, project progress to PM, Stakeholder. Organize demo for every big module/function in while project progress. Join verification output/result testing before releasing to stakeholder/user/etc/ Finished projects: Document Management System, Reconciliation Management Portal, Dev Portal, Call Center Management, Credit Expert System. March, 2017 to May, 2018: Sendo Technology JSC Position: Business Analyst and Product Owner. Key task: Receive, collect and handle requirement document. Synchronize and standardize document systems. Find out solution and consultant to customer, stakeholder. Analyst, modeling, consultant business solution, back-end data function by oriented CRM Build and develop tools applied Odoo: product management, config data tools. Research new technology: Progressive Web Apps. Operate simple Kanban, Scrum. Use Atlassian JIRA, Atlassian Confluence, Trello management. Finished projects: Digital marketing tool, CRM system, Product management. January, 2016 to February, 2017: Mat Bao Corp. Position: Business Analyst Key task: Analyst system document and analyst specific document. Researching about O-doo, WHMCS. Build document system. Analyst, modeling, clerify requirement. Receive requirement from stakeholder. Finished projects: Enterprise resource management (ERM), CRM for Human Resource, Tele-sale management. April, 2015 to December, 2015: TAA Corp. Position: Developer, Business Analyst Key task: EDUCATION 9/2011 12/2013: Graduating in NIIT Indian Academy Diploma NIIT Major: Software Engineer September 2012 7/2016: Graduating in Ho Chi Minh University Food Industry Diploma IT Major: Software Technology Engineer 2013: Microsoft Office Word Champion Specialist prize Joined all project which specialized in coding, deploying product of ERP solution Management Software Pharmacy Company: Accounting and Finance, Sale, Inventory stock. Management Software Dong Nai Pharmacy Company, modules include: Accounting and Finance, Sale and Purchase, Inventory stock. Using data queries. Build document system. THANK YOU FOR YOUR ATTENTION! THE END",
  "educations": [
    {
      "id": 5066,
      "gpa": null,
      "major": "Software Technology Engineer",
      "school": "Ho Chi Minh University Food Industry",
      "diploma": "Bachelors",
      "end_time": "2016-07-01T00:00:00Z",
      "conf_score": 0.8169468421241411,
      "start_time": "2013-01-01T00:00:00Z",
      "picklist_major": "Other",
      "major categories": "",
      "major_categories_detail": ""
    },
    {
      "id": 5065,
      "gpa": null,
      "major": "Software Engineer",
      "school": "NIIT Indian Academy",
      "diploma": "Bachelors",
      "end_time": "2013-12-01T00:00:00Z",
      "conf_score": 0.8450321157994498,
      "start_time": "2011-09-01T00:00:00Z",
      "picklist_major": "Other",
      "major categories": "",
      "major_categories_detail": ""
    }
  ],
  "experiences": [
    {
      "id": 16943,
      "detail": "Key task: Receive, collect, requirement, relevant document. Provide neccessary information to departments, staff which related to individual task. Synchronize and standardize document systems. Analyst, evaluate, clarify, summarize requirement to consult suitable solution to stakeholder when merging between business language and technical language. Connect and integrate API between company system and 3rd parties system. Operate Kanban and Scrum methodologies into team-work Follow and update working process, project progress to PM, Stakeholder. Organize demo for every big module/function in while project progress. Join verification output/result testing before releasing to stakeholder/user/etc/ Finished projects:Document Management System, Reconciliation Management Portal, Dev Portal, Call Center Management, Credit Expert System.",
      "company": "Easy Credit VN",
      "end_time": "2023-04-13T00:00:00Z",
      "industry": "Non-banking",
      "position": "IT Business Analyst",
      "conf_score": 0.927534511994587,
      "start_time": "2018-10-01T00:00:00Z"
    },
    {
      "id": 16944,
      "detail": ". Key task: Receive, collect and handle requirement document. Synchronize and standardize document systems. Find out solution and consultant to customer, stakeholder. Analyst, modeling, consultant business solution, back-end data function by oriented CRM Build and develop tools applied Odoo: product management, config data tools. Research new technology: Progressive Web Apps. Operate simple Kanban, Scrum. Use Atlassian JIRA, Atlassian Confluence, Trello management. Finished projects: Digital marketing tool, CRM system, Product management.",
      "company": "Sendo Technology JSC",
      "end_time": "2018-05-31T00:00:00Z",
      "industry": "High Technology",
      "position": "Business Analyst and Product Owner",
      "conf_score": 0.9322417890162169,
      "start_time": "2017-03-01T00:00:00Z"
    },
    {
      "id": 16945,
      "detail": "Key task: Analyst system document and analysis specific document. Researching about O-doo, WHMCS. Build document system. Analyst, modeling, clerify requirement. Receive requirement from stakeholder. Finished projects: Enterprise resource management (ERM), CRM for Human Resource, Tele-sale management.",
      "company": "Mat Bao Corp.",
      "end_time": "2017-02-28T00:00:00Z",
      "industry": "Other",
      "position": "Business Analyst",
      "conf_score": 0.9192695851062699,
      "start_time": "2016-01-01T00:00:00Z"
    },
    {
      "id": 16946,
      "detail": "Key task: Joined all project which specialized in coding, deploying product of ERP solution Management Software Pharmacy Company: Accounting andFinance, Sale, Inventory stock. Management Software Dong Nai Pharmacy Company, modules include: Accounting and Finance, Sale and Purchase, Inventory stock. Using data queries. Build document system.",
      "company": "TAA Corp.",
      "end_time": "2015-12-31T00:00:00Z",
      "industry": "Other",
      "position": "Developer, Business Analyst",
      "conf_score": 0.9192695851062699,
      "start_time": "2015-04-01T00:00:00Z"
    }
  ],
  "address": "District 7, Ho Chi Minh City"
}