{
  "skills": [
    "talent management",
    "payment",
    "analytics",
    "iodine",
    "machine learning",
    "reporting and analysis",
    "management",
    "mobile network",
    "market research",
    "analysis",
    "structure",
    "team management",
    "search",
    "algorithm",
    "oop",
    "competitor analysis",
    "software development",
    "testing",
    "google analytics",
    "hacking",
    "database",
    "redmine",
    "google maps"
  ],
  "fulltext": "Ho Chi Minh+66 968 579 446ducnguyenhuynh90@gmail.com linkedin.com/in/nguyenhuynhducDavid NguyenProduct Manager at Asia InnovationsSummary Summary 1st job (Top Music Website): Top Employee of The Year: Help company growth hack by Google Adwords with300k daily traffic more .2nd job (Best Delivery For Ecommerce): Lead product team with good roadmap help company save 1 milliondollar/month. Promote to head of product.3rd job: Lead an international product with big impact. Work with investor and ceo for product strategy forVietnam.Education: Scholarship to Ajou University: Made Smart-Chair IoT, Predicted Breast Cancer Model 98%(Machine Learning),...Work experienceWork experience Product Manager2016-01 - NOWAsia Innovations GroupBuilt Product Roadmap and report for CEO and investor. Write product spec, wireframe and trackingperformance of new feature. Designed and commissioned market research that produced data used to setproduct direction. Lead weekly sprints._ Uplive (Livestream App)Defined important metric to track and analysis which help prioritize and improve product backlog.Increased customer retention by 30% by redesigning Welcome screen: suggest user to follow the hottest idols,then the user receives notification for the app.Optimized landing page UX to increase conversion rate to 35%.Integrated with payment partner have higher success rate help revenue increase 50%.Recalculated pricing structure helped increase margin and revenue._ FunPepper.com (Viral Quizzes)Product Backlog management and Prioritizing User Stories using RedmineHold daily Scrum and Backlog groomingCreated user stories and working with UI/UX designers for product featuresDefined short and long-term product vision and communicate it to the development team and stakeholdersBased on viral quizzes of a competitor and our own team, define patterns that help the quizzes went viralagain. Used A/B testing to test different UI helped increase share rate and user experience.Prepared ad hoc reporting and analysis metrics for the management team.Product Manager2015-01 - 2016-01Giaohangnhanh. vn - Best Delivery EcommerceLead 2 core products: Delivery system and Customer Happiness System. Define process and improveoperation by metrics. Competitor Analysis and Product Strategy Deliver great feature with team help savemillion dollars.2013-01 - 2015-01_ On Demand Delivery (New Services): Uber for delivery projectCalculated Feasibility of Project, Time to launch, Cost and Return on Invest.Reviewed 150K record of delivery address, using Google Map API to calculate Avg amount orders, estimateAvg salary of a delivery man.Result: Avg salary is low the and we will have a big receive. Service will be ready after one more year._ Quality Ontime delivery system:Improved Ontime service rate from 46% to 99%. Added group detail tracking.Added 10 metrics tracking breakdown by stations, by fail reason, area, client, Operation fixes top 10 reasonsthat we can control and simplify the process, cut cost by cut complex wasted step.Result: Ontime service reaches 99% in 3 continuous months. Save millions dollar monthly.Product LeaderNCT Corporation - Top Music WebsiteManagement Trainee at (7 months) Studied about company structure, operation, and music industry.Reviewed all function of company product, researched about competitors and gave an action plan to improvethe product.Promoted to Product Leader, Managed a team working on data and function of website NhacCuaTui.com tomake customer happier.My Standout Projects:+ Produced best Music Search Tool: improve search ranking algorithm Reviewed quality search feature base on Google Analytics: 20% can't find their result on the first page.Defined: Algorithm picks the most click result history data, suggest on the top automatically.Result: improved over 90% of users can find the song they want in first page.+ Made algorithm remove cheater in Leaderboard Ranking: Defined new Algorithm: A song ranking formula by Facebook like/view, time(newer is better), remove under 10second view.Result: Leaderboard increase 27% view, automatic remove cheater, promote new talent artist2018 - 20182008 - 20122010 - 2010Ajou University - ICT Global ProgramMachine Learning, IoT, Big Data, Mobile Network, and technology business.Bachelor of Computer Science - University of Science Ho Chi MinhAlgorithm, Database, OOP Programming, Software Development.Developing Innovative Idea for New Companies - CourseraTalent Management Team - AIESECEducation Education",
  "educations": [
    {
      "id": 5075,
      "gpa": null,
      "major": "Engineering technology of building materials",
      "school": "Ajou University",
      "diploma": "Bachelors",
      "end_time": "2018-01-01T00:00:00Z",
      "conf_score": 0.7968341985623422,
      "start_time": "2018-01-01T00:00:00Z",
      "picklist_major": "Technical",
      "major categories": "Technology",
      "major_categories_detail": "Architectural and construction engineering technology"
    },
    {
      "id": 5076,
      "gpa": null,
      "major": "Computer science",
      "school": "University of Science Ho Chi Minh",
      "diploma": "Bachelors",
      "end_time": "2012-01-01T00:00:00Z",
      "conf_score": 0.8298522713442309,
      "start_time": "2008-01-01T00:00:00Z",
      "picklist_major": "IT - Hardware/Networking",
      "major categories": "Computer and information technology",
      "major_categories_detail": "Computer"
    }
  ],
  "experiences": [
    {
      "id": 16974,
      "detail": "uilt Product Roadmap and report for CEO and investor. Write product spec, wireframe and tracking performance of new feature. Designed and commissioned market research that produced data used to set product direction. Lead weekly sprints._ Uplive (Livestream App) Defined important metric to track and analysis which help prioritize and improve product backlog.Increased customer retention by 30% by redesigning Welcome screen: suggest user to follow the hottest idols, then the user receives notification for the app.Optimized landing page UX to increase conversion rate to 35%. Integrated with payment partner have higher success rate help revenue increase 50%. Recalculated pricing structure helped increase margin and revenue._ FunPepper.com (Viral Quizzes) Product Backlog management and Prioritizing User Stories using Redmine Hold daily Scrum and Backlog groomingCreated user stories and working with UI/UX designers for product featuresDefined short and long-term product vision and communicate it to the development team and stakeholdersBased on viral quizzes of a competitor and our own team, define patterns that help the quizzes went viral again.Used A/B testing to test different UI helped increase share rate and user experience.Prepared ad hoc reporting and analysis metrics for the management team.",
      "company": "Asia Innovations Group",
      "end_time": "2023-04-13T00:00:00Z",
      "industry": "Other",
      "position": "Product Manager",
      "conf_score": 0.9164993257908443,
      "start_time": "2016-01-01T00:00:00Z"
    },
    {
      "id": 16975,
      "detail": "est Delivery Ecommerce Lead 2 core products: Delivery system and Customer Happiness System. Define process and improve operation by metrics. Competitor Analysis and Product Strategy Deliver great feature with team help save million dollars._ On Demand Delivery (New Services): Uber for delivery projectCalculated Feasibility of Project, Time to launch, Cost and Return on Invest. Reviewed 150K record of delivery address, using Google Map API to calculate Avg amount orders, estimateAvg salary of a delivery man.Result: Avg salary is low the and we will have a big receive. Service will be ready after one more year._ Quality Ontime delivery system:Improved Ontime service rate from 46% to 99%. Added group detail tracking.Added 10 metrics tracking breakdown by stations, by fail reason, area, client,... Operation fixes top 10 reasons that we can control and simplify the process, cut cost by cut complex wasted step.Result: Ontime service reaches 99% in 3 continuous months. Save millions of dollars monthly.",
      "company": "Giaohangnhanh. VN",
      "end_time": "2016-01-31T00:00:00Z",
      "industry": "Transportation & Logistics",
      "position": "Product Manager",
      "conf_score": 0.9174648511369632,
      "start_time": "2015-01-01T00:00:00Z"
    },
    {
      "id": 16976,
      "detail": "agement Trainee at (7 months) Studied about company structure, operation, and music industry.Reviewed all function of company product, researched about competitors and gave an action plan to improve the product.Promoted to Product Leader, Managed a team working on data and function of website NhacCuaTui.com to make customer happier.My Standout Projects: + Produced best Music Search Tool: improve search ranking algorithmReviewed quality search feature base on Google Analytics: 20% can't find their result on the first page.Defined: Algorithm picks the most click result history data, suggest on the top automatically.Result: improved over 90% of users can find the song they want in first page.+ Made algorithm remove cheater in Leaderboard Ranking: Defined new Algorithm: A song ranking formula by Facebook like/view, time(newer is better), remove under 10 second view.Result: Leaderboard increase 27% view, automatic remove cheater, promote new talent artist",
      "company": "NCT Corporation - Top Music Website",
      "end_time": "2015-01-31T00:00:00Z",
      "industry": "Other",
      "position": "Product Leader",
      "conf_score": 0.9174648511369632,
      "start_time": "2013-01-01T00:00:00Z"
    },
    {
      "id": 16977,
      "detail": "Developing Innovative Idea for New Companies - Coursera",
      "company": "AIESEC",
      "end_time": "2010-01-31T00:00:00Z",
      "industry": "Other",
      "position": "Talent Management Team",
      "conf_score": 0.7897513794629749,
      "start_time": "2010-01-01T00:00:00Z"
    }
  ],
  "address": "Ho Chi"
}