{
  "skills": [
    "recruitment",
    "database",
    "payment",
    "human resources",
    "teamwork",
    "Kaizen",
    "iso",
    "implementation",
    "problem solving",
    "microsoft",
    "management",
    "performance evaluation",
    "insurance"
  ],
  "fulltext": "12 April,1987Male0939 408 568richardson3979@hotmail.com Tran Thu Do - Phu Thanh Ward Tan Phu District -HCMCDate of birth:Gender:Phone:Mail:Address: I would like to use my HR skills and experience as a professional HR manager to contribute to the development of my fellow colleagues and employer. Over 8 years experience working in HR for many companies in various industries ( Manufacturing, Services, Trading Retails) Deeply knowledge and hands - on experience in all HR activities: Recruitment, C&B & payroll system, employee relation, training & development, ISO , performance evaluation, organization chart Good knowledge in Vietnam Labor Law UNIVERSITY OF ECONOMICS HCMCMajor:Human Resource Management Labor Economics & Jun 2007 - Jun 2011 REE M&E COMPANY HR Deputy ManagerMay 2017 - Now Plan companys yearly HR resources, budget, strategy under assignment of HRD Implement the process and organize training course Manage the implementation of monthly payroll, PIT report, yearly finalization and KPI process Manage and control the implementation of ISO evaluation process and quality objective yearly Design and perform all HR analytic reports such as: headcount, attrition, budget, etc. Coordinate with other department manager to create the job descriptions Deploy to all department managers for annual salary revision by making performance appraisal for all employees Organize the New Years Eve party and Team building for Company TWO AUTO CORPORATION HR Assistant ManagerAugust 2014 - May 2017 Developed organization chart, updated roles and responsibility, job descriptions Managed the implementation of monthly payroll, C&B, social insurance, health insurance, unemployment insurance, PIT. Managed and controlled all activities: Recruitment, training, PIT finalization, yearly performance appraisal, salary increase, bonus, other special payment. Managed and updated employee profiles, labor contracts, transfers, promotions, resignations. CHUONG DUONG BEVERAGES COMPANY Payroll and C&B ExecutiveOctober 2011 - January 2013 BRIDGESTONE COMPANY Senior HR ExecutiveJanuary 2013 - August 2014 Managed recruitment process: Job advertisement, selecting candidates, arranging interview, hiring, probation contract and labor contract Database controller: Ensured the HR database was up to date, clean & clear Prepared HR reports and statistics Made the Visa and Work Permit for the Expats Managed and controlled the monthly payroll, C&B, social insurance, health insurance, unemployment insurance, PIT with the HRBP Established the KPI evaluation procedures and 3P salarymode , salary ladder, planning wage fund Managed the implementation of monthly payroll, C&B, social insurance, health insurance, unemployment insurance, PIT for over 500 employees Compiled the decisions, reports, announcements, meeting minutes,etcEnglish ( TOEIC 805, IELTS 7.5)Microsoft Office (Excellent Certificate at level A,B, Office computer) Problem solving & analyticalCommunicationTeamworkPlanning & Time ManagementPresentationMar 2012 - June 2012 BCC TRAINNING Certificate of Advance in Human Resource Management EDU VIET 3P Salary Payment SystemJune 2013 - Sep 2013 VCCI Construction of the salary scale April 2014 - July 2014 Customer Service Care L&A COMPANY2016 - 2017 Time Management & Personal Planing L&A COMPANY QUATEST 3 COMPANY & TRAN DINH CUU COMPANY ISO 9001:2015 2018 - 2019 UNITED COUNTRIES INSTITUTE (UCI) Kaizen Strategic Recruitment, Interviewing and Selection Masterclass FDB EVENTS PTE . LTD - SINGAPORE Playing Sports : Football, swimming, weightlifting Reading books, novel Watching movies and listening to music Traveling",
  "educations": [
    {
      "id": 5090,
      "gpa": null,
      "major": "Managing human resource",
      "school": "UNIVERSITY OF ECONOMICS HCMC",
      "diploma": "Bachelors",
      "end_time": "2011-06-01T00:00:00Z",
      "conf_score": 0.7551834254203837,
      "start_time": "2007-06-01T00:00:00Z",
      "picklist_major": "Human Resources",
      "major categories": "Business and management",
      "major_categories_detail": "Management Management"
    }
  ],
  "experiences": [
    {
      "id": 17020,
      "detail": "Plan companys yearly HR resources, budget, strategy under assignment of HRD Implement the recruitment process and organize training courseManage the implementation of monthly payroll, PIT report, yearly finalization and KPI processManage and control the implementation of ISO evaluation process and quality objective yearly Design and perform all HR analytic reports such as: headcount, attrition, budget, etc. Coordinate with other department manager to create the job descriptions Deploy to all department managers for annual salary revision by making performance appraisal for all employees Organize the New Years Eve party and Team building for Company",
      "company": "REE M&E COMPANY",
      "end_time": "2023-04-13T00:00:00Z",
      "industry": "Other",
      "position": "HR Deputy Manager",
      "conf_score": 0.9264139694127339,
      "start_time": "2017-05-01T00:00:00Z"
    },
    {
      "id": 17021,
      "detail": "Developed organization chart, updated roles and responsibility, job descriptionsManaged the implementation of monthly payroll, C&B, social insurance, health insurance, unemployment insurance, PIT. Managed and controlled all activities: Recruitment, training, PIT finalization, yearly performance appraisal, salary increase, bonus, other special payment. Managed and updated employee profiles, labor contracts, transfers, promotions, resignations.",
      "company": "IN TWO AUTO CORPORATION",
      "end_time": "2017-05-31T00:00:00Z",
      "industry": "Other",
      "position": "HR Assistant Manager",
      "conf_score": 0.9264139694127339,
      "start_time": "2014-08-01T00:00:00Z"
    },
    {
      "id": 17022,
      "detail": "Managed recruitment process: Job advertisement, selecting candidates, arranging interview, hiring, probationary contract and labor contract Database controller: Ensured the HR database was up to date, clean & clear Prepared HR reports and statistics Made the Visa and Work Permit for the Expats Managed and controlled the monthly payroll, C&B, social insurance, health insurance, unemployment insurance, PIT with the HRBP",
      "company": "BRIDGESTONE COMPANY",
      "end_time": "2014-08-31T00:00:00Z",
      "industry": "Other",
      "position": "Senior HR Executive",
      "conf_score": 0.9264139694127339,
      "start_time": "2013-01-01T00:00:00Z"
    },
    {
      "id": 17023,
      "detail": "Established the KPI evaluation procedures and 3P salarymode, salary ladder, planning wage fundManaged the implementation of monthly payroll, C&B, social insurance, health insurance, unemployment insurance, PIT for over 500 employees Compiled the decisions, reports, announcements, meeting minutes,etc",
      "company": "CHUNG DUONG BEVERAGES COMPANY",
      "end_time": "2013-01-31T00:00:00Z",
      "industry": "FMCG",
      "position": "Payroll and C&B Executive",
      "conf_score": 0.9451018132805346,
      "start_time": "2011-10-01T00:00:00Z"
    }
  ],
  "address": "Tran Thu Do - Phu Thanh Ward Tan Phu District - Ho Chi Minh City"
}