{
  "skills": [
    "verbal communication skills",
    "java",
    "css",
    "automation",
    "firebase",
    "microsoft sql server",
    "html",
    "full stack development",
    "microsoft",
    "sql",
    "le",
    "c#",
    "stack",
    "verbal communication",
    "javascript",
    "people tracking",
    "android",
    "angularjs",
    "retrofit",
    "spring",
    "communication skills"
  ],
  "fulltext": "EDUCATIONFPT UNIVERSITY / SEP 2015 - MAY 2019Major: Software Engineering.WORK EXPERIENCEFPT SOTFWARE / JAN 2018 - JUL 2018Full-stack developer internWork on CES-BLUE project a web application to manageproducts and customers of energy companies.Team size: 10 membersUsing C#, Microsoft SQL Server, Angularjs.FPT UNIVERSITY / JAN 2016 - MAY 2019Full-stack developer.#Restaurant Automation project:- A web project which allows a restaurant manage products,tables and booking processes automatically.- Team size: 5 members.- Used tech: Java , HTML, CSS, Javascript, SQL.#Find me project:- An android project allow a group of people tracking other'sposition in a traveling trip using Google's GPS and applications.- Team size: 3 members.- Used tech: android, SQL, Firebase application, Onesignalapplication.#Discuss Forum project:- An android application that taking StackoverFlow applicationas the model, allow teachers and students to communicate together to solve problems.- Responsibility as Project Manager.- Team size: 4 members.- Used tech: Android , SQL, Retrofit API.#Capstone project: Pose Detection in Self-training- A system to connect trainees with trainers through Yogatraining videos with an android application plays as the prioritypart and a web admin.- Team size: 4 members.- Used tech : Android, SQL, Retrofit, Spring Framework, Pose-net.Phat Le ThinhSoftware EngineerCONTACT INFORMATIONJul 6, 1994 Male034 253 4854 phat.lethinh@gmail.com160/24/9, XVNT street, Binh Thanhdistrict, Ho Chi Minh city, VietnamCAREER OBJECTIVEIn short-term goal, improving myself aboutboth technical knowledge and social skills ismy top priority to become a professionalSoftware Engineer.In long-term goal, working as professionalSoftware Engineer at building software thatempowers engineering teams to develop anddeliver high quality products quickly, alsofocus on solving the hardest, most interestingchallenges of developing software at scalewithout sacrificing stability, quality, velocityor code health.PROGRAMMING LANGUAGESJAVAC#/.NETJAVASCRIPTHTML / CSSANDROIDSKILLS- Speak and write in English fluently.- Interest in learning other coding languages.- Ability to work in group. - Excellent written and verbal communication skills.- Adapt quickly to new environment.Powered by TCPDF (www.tcpdf.org)",
  "educations": [
    {
      "id": 5094,
      "gpa": null,
      "major": "Software technology",
      "school": "FPT UNIVERSITY",
      "diploma": "Bachelors",
      "end_time": "2019-05-01T00:00:00Z",
      "conf_score": 0.7551834254203837,
      "start_time": "2015-09-01T00:00:00Z",
      "picklist_major": "IT - Hardware/Networking",
      "major categories": "Computer and information technology",
      "major_categories_detail": "Computer"
    }
  ],
  "experiences": [
    {
      "id": 17037,
      "detail": "#Restaurant Automation project:- A web project which allows a restaurant manage products, tables and booking processes automatically.- Team size: 5 members.- Used tech: Java, HTML, CSS, Javascript, SQL. #Find me project:- An android project allow a group of people tracking other's position in a traveling trip using Google's GPS and applications.- Team size: 3 members.- Used tech: Android, SQL, Firebase application, Onesignal application.#Discuss Forum project:- An android application that taking StackoverFlow application as the model, allow teachers and students to communicate together to solve problems.- Responsibility as Project Manager. - Team size: 4 members.- Used tech: Android, SQL, Retrofit API. #Capstone project: Pose Detection in Self-training - A system to connect trainees with trainers through Yoga training videos with an android application plays as the priority part and a web admin.- Team size: 4 members.- Used tech: Android, SQL , Retrofit, Spring Framework, Pose-net.",
      "company": "FPT UNIVERSITY",
      "end_time": "2019-05-31T00:00:00Z",
      "industry": "Education",
      "position": "Full - stack developer",
      "conf_score": 0.8296249409035176,
      "start_time": "2016-01-01T00:00:00Z"
    },
    {
      "id": 17038,
      "detail": "ork on CES-BLUE project - a web application to manage products and customers of energy companies.Team size: 10 membersUsing C#, Microsoft SQL Server, Angularjs.",
      "company": "FPT SOFTWARE",
      "end_time": "2018-07-31T00:00:00Z",
      "industry": "High Technology",
      "position": "Full - stack developer intern",
      "conf_score": 0.8296249409035176,
      "start_time": "2018-01-01T00:00:00Z"
    }
  ],
  "address": "160/24/9, Xvnt street, Binh Thanh district, Ho Chi Minh city, Vietnam"
}