{
  "skills": [
    "sc",
    "css3",
    "docker",
    "ant design",
    "c++",
    "javascript",
    "c#",
    "jwt",
    "mongodb",
    "redux",
    "proxy",
    "ant",
    "io",
    "frontend development",
    "mongoose",
    "vuejs",
    "jquery",
    "rtos",
    "ubuntu",
    "dom",
    "html5",
    "switch",
    "css",
    "restful",
    "oop",
    "embedded c",
    "reactjs",
    "socket io",
    "class",
    "python",
    "bootstrap",
    "html"
  ],
  "fulltext": "Nguyen Duc Luong PhatREATJS DEVELOPER Summary- Looking for more opportunities in Frontend developer- Self - study and ability to look for information quickly - Problem solving skills and ability to work under high pressure- Ability to work with system, server, mobile EducationHCM UNIVERSITY OF TECHNOLOGY2013 - 2018Major: Mechantronic EngineeringGPA: 8.08/10 29/01/1995 Male 0378306893 nguyenducluongphat7049@gmail.comHo Chi Minh, VietnamWork ExperienceHCM UNIVERSITY OF TECHNOLOGYMechantronic EngineeringA real work experience with Ph.D Nguyen Quoc ChiSTYL SOLUTIONS12/2017 - 3/2019EmbeddedC/C++/ C#/Python(Free RTOS, Script, App)HTML5/CSS3/Javascript Developer - ReactJs- Building Back Office for manage account (Token), build, monitor and simulation sensor 3D...- Building templates using Webpack or create-react- app, configuration runtime fordevelop/production environments,- Reactjs for developing single page applicationFPT TELECOM4/2019 - NOWHTML5/CSS3/Javascript Developer - Vuejs- Voice Detector (web speech api) on web (chrome, firefox..), on smart television ( samsung)- Experience in using Javascript/Jquery to build library- HTML5/CSS3 ( style, animation...) for developing UI from PSD.- Vuejs for developing single page application- for developing library applied on web, smart television.- Build javascript/jquery library base on attribute, event (trigger, on), dom element for interactwith application as: notification, preview-thumbnails, scroll, switch control library.- Build Vuejs component for reuse- Developing decorator and OOP in javascript(proxy, prototype, function, class)- Using XmlHttpRequest for catching the requestCERTIFICATIONS05/01/2019 - 03/02/2019- Certification of ReactJS at Nordic CoderSKILL+ HTML5/CSS3, SCSS/CSS, Adobe XD, Bootstrap, Socket IO, React-Bootstrap, Ant Design + Javascript(Proxy, prototype...), Jquery(animate, class, attr, query dom, trigger...), Reactjs(context, redux, lazy Loading, middleware...), Redux (logger, thunk ...), Vuejs (mixins,directives...), NodeJS (ExpressJS, JWT, CRUD, sort, paginate..), MongoDB (Mongoose),Webpack (alias, chunk...), Restful, Voice Detector on web+ Docker, Vagrant, Ubuntu, WindowSKILLSJavascriptJqueryReactJSVueJSHTML/CSS3NodeJSLogical thinking and creativeSketch topcv.vn",
  "educations": [
    {
      "id": 5097,
      "gpa": "8.08",
      "major": "Mechanical engineering technology",
      "school": "HCM UNIVERSITY OF TECHNOLOGY",
      "diploma": "Bachelors",
      "end_time": "2018-01-01T00:00:00Z",
      "conf_score": 0.8413267261986577,
      "start_time": "2013-01-01T00:00:00Z",
      "picklist_major": "Technical",
      "major categories": "Technology",
      "major_categories_detail": "Mechanical engineering technology"
    }
  ],
  "experiences": [
    {
      "id": 17044,
      "detail": "- Voice Detector (web speech api) on web (chrome, firefox..), on smart tv (samsung)- Experience in using Javascript/Jquery to build library- HTML5/CSS3 ( style, animation...) for developing UI from PSD. - Vuejs for developing single page application- for developing library applied on web, smart television.- Build javascript/jquery library base on attribute, event (trigger, on), dom element for interact with application as: notification, preview-thumbnails, scroll , switch control library.- Build Vuejs component for reuse- Developing decorator and OOP in javascript(proxy, prototype, function, class)- Using XmlHttpRequest for catching the request",
      "company": "FPT TELECOM",
      "end_time": "2023-04-13T00:00:00Z",
      "industry": "High Technology",
      "position": "HTML5/CSS3/Javascript Developer - Vuejs",
      "conf_score": 0.8933842909088813,
      "start_time": "2019-04-01T00:00:00Z"
    },
    {
      "id": 17045,
      "detail": "hon(Free RTOS, Script, App) HTML5/CSS3/Javascript Developer - ReactJs - Building Back Office for manage account (Token), build, monitor and simulation",
      "company": "STYL SOLUTIONS",
      "end_time": "2019-03-31T00:00:00Z",
      "industry": "High Technology",
      "position": "HTML5/CSS3/Javascript Developer - ReactJs",
      "conf_score": 0.8486510883265141,
      "start_time": "2017-12-01T00:00:00Z"
    }
  ],
  "address": "Ho Chi Minh City, Vietnam"
}