{
  "skills": [
    "ams",
    "raw",
    "payment",
    "sales activities",
    "commodities",
    "product costing",
    "finance",
    "quality assurance",
    "b2b sales",
    "management",
    "marketing",
    "sales",
    "new product development",
    "sell"
  ],
  "fulltext": "NGUYEN THANH DIEN Business Development Manager 0939636354 thanhdien155@gmail.comTruong Sa Street, 17 Ward, Binh ThanhDistrict, Ho Chi Minh, VietnamGender: MaleBirthday: 15/05/1988Marital status: SingleNationality: VietnameseCountry: VietnamAddress: Truong Sa Street, 17 Ward, Binh Thanh District, Ho Chi Minh, VietnamPERSONAL PROFILELevel: ManagerSalary: 1,300 - 1,500 USDJob type: Full timeIndustry: Agriculture, Food & Beverage (F&B), Sales / Business DevelopmentLocation: Can Tho, Ho Chi Minh - District 1 , International, JapanCAREER INFORMATIONI am 31 years old, male, single. My hometown is in Can Tho City. I have lived and worked in HCMC for 4 years. Now Iam a Deputy Business Develpment Manager in Vinh Phat Wilmar Rice Company_Wilmar Corporation_Singapore.I have 9 years working experience, includung 5 years at management positions. I am really strong at sale, especially B2B sale. I can also do business development activities. I have goodknowledge about Rice, agricultural commodities, feed ingredients and FMCG as well. I have longtime worked at international corporation, so I have profesional behaviors and strong plan,report skill... I can speak English well and strong field work skill.With passion for sale/business, I have set target to become a Sale Director and a CEO in next 2 years. To be gottenthis target, I need to work hard; study more skill/knowledge such as finance, management... I have spirit of astart up personOBJECTIVES5/2016 - Now : Deputy Business Development Manager (Rice) - Vinh Phat Wilmar Rice Ltd,Company_ Wilmar Corporation_Singapore* From 01-2018 until now ( Near 2 years, HEAD OF CONSUMER PACKED RICE_GT CHANNEL OF SOUTH AND CENTRAL OFVIET NAM) - Manage sale/business development activities of consumer packed rice_GT channel of South and Central of Vietnam (included 4 regions, 60 distributors, 540 salemans). - Build sale strategy/policy, survey market demands, making product costing and price, build monthly promotionEXPERIENCEYear(s) of Experience: 9Current Level: Managerproggram... - Follow up and boost sale result of distributors, customers to get monthly/yearly's company and corporationtarget. - Field work market at provinces in South and Central of Vietnam everymonth - Follow up marketing and brands activities; development new product activities; others... * From 05-2016 - 01-2018 (2 years, FOUNDER AND HEAD OF WHOLESALER, INDUSTRIAL CUSTOMER, B2B, KEYACCOUNT HORECA CHANNEL) - Build up and main in charge Rice Wholesaler, B2B, Industrial customer, Key accounts, HORECA channel in Ho Chi Minh City and Southeast provinces (build policy, sale stratergy/plan, price table...) - Build up and manage sales activities of sale team (4 salemans) to get sale target of company - Main in charge selling for key accounts, especially industrial/noodle factories... - Sale volume got: Half of 2016 2,500; 2017 8,400 tons of rice.June 2015 - May 2016 : Sale Supervisor (Rice) - ADC Ltd, company- In charge of selling rice for wholesale, B2B, HORECA channel in Ho Chi Minh City - Survey, field work, make customer data, meet potential customers, build customer relatedtionship and sell bulkcargo for them. - Negotiage; sign purchasing order/contacts with customer to get sale target. - Follow up signed PO, ensure committed cargo be delivered in time and finish payment - Update, analyze collect market information (price, trend of rice market; competitors activities...) - Survey maket and enforce sale plan and other duties like Manager instruction .June 2014 - June 2015 : Purchasing Supervisor (rice bran) - Wilmar Agro Viet Nam Ltd, Company- In charge of negotiating PO/contact for buying raw rice bran for rice bran oil extraction factories. - In charge of factories in 3 provinces in Mekong delta (Can Tho, Kien Giang, An Giang) - Follow receiving cargo. In charge of buying cargo as optimal price and volume. - Field work to update market information...January 2012 - June 2014 : Quality Assurance Supervisor - Wilmar Agro Viet Nam Ltd, Company- Monitor/supervise quality assurance activities of QC team - In charge of follow up quality of cargo which is qualified for dispatching - Plan and make the duty roster for all daily/monthly working of team. - Propose/consult QA/QC improvement activitiesCompletion date 9-2017High School / Equivalent - University of Economics Ho Chi Minh City_import-Export Knowledge- Have basic knowledge about customs procedures, customs document, import-export form... - Apply and conect to rice export activities at companyCompletion date 9-2010Bachelor - Chemistry Bachelor- Regular form - Good resultEDUCATIONHighest Degree Level: BachelorHave the spirit of start up personStrong sale and manage skillsStrengthsCAREER HIGHLIGHTSCan use English in communicationBe responsibility, willing to learnHobbies: Traveling, play football, listening to music, reading, social activitiesGood knowledge Rice, Agricultural commoditiesStrong sale skillGood strategy, Good plan/Report SkillGood field work skillsGood Management SkillsSKILLSViet NamEnglishLANGUAGES0918413197 / minhnhut.nguyen@gmail.comSale directorWilmar CLV groupREFERENCESNguyen Minh Nhut CareerBuilder.vn",
  "educations": [
    {
      "id": 5101,
      "gpa": null,
      "major": "import - Export",
      "school": "University of Economics Ho Chi Minh City",
      "diploma": "Bachelors",
      "end_time": "2017-09-01T00:00:00Z",
      "conf_score": 0.7968341985623422,
      "start_time": null,
      "picklist_major": "Other",
      "major categories": "",
      "major_categories_detail": ""
    }
  ],
  "experiences": [
    {
      "id": 17068,
      "detail": "- Manage sale/business development activities of consumer packed rice_GT channel of South and Central of Vietnam (included 4 regions, 60 distributors, 540 salemans).- Build sale strategy/policy, survey market demands, making product costing and price, build monthly promotion proggram...- Follow up and boost sale result of distributors, customers to get monthly/yearly's company and corporation target.- Field work market at provinces in South and Central of Vietnam everymonth- Follow up marketing and brands activities; development new product activities; others...",
      "company": "OF CONSUMER PACKED RICE_GT CHANNEL OF SOUTH AND CENTRAL OF VIET NAM",
      "end_time": "2023-04-13T00:00:00Z",
      "industry": "Other",
      "position": "HEAD",
      "conf_score": 0.8981735941970523,
      "start_time": "2018-01-01T00:00:00Z"
    },
    {
      "id": 17069,
      "detail": "_ Wilmar Corporation_Singapore * From",
      "company": "Vinh Phat Wilmar Rice Ltd, Company",
      "end_time": "2023-04-13T00:00:00Z",
      "industry": "Other",
      "position": "Deputy Business Development Manager",
      "conf_score": 0.9385932964259913,
      "start_time": "2016-05-01T00:00:00Z"
    },
    {
      "id": 17072,
      "detail": "Build up and main in charge Rice Wholesaler, B2B, Industrial customer, Key accounts, HORECA channel in Ho Chi Minh City and Southeast provinces (build policy, sale stratergy/plan, price table...)- Build up and manage sales activities of sale team (4 salemans) to get sale target of company- Main in charge selling for key accounts, especially industrial/noodle factories...- Sale volume got: Half of 2016 2,500; 2017 8,400 tons of rice.",
      "company": "OF CONSUMER PACKED RICE_GT CHANNEL OF SOUTH AND CENTRAL OF VIET NAM",
      "end_time": "2018-01-31T00:00:00Z",
      "industry": "Other",
      "position": "FOUNDER AND HEAD OF WHOLESALER, INDUSTRIAL CUSTOMER, B2B, KEY ACCOUNT HORECA CHANNEL",
      "conf_score": 0.8086621310791741,
      "start_time": "2016-05-01T00:00:00Z"
    },
    {
      "id": 17075,
      "detail": "- In charge of selling rice for wholesale, B2B, HORECA channel in Ho Chi Minh City - Survey, field work, make customer data, meet potential customers, build customer relatedtionship and sell bulk cargo for them.- Negotiage; sign purchasing order/contacts with customer to get sale target.- Follow up signed PO, ensure committed cargo be delivered in time and finish payment- Update, analyze collect market information (price, trend of rice market; competitors activities...)- Survey maket and enforce sales plan and other duties like Manager instruction.",
      "company": "ADC Ltd, company",
      "end_time": "2016-05-31T00:00:00Z",
      "industry": "Other",
      "position": "Sales Supervisor",
      "conf_score": 0.9527463942195492,
      "start_time": "2015-06-01T00:00:00Z"
    },
    {
      "id": 17077,
      "detail": "- In charge of negotiating PO/contact for buying raw rice bran for rice bran oil extraction factories.- In charge of factories in 3 provinces in Mekong delta (Can Tho, Kien Giang, An Giang) - Follow receiving cargo. In charge of buying cargo as optimal price and volume.- Field work to update market information...",
      "company": "Wilmar Agro Vietnam Ltd, Company",
      "end_time": "2015-06-30T00:00:00Z",
      "industry": "Other",
      "position": "Purchasing Supervisor (rice bran)",
      "conf_score": 0.91474298265062,
      "start_time": "2014-06-01T00:00:00Z"
    },
    {
      "id": 17079,
      "detail": "- Monitor/supervise quality assurance activities of QC team- In charge of follow up quality of cargo which is qualified for dispatching- Plan and make the duty roster for all daily/monthly working of team.- Propose/consult QA/QC improvement activities",
      "company": "Wilmar Agro Vietnam Ltd, Company",
      "end_time": "2014-06-30T00:00:00Z",
      "industry": "Other",
      "position": "Quality Assurance Supervisor",
      "conf_score": 0.9317225827471284,
      "start_time": "2012-01-01T00:00:00Z"
    }
  ],
  "address": "Truong Sa Street, 17 Ward, Binh Thanh District, Ho Chi Minh, Vietnam"
}