{
  "skills": [
    "java",
    "css",
    "c++",
    "git",
    "optimal system",
    "jira",
    "html",
    "j2ee",
    "linux",
    "ajax",
    "advanced java",
    "css3",
    "ubuntu",
    "mysql",
    "jquery",
    "angular",
    "sql",
    "sales",
    "magento",
    "html5",
    "oop",
    "strut",
    "javascript",
    "database",
    "windows xp",
    "ubuntu linux",
    "jsp",
    "laravel",
    "enterprise",
    "php",
    "operating system",
    "restful"
  ],
  "fulltext": "CURRICULUM VITAEPERSONAL INFORMATION:Full Name : TRAN HOANG QUANGender : Male Birthday : 08/02/1991.Address: 8B , Pond 5, Mo Lao ,Ha Dong district, Ha Noi.Hometown : Binh Luc Ha Nam. Phone : 0349635273Email :hoangquannit@gmail.comEDUCATION:9/2009 12/2013 :Thesis grade :FairStudentPosts &Telecommunications InstituteofTechnologyFaculty InformationTechnologySpecialized SoftwareTechnologyStudentCourse Advanced Java Programming - IpmacEXPERIENCES :May 20th, 2013 OP-Experience using jQuery and other supportlibraries.-Ability to cuthtml-Knowledge of software developmentprocessesFebuary 18th, 2014 June 17th, 2016Company SmartOscRolePhp DeveloperResults- Php programming experience : Magento,Concrete5+ Create new module , customize extension .+ Create new template, customize layout.+ Optimal system .-Experience mysql query, css , jQuery, prototype-Experience Git,Jira-Experienceserver.-Experience join in project base and projectsupport.-Team work , teambulding.-Knowledge of software developmentprocesses.August 15th, 2016 the presentCompanyCo-well AsiaRolePhp developerResults - Php programming experience : laravel 5.3, 5.4+ Build RESTful API+ Integration angular 1 and api+ using vue js with laravel-DBdesign-Experience working in JapanEnvironmentRead: GoodListen: NormalWrite: NormalSpeak: NormalForeign language : EnglishProject base :1.Bendon ( Top ecommerce website in Australia and NewZealand)-Description :Build ecommerce website with magento enterprise.-Role :Customize extension ,layout frontend, config backend.-Live :bendonlingerie.com.au,bendonlingerie.co.nz2.Lizandez-Description :Build ecommerce website with magento cummunity.-Role :Customize extension ,frontend.-Live :lizandez.com 3.RiverCapital-Description :Customize module in Silver Stripe , build newwebsite.-Role :Build home page, our page, customize admin managepage.-Technologies :SilverStripe cms php,jQuery,sql.-Live :rivercapital.com.au 4.Sportnahrung-Description :Customize Xpos extension use gift voucher extension inmagento community.-Role :Customize Xpos extension use gift voucher extension inmagento community.-Technologies :Magento 1 php , jQuery, sqlquery.5.TPL-Live :goguru.com.sg-Technologies :Magento 1 php, Concrete5, SSO,6.TMS-Description :Build RESTful API using laravel to connect Gvido device and build music Market to sale musicproducts. -Role :DB design, Phpdeveloper.-Technologies :Laravel 5.4 framework, jQuery, Angular 1, vue 1mysql.-Live :https://www.gvidostore.com/ Project Support :1.Radio-rentals (Top ecommerce website in Australia )radio-rentals.com.au 2.Aldi Liquoraldiliquor.com.au-Description: Support client follow requirement updatedeveryday.-Role :Create new module, customize layout and extension, optimalsystem.Information technology skillsProgrammingPhp (Magento, laravel)GoodJava (J2SE /J2ME)GoodJava (J2EE )Good (JSP/Servlet ; Struts 1; JSTL)C/C++ NormalHTML/CSS GoodHTML5/CSS3 NormalJavaScript jQuery AjaxNormal Good NormalDatabaseMySQL GoodOperating SystemWork experience with Windows XP/7/8,linux(Ubuntu).CAREER ORIENTATIONBecome a profestional programmer within the 6-7years.Developers semantic webcontent.Product marked development itsown.Expectation jobPhp ProgrammerTo participate in the web developmentprojectTo learn and exchange experiences.",
  "educations": [
    {
      "id": 5116,
      "gpa": null,
      "major": "Information Technology",
      "school": "Posts & Telecommunications Institute Of Technology",
      "diploma": "Other",
      "end_time": "2013-12-01T00:00:00Z",
      "conf_score": 0.8167547004921527,
      "start_time": "2009-09-01T00:00:00Z",
      "picklist_major": "Other",
      "major categories": "",
      "major_categories_detail": ""
    }
  ],
  "experiences": [
    {
      "id": 17119,
      "detail": "esults- Php programming experience : laravel 5.3, 5.4 + Build RESTful API + Integration angular 1 and api+ using vue js with laravel-DBdesign -Experience working in JapanEnvironment Read: Good Listen: Normal Write: Normal Speak: Normal Foreign language : English",
      "company": "Co - well Asia",
      "end_time": "2023-04-13T00:00:00Z",
      "industry": "Other",
      "position": "PHP developer",
      "conf_score": 0.8897446937692582,
      "start_time": "2016-08-15T00:00:00Z"
    },
    {
      "id": 17121,
      "detail": "Results - Php programming experience : Magento,Concrete5 + Create new module , customize extension . + Create new template, customize layout.+ Optimal system.-Experience mysql query, css , jQuery, prototype-Experience Git,Jira -Experienceserver. -Experience join in project base and projectsupport.-Team work , teambulding.-Knowledge of software developmentprocesses.",
      "company": "SmartOsc",
      "end_time": "2016-12-31T00:00:00Z",
      "industry": "High Technology",
      "position": "Php Developer",
      "conf_score": 0.9057868248189686,
      "start_time": "2016-06-17T00:00:00Z"
    },
    {
      "id": 17123,
      "detail": "esults- Php programming experience : Joomla , OOP -Experience using jQuery and other supportlibraries.-Ability to cuthtml-Knowledge of software developmentprocesses",
      "company": "Company ShineTheme",
      "end_time": "2013-09-30T00:00:00Z",
      "industry": "Other",
      "position": "PHP Developer",
      "conf_score": 0.8275107295019075,
      "start_time": "2013-05-20T00:00:00Z"
    }
  ],
  "address": "8b, Lotus Pond 5, Mo Lao, Ha Dong district, Ha Noi"
}