{
  "skills": [
    "sourcetree",
    "java",
    "javascript",
    "management",
    "io",
    "frontend development",
    "jquery",
    "git",
    "android",
    "trello",
    "website development",
    "css",
    "github",
    "software development",
    "process development",
    "teamwork",
    "problem solving",
    "bootstrap",
    "agile",
    "html"
  ],
  "fulltext": "Truong Nguyen Quoc Dat Profile: quocdat1994.github.io | Email: quocdat1994@gmail.com | Mobile: 037 955 7887 Vuon Chuoi Street, 4th Ward, 3rd District, Ho Chi Minh City SUMMARY A developer with 3 years of experience, specializing in Front-End development. Easily collaborate in a team or work independently. Experience in agile development processes. Love creation, enjoy problems solving and inquire new technology. SKILL Technical skills: Javascript , JQuery, React.js HTML, Bootstrap CSS, SASS Java, Android Git Agile/Scrum Methodology Soft skills: English (Advanced) Teamwork Communication Time Management Research EXPERIENCE Web Developer NHN Vietnam July 2018 - Present Maintaining and developing new features for webtoon portals. Collaborating in a team of 5 members. Using Java for Back-End and Javascript/jQuery, HTML, CSS for Front-End. Editor in Chief SENO Ltd. July 2013 - Dec 2018 Write and edited magazine articles. Planned new content for each issue. Non-IT related jobs. Software Developer Persol Process & Technology Vietnam Oct 2015 - Oct 2017 Collaborated in small teams following the Agile Methodology. Interacted directly with clients in Japan. Developed and customized android/web applications based on client requests. Using SourceTree (Git) to manage code and Trello to control tasks. EDUCATION Bachelor of IT RMIT Vietnam 2013 - 2016 Degree in Application Programming. Graduated with Distinction.",
  "educations": [
    {
      "id": 5114,
      "gpa": null,
      "major": "Application Programming.",
      "school": "RMIT Vietnam",
      "diploma": "Bachelors",
      "end_time": "2016-01-01T00:00:00Z",
      "conf_score": 0.8613163236104684,
      "start_time": "2013-01-01T00:00:00Z",
      "picklist_major": "Other",
      "major categories": "",
      "major_categories_detail": ""
    }
  ],
  "experiences": [
    {
      "id": 17114,
      "detail": "Maintaining and developing new features for webtoon portals.Collaborating in a team of 5 members.Using Java for Back-End and Javascript/jQuery, HTML, CSS for Front-End.",
      "company": "NHN Vietnam",
      "end_time": "2023-04-13T00:00:00Z",
      "industry": "Other",
      "position": "Web Developer",
      "conf_score": 0.9181269048441778,
      "start_time": "2018-07-01T00:00:00Z"
    },
    {
      "id": 17115,
      "detail": "Wrote and edited magazine articles.Planned new content for each issue.Non-IT related job.",
      "company": "SENO Ltd.",
      "end_time": "2018-12-31T00:00:00Z",
      "industry": "Other",
      "position": "Editor in Chief",
      "conf_score": 0.9181269048441778,
      "start_time": "2013-07-01T00:00:00Z"
    },
    {
      "id": 17116,
      "detail": "Collaborated in small teams following the Agile Methodology. Interacted directly with clients in Japan. Developed and customized android/web applications based on clients requests.Using SourceTree (Git) to manage code and Trello to control tasks.",
      "company": "Persol Process & Technology Vietnam",
      "end_time": "2017-10-31T00:00:00Z",
      "industry": "High Technology",
      "position": "Software Developer",
      "conf_score": 0.9181269048441778,
      "start_time": "2015-10-01T00:00:00Z"
    }
  ],
  "address": "Vuon Chuoi Street, 4th Ward, 3rd District, Ho Chi Minh City"
}