{
  "skills": [
    "java",
    "automation",
    "automation testing",
    "c++",
    "selenium",
    "c#",
    "management",
    "studio",
    "automation testing tools",
    "unit test",
    "security",
    "object oriented",
    "git",
    "analysis",
    "service management",
    "android",
    "visual studio",
    "microsoft visual studio",
    "unit testing",
    "it service management",
    "testing",
    "microsoft",
    "communication skills",
    "networking",
    "teamwork",
    "manual testing",
    "user interface",
    "software testing tools"
  ],
  "fulltext": "Truong Vinh LocSOFTWARE QUALITY CONTROL ENGINEERObjectiveTake advantages of IT skills & experience and understanding of testing to become aprofessional Quality Control Engineer and bring a lot value to company. EducationTROY UNIVERSITY01/2012 - 01/2016Bachelor of Computer ScienceMobile ProgrammingApplied NetworkingSystems Analysis and DesignComputer SecurityObject OrientedSep 16, 1993 Male 0908890321 tvloc1993@gmail.comHo Chi Minh City, VietnamWork ExperienceGYM01/2015 - 01/2016Part-time jobGuiding customer when they come to the gym , how to use the devices.Be available to answermember questions.DXC TECHNOLOGY (FORMER CSC VIETNAM)6/2016 - NOWSoftware Quality Control Engineer (Automation)- Build, develop and maintain automation software testing tool, product about ServiceNowproduct (IT Service Management) .- Manual testing, use user story and create test case manual and run by auto script.- Make reports of automation testing every week. - Daily meeting with scrum team for discuss about testing process (demo to product ownerevery 2 weeks).Achievements and skills gained: - Experience in automation testing with Selenium Webdriver, Git (Web application).- Experience in automation testing tool by Microsoft Visual Studio - Understand deeply about testing (unit test, integration test, white-box test, black-boxtest...e).- Guiding for new members join to team (Mentor 1 on 1).- Improve English Communication Skill. SKILLSC#/C++Java,Manual/Automation TestingSelenium Webdriver/GitActiveTeamworkCreativeINTERESTSSoccerMusicGym ActivitiesSTUDENT ASSOCIATION TROY UNIVERSITY01/2013 - 01/2014StaffAdvertise activities, provide information from the university to the students.ANDROID APPLICATION PROJECT2015TeamBuild: some news reading android, application, for example dictionary,musicplayer...and design user interface.CUCUMBER FRAMEWORK TESTING2016IndependenceResearch, build and develop framework by using Cucumber and Java programming language.AUTOMATION TESTING TEAM2016TeamTest memberSCRUM TEAM2017 - NOWTeamTest Lead CertificationsIELTS Certificate (5.5)2015Japanese Language Proficiency Test (JLPT N5)2016ServiceNow Certified System Administrator2017TOEIC 7252017BULATS Reading and Listening Test 812017BULATS Speaking (Upper-Intermediate B2)2017Honors & AwardsScholarship in 2nd semester 2012-2013 and 1st semester 2013-2014.2013-2014 topcv.vnPowered by TCPDF (www.tcpdf.org)",
  "educations": [
    {
      "id": 5115,
      "gpa": null,
      "major": "Computer science",
      "school": "TROY UNIVERSITY",
      "diploma": "Bachelors",
      "end_time": "2016-01-01T00:00:00Z",
      "conf_score": 0.8491898147274514,
      "start_time": "2012-01-01T00:00:00Z",
      "picklist_major": "IT - Hardware/Networking",
      "major categories": "Computer and information technology",
      "major_categories_detail": "Computer"
    }
  ],
  "experiences": [
    {
      "id": 17117,
      "detail": "- Build, develop and maintain automation software testing tool, product about ServiceNow product (IT Service Management). - Manual testing, use user story and create test case manual and run by auto script.- Make reports of automation testing every week.- Daily meeting with scrum team for discuss about testing process (demo to product owner every 2 weeks).Achievements and skills gained:- Experience in automation testing with Selenium Webdriver, Git (Web application).- Experience in automation testing tool by Microsoft Visual Studio - Understand deeply about testing (unit test, integration test, white-box test, black-box test. ..e).- Guiding for new members join to team (Mentor 1 on 1). - Improve English Communication Skills.",
      "company": "DXC TECHNOLOGY (FORMER CSC VIETNAM)",
      "end_time": "2023-04-13T00:00:00Z",
      "industry": "High Technology",
      "position": "Software Quality Control Engineer (Automation)",
      "conf_score": 0.8044357220536977,
      "start_time": "2016-06-01T00:00:00Z"
    },
    {
      "id": 17118,
      "detail": "Part-time jobGuiding customer when they come to the gym, how to use the devices.Be available to answer member questions.",
      "company": "GYM",
      "end_time": "2016-01-31T00:00:00Z",
      "industry": "Other",
      "position": null,
      "conf_score": 0.7050867654707917,
      "start_time": "2015-01-01T00:00:00Z"
    }
  ],
  "address": "Ho Chi Minh City, Vietnam"
}