{
  "skills": [
    "networking",
    "java",
    "agile",
    "analysis",
    "parsing",
    "mysql",
    "compute",
    "project management",
    "telecom system",
    "elasticsearch",
    "bug fixing",
    "apache",
    "database",
    "implementation",
    "docker",
    "jenkins",
    "angularjs",
    "maintenance",
    "management",
    "problem solving"
  ],
  "fulltext": "Phan Quoc Trung135/27 Dinh Phong Phu, 9 District, Ho Chi Minh, Vietnam. 0385917707 Trungpq999@gmail.com DoB: 03/13/1995Zalo Group(20 months)10/2017 - 06/2019DEK Technologies(6 months)04/2017 - 10/2017WORK EXPERIENCEJava Backend- Analysis, design and development webgames (CCU ~7000 per game): + Games: Tien Lenh Mien Nam ZingPlay(Poker Game), Ta La (Poker Game), iCa (Shooting Fish - coremember) + Analysis, design, implementation, deployment and maintenance of available backends for live games. + Work on bug fixing and improving game performance.- ZWebQos(Tool check quality of services : Zalo Chat, Zalo Food, Zalo Shop, ...) + Compute Parsing and Painting Web time. + Use Prophet(a forecasting tool - Facebook) to detect and alert anormal quality of service.- Maintenance ZaloPayment System: + Problems: bug in-app purchase, move Database(MySQL) to another instance. + Add user-id in purchase-processing for tracking. + Add partition and re-indexing Database. + Create cron job collect and write to Database.- DCC website(tool manage room) + Base on AngularJS, NodeJs. + CRUD training, meeting event and noti attendees.- Maintenance MTAS(telecom system) + Research system, fix bugs and write test case.Ho chi minh University of Science2014 - 2018EDUCATIONMajor: Software EngineerSKILLS- There is a passionate spirit of learning and progress. - Good research skill, logical thinking, problem-solving.- Passionate and knowledgeable about games, especially servers, backend, Realtime process.- Strong Java foundation.- Have knowledge about blocking & non blocking, socket, Networking, ElasticSearch, Caching, DataBaseDocker , Apache Thrift.- Familiar with CI Jenkins, Agile Project Management. topcv.vnPowered by TCPDF (www.tcpdf.org)",
  "educations": [
    {
      "id": 5125,
      "gpa": null,
      "major": "Software Engineer",
      "school": "Ho Chi Minh University of Science",
      "diploma": "Bachelors",
      "end_time": "2018-01-01T00:00:00Z",
      "conf_score": 0.9162385206282713,
      "start_time": "2014-01-01T00:00:00Z",
      "picklist_major": "Other",
      "major categories": "",
      "major_categories_detail": ""
    }
  ],
  "experiences": [
    {
      "id": 17145,
      "detail": "- Analysis, design and development webgames (CCU ~7000 per game):+ Games: Tien Lenh Mien Nam ZingPlay(Poker Game), Ta La (Poker Game), iCa (Shooting Fish - core member)+ Analysis, design, implementation, deployment and maintenance of available backends for live games.+ Work on bug fixing and improving game performance.- ZWebQos(Tool check quality of services : Zalo Chat, Zalo Food, Zalo Shop, ...) + Compute Parsing and Painting Web time. + Use Prophet(a forecasting tool - Facebook) to detect and alert anormal quality of service.- Maintenance ZaloPayment System: + Problems: bug in-app purchase, move Database(MySQL) to another instance.+ Add user-id in purchase- processing for tracking.+ Add partition and re-indexing Database. + Create cron job collect and write to Database.",
      "company": "Zalo Group",
      "end_time": "2019-06-30T00:00:00Z",
      "industry": "High Technology",
      "position": "Java Backend",
      "conf_score": 0.9594567825084462,
      "start_time": "2017-10-01T00:00:00Z"
    },
    {
      "id": 17147,
      "detail": "- DCC website(tool manage room)+ Base on AngularJS, NodeJs. + CRUD training, meeting event and noti attendees.- Maintenance MTAS(telecom system)+ Research system, fix bugs and write test cases.",
      "company": "DEK Technologies",
      "end_time": "2017-10-31T00:00:00Z",
      "industry": "High Technology",
      "position": null,
      "conf_score": 0.8086621310791741,
      "start_time": "2017-04-01T00:00:00Z"
    }
  ],
  "address": "135/27 Dinh Phong Phu, 9 District, Ho Chi Minh, Vietnam"
}