{
  "skills": [
    "digital marketing",
    "task management",
    "java",
    "glide",
    "marketing",
    "wordpress",
    "concurrency",
    "c++",
    "javascript",
    "budgeting",
    "c#",
    "risks",
    "contact points",
    "management",
    "xml",
    "netbeans",
    "studio",
    "excel",
    "enterprise",
    "basecamp",
    "scrum master",
    "svn",
    "analysis",
    "project management",
    "lighting",
    "medium",
    "kanban",
    "social software",
    "website development",
    "css",
    "jira",
    "visual studio",
    "software development",
    "microsoft",
    "physic",
    "uml",
    "directx",
    "game development",
    "python",
    "redmine",
    "html"
  ],
  "fulltext": "Resume Le Thi Thien Thanh Tel: Address: Email: Skype: Linkedin: WordPress Blogs: INTRODUCTION 6+ years working experience as Project /Product Manager + QA Manager + Digital Producer Good digital online products knowlege and hand-on cutting edge technologies and media banner Good experience as Project QA Manager & Scrum Master, coordinate with clients and designing to take challenges Good English with international experience TECHNICAL SKILLS Website development and Advertising Tools Kanban, Scrum, JIRA, GitLabb, Redmine, Merlin, SVN, FPT, Google Double Click, Google Spreadsheet and Google (tools + products), Dropbox, Photoshop, QA Tools (Banners and eDMs), Basecamp, Snagit etc Deep understanding UX/UI and Wireframe: Lucid Charts, Invision, Sketch etc Good knowledge of HTML, CSS and JavaScript Macromedia Dreamweaver Computing Skills and Knowledge Microsoft Office: Excel, PowerPoint, Word, Visio, Project etc Computer Programming Languages: C++ (5 Years Experienced), also HLSL, Java, C#, Python Software Libraries APIS: DirectX, OpenGL, Havok (Physics), FMod (Audio), Expat (XML) Object Oriented Methods: OO Analysis and Design, UML, Frameworks, Patterns, Cross-Platform etc Games Development: Game Architecture, Concurrency, Optimization, Code Reuse, XML Use. Etc Real Time 3D Graphics: Mathematics for 3D, Rendering, Shaders, Animation, Lighting / Shadows, Particle. Systems, Post-Processing, Instancing, Spatial Partitioning Software Development: Visual Studio, DirectX, NetBeans etc WORK EXPERIENCE Ecommerce Technology Products Company (July 2017 Sep 2019) Systum Vietnam Product QA Manager Manage development team, Design and QA team for company enterprise e- commerce products. Understand UX/UI and Wireframe of companys products and using Scrum process to manage work cycle. Act as a scrum master and manage sprint planning, demo and retrospective meeting and product quality throughout each sprint and across all teams. Also, being a bridge communication between team and all stakeholders. Webs + Applications Product Company (Jan 2017 July 2017) Keaz Vietnam Product Manager Managing a team of 10 people for many large products apps/website (mainly car sharing and booking car/taxi like Uber or Grab for big clients Envoy There, Glide etc) . Planning and daily meeting the work ahead using scrum methology Arranging resources, managing risks/conflicts and team issues Managing, controlling and monitoring the work and resources. Reviewing the work once it has completed and deliver top quality products to clients. Along that is interviews and admin work within the office, make plan to motivate team and arrange team building etc. Technology Solutions Company (Oct 2015 Dec 2016) Global Outsource Solutions Product Manager Managing a small team for a large project implementing a social event app and a medium size project that is a website/mobile app for yoga. Main contact point between clients and developers for any technical matters and negotiate with client about the estimation. Planning the work ahead and arrange resources and prepare work for resources and make sure the work run smoothly. Managing, controlling and monitoring the work and resources. Reviewing the work once it has completed and deliver top quality products to clients. Digital Marketing Company (Oct 2013 July 2015) Studio 60 Vietnam Digital Producer Most of the projects are digital advertising and digital marketing, including designing flash banners, rich media banners & content, eDMs, micro sites and websites Managing a small group of sources. Planning and budgeting project to provide (AOT and timeline). Excuting Jira/tasks management, monitoring and controlling the ongoing projects Handling client change requests. Acting as Scrum Master and managed a small team to develop a large social app in a few months. Playbox Ltd (2009 2011) United Kingdom Programmer England programming graphics systems and image conversion / processing tools for computer games. EDUCATION Bachelor Degree of Software Engineering (2005 2008) University of Central Lancashire United Kingdom FMIT Project Management PMI Global Standard Certification (2014)",
  "educations": [
    {
      "id": 5127,
      "gpa": null,
      "major": "Software technology",
      "school": "University of Central Lancashire - United Kingdom",
      "diploma": "Bachelors",
      "end_time": "2008-01-01T00:00:00Z",
      "conf_score": 0.7625990117186952,
      "start_time": "2005-01-01T00:00:00Z",
      "picklist_major": "IT - Hardware/Networking",
      "major categories": "Computer and information technology",
      "major_categories_detail": "Computer"
    }
  ],
  "experiences": [
    {
      "id": 17157,
      "detail": "Manage development team, Design and QA team for company enterprise e-commerce product. Understand UX/UI and Wireframe of companys products and using Scrum process to manage work cycle. Act as a scrum master and manage sprint planning, demo and retrospective meeting and product quality throughout each sprint and across all teams.Also, being a bridge communication between team and all stakeholders.",
      "company": "Systum",
      "end_time": "2019-09-30T00:00:00Z",
      "industry": "Other",
      "position": "Product QA Manager",
      "conf_score": 0.7877575753619657,
      "start_time": "2017-07-01T00:00:00Z"
    },
    {
      "id": 17158,
      "detail": "Managing a team of 10 people for many large products - apps/website (mainly car sharing and booking car/taxi like Uber or Grab for big clients Envoy There, Glide... etc).Planning and daily meeting the work ahead using scrum methologyArranging resources, managing risks/conflicts and team issuesManaging, controlling and monitoring the work and resources.Reviewing the work once it has completed and deliver top quality products to clients.Along that is interviews and admin work within the office, make plan to motivate team and arrange team building... etc.",
      "company": "Keaz Vietnam",
      "end_time": "2017-07-31T00:00:00Z",
      "industry": "Other",
      "position": "Product Manager",
      "conf_score": 0.8615380587146474,
      "start_time": "2017-01-01T00:00:00Z"
    },
    {
      "id": 17159,
      "detail": "Managing a small team for a large project implementing a social event app and a medium size project that is a website/mobile app for yoga.Main contact point between clients and developers for any technical matters and negotiate with client about the estimation.Planning the work ahead and arrange resources and prepare work for resources and make sure the work run smoothly.Managing, controlling and monitoring the work and resources.Reviewing the work once it has completed and deliver top quality products to clients.",
      "company": "Global Outsource Solutions",
      "end_time": "2016-12-31T00:00:00Z",
      "industry": "High Technology",
      "position": "Product Manager",
      "conf_score": 0.8223927775282798,
      "start_time": "2015-10-01T00:00:00Z"
    },
    {
      "id": 17160,
      "detail": "Most of the projects are digital advertising and digital marketing, including designing flash banners, rich media banners & content, eDMs, micro sites and websitesManaging a small group of sources.Planning and budgeting project to provide (AOT and timeline).Excuting Jira/tasks management, monitoring and controlling the ongoing projectsHandling client change requests.Acting as Scrum Master and managed a small team to develop a large social app in a few months.",
      "company": "Studio 60 Vietnam",
      "end_time": "2015-07-31T00:00:00Z",
      "industry": "Other",
      "position": "Digital Producer",
      "conf_score": 0.937950662207651,
      "start_time": "2013-10-01T00:00:00Z"
    },
    {
      "id": 17161,
      "detail": "England programming graphics systems and image conversion / processing tools for computer games.",
      "company": "Playbox Ltd",
      "end_time": "2011-01-31T00:00:00Z",
      "industry": "Other",
      "position": "Programmer",
      "conf_score": 0.92247402137877,
      "start_time": "2009-01-01T00:00:00Z"
    }
  ],
  "address": null
}