{
  "skills": [
    "memcached",
    "java",
    "git",
    "c++",
    "analysis",
    "algorithm",
    "golang",
    "svn",
    "Internet",
    "apache spark",
    "reactjs",
    "j2ee",
    "linux",
    "redis",
    "mysql",
    "java core",
    "swing",
    "jquery",
    "nosql",
    "sql",
    "sql",
    "sales",
    "c#",
    "elasticsearch",
    "google analytics",
    "stack",
    "html5",
    "macos",
    "javascript",
    "apache",
    "website development",
    "database",
    "protocol",
    "analytics",
    "jsp",
    "implementation",
    "object oriented",
    "docker",
    "teamwork",
    "software development",
    "rest",
    "angularjs",
    "mongodb",
    "vuejs",
    "spring",
    "management",
    "asp"
  ],
  "fulltext": "ABOUT MEExperienced Full Stack Engineer with a history of working on large traffic applications.I can handle the entire software development life cycle. As an experienced trainer, I canshare my knowledge and experience with others to help team for growth.I'm interestedin large-scale system and want to make a career based on it (Realtime processing,BigData, etc.).WORK EXPERIENCEZALO OFFICIAL ACCOUNT (ZALO PAGE)JUNE 2016 - 2019Fullstack developer.- Platform is similar Facebook Fanpage.- Responsibilities : + Build back-end , middle-ware for system with my team. + Build system manage fan page for publishers. + Build operator tool.- Technologies used : Java , Memcached , Redis , Mysql , NoSql , Javascript , Angularjs ,Elasticsearch , Micro service with Thrift protocol ZALO MEDIANOV 2017 - 2018Fullstack developer.- Platform is similar Facebook Media- Allow publishers to post Articles and Videos to monetize ads.- Allow publishers to send messages to users followed in fan pages.- Responsibilities : + Build back-end , middle-ware for system with my team. + Build Article management system for publishers. + Build Article HTML5 Product.- Technologies used : Java , Memcached , Mysql , Javascript , Jquery , Event messagequeue , Micro service with Thrift protocol.ZALO E-COMMERCE (ZALO SHOP)JAN 2017 - 2019Fullstack developer.- E-commerce platform similar to Tiki, Lazada, Shopee.- Responsibilities: + Build back-end, middle-ware for system with my team. + Build Seller Center to help sellers manage their stores.- Technologies used : Java , Memcached , Mysql , Javascript , Angularjs , Elasticsearch ,Micro service with Thrift protocol ZALO TRAVELJAN 2018 - 2019Fullstack developer.- Integration with partners like Vexere, Atadi, Gotadi, Booking ... support ticket booking,train tickets, car tickets on Zalo.- Responsibilities : + Working with partners, designers and system implementations communicates withpartner services.- Technologies used : Java , Mysql , Javascript , Angularjs , React Js , Micro service withNGUYEN HOAI BAOFULLSTACK DEVELOPERMay 16, 1994 Male 0971995601 hoaibao.cg@gmail.comHo Chi Minh, VietnamSKILLSJavaJavascript + Angularjs + VuejsNodeJs/Golang/C/C++/C#High perfomance web scalableMysql , Sql Server , NosqlCaching protocolINTERESTSECReading booksSportsStackSpeaking 2016 developer.- Project is similar to Google Analytics, support tracking, log analysis to provide qualitymeasurement data of Zing products.- Responsibilities : + Maintaining and making some new feature for project.- Technologies used : Java , Spark Apache , Elasticsearch , Mysql , Javascript , AngularjsPROGRAMMING SKILLSJAN 2012 - FEB 2019SOFT SKILLSLANGUAGE ABILITY/SKILL- Java programming 3.5 years experience with Java Core , J2EE , Java Web , Springframework, Rest API Service.- Web programming 3 years experience (Javascript , AngularJS , Vuejs is the best).- Database 3 years experience with Mysql , Sql Server , Nosql as MongoDb- Caching system 2 years experience with Memcache , Redis - Strong scale system with micro service used Thrift Apache or Protobuff.- Knowledge Golang , NodeJs , ReactJs ,VueJs , Docker , Elasticsearch, BigData.- Knowledge of Object-Oriented Programming.- Algorithms Analysis and Design.- Platform : Linux, Windows, MacOs- Source code management : GIT, SVN.- Work independently or teamwork.- I have experience managing teams of more than 5 members .- Thinking and solve problem quickly.- Learn new experiences and knowledge via the Internet and colleagues around.- Friendly and sociable people.- English: basic communication and can read write document in English.HO CHI MINH UNIVERSITY OF SCIENCEMAY 2012 - OCT 2016 EDUCATIONSoftware DevelopmentSubject studies:- Programming languages: C, C++, VB.NET, C#, Java , MSSQL, MySQL- Subjects: Object - Oriented Programming, Systems Knowledge Base, AlgorithmsAnalysis and Design - Project: + Notepad (using C# language). + Cinema Management (using C# language) + Motel Management (using VB language). + Sales Management (using C# - Devexpress). + E-Commerce Website (using ASP.NET WebForm). + Website and application Flight Management (using Java Swing JSP). topcv.vn",
  "educations": [
    {
      "id": 5142,
      "gpa": null,
      "major": "Software Development",
      "school": "HO CHI MINH UNIVERSITY OF SCIENCE",
      "diploma": "Bachelors",
      "end_time": "2016-10-01T00:00:00Z",
      "conf_score": 0.9253303199186127,
      "start_time": "2012-05-01T00:00:00Z",
      "picklist_major": "Other",
      "major categories": "",
      "major_categories_detail": ""
    }
  ],
  "experiences": [
    {
      "id": 17199,
      "detail": ". - Integration with partners like Vexere, Atadi, Gotadi, Booking ... support ticket booking, train tickets, car tickets on Zalo. - Responsibilities : + Working with partners, designers and system implementations communicates with partner services.- Technologies used : Java , Mysql , Javascript , Angularjs , React Js , Micro service withThrift protocol ...",
      "company": "ZALO TRAVEL",
      "end_time": "2019-01-31T00:00:00Z",
      "industry": "High Technology",
      "position": "Fullstack developer",
      "conf_score": 0.9125776658202421,
      "start_time": "2018-01-01T00:00:00Z"
    },
    {
      "id": 17200,
      "detail": "- E-commerce platform similar to Tiki, Lazada, Shopee. - Responsibilities : + Build back-end , middle-ware for system with my team.+ Build Seller Center to help sellers manage their stores.- Technologies used : Java , Memcached , Mysql , Javascript , Angularjs , Elasticsearch , Micro service with Thrift protocol ...",
      "company": "ZALO E - COMMERCE (ZALO SHOP)",
      "end_time": "2019-01-31T00:00:00Z",
      "industry": "Trade",
      "position": "Fullstack developer",
      "conf_score": 0.8993947573653893,
      "start_time": "2017-01-01T00:00:00Z"
    },
    {
      "id": 17201,
      "detail": ". - Platform is similar Facebook Fanpage. - Responsibilities : + Build back-end , middle-ware for system with my team.+ Build system manage fan page for publishers.+ Build operator tool.- Technologies used : Java , Memcached , Redis , Mysql , NoSql , Javascript , Angularjs , Elasticsearch , Micro service with Thrift protocol ...",
      "company": "ZALO OFFICIAL ACCOUNT (ZALO PAGE)",
      "end_time": "2019-01-31T00:00:00Z",
      "industry": "High Technology",
      "position": "Fullstack developer",
      "conf_score": 0.8878488756685358,
      "start_time": "2016-06-01T00:00:00Z"
    },
    {
      "id": 17202,
      "detail": ". - Platform is similar Facebook Media - Allow publishers to post Articles and Videos to monetize ads.- Allow publishers to send messages to users followed in fan pages.- Responsibilities : + Build back-end , middle-ware for system with my team.+ Build Article management system for publishers.+ Build Article HTML5 Product. - Technologies used: Java, Memcached, Mysql, Javascript, Jquery, Event message queue, Micro service with Thrift protocol.",
      "company": "ZALO MEDIA",
      "end_time": "2018-01-31T00:00:00Z",
      "industry": "High Technology",
      "position": "Fullstack developer",
      "conf_score": 0.8878488756685358,
      "start_time": "2017-11-01T00:00:00Z"
    },
    {
      "id": 17203,
      "detail": ". - Project is similar to Google Analytics, support tracking, log analysis to provide quality measurement data of Zing products.- Responsibilities : + Maintaining and making some new feature for project.- Technologies used : Java , Spark Apache , Elasticsearch , Mysql , Javascript , AngularJS",
      "company": "ZING ANALYTICS",
      "end_time": "2016-12-31T00:00:00Z",
      "industry": "Other",
      "position": "Fullstack developer",
      "conf_score": 0.9125776658202421,
      "start_time": "2015-06-01T00:00:00Z"
    }
  ],
  "address": "Ho Chi Minh City, Vietnam"
}