{
  "skills": [
    "pap",
    "java",
    "analysis",
    "puppet",
    "jira",
    "solar energy",
    "eye for detail",
    "perseverance",
    "io",
    "project management",
    "selenium",
    "sql",
    "srs",
    "solarwinds",
    "mantis",
    "WIFI",
    "provably secure",
    "android",
    "tester",
    "redmine"
  ],
  "fulltext": "Résumé PERSONAL INFORMATION Full name Tran Ngoc Tho Date of birth 01/08/1991 Gender Male Phone 035.787.6883 Email ngoctho.tran.nd@gmail.com Hometown Vu Ban, Nam Dinh CAREER OBJECTIVES Return Become a software tester Improve your Selenium and Jmeter skills Learn and participate in discussions about new knowledge about testing PROFESSIONAL Having good knowledge of Software Testing. Having nearly 5 years of experience in software testing: analyzing SRS, making Tetsplan, writing checklists, test cases, test reports, error logs, writing software manuals. Good business analysis. Diligent, careful, persistent. Able to work well independently and in a team. DEVICES & CERTIFICATES From: 09/2009 To: 06/2014 Academy of Cryptographic Engineering Faculty: Information Security From: 10/2016 To: 12/2016 Test club Center Course : Selenium webdriver WORK EXPERIENCE From: March 2019 To : now Outsourcing Panasonic From: January 2018 To December 2018 Company: WWW.Techonology Job: Tester From: June 2017 To November 2018 Company: Ali Job: Freelancer_Tester From: October 2015 To : December 2017 Company: Technical & Operating Staff at Puppet Team Job: Junior tester From: October 2014 To: October 2015 Company: Sgroup Job: Staff Tester SKILLS Level: 1-4 Aware (Basic, need to practice more); 5-7 Knowledgeable (Intermediate, can use it at work); 8-10 Proficient (Advanced, very good to use it at work) Competencies Level Java Aware, 4/10 SQL server Knowledgeable, 6/10 Selenium webdriver Knowledgeable, 5/10 Jmeter Knowledgeable, 6/10 Jira, Mantis Proficient, 8/ 10 LANGUAGES Language Level Notes English Medium Reading Japanese documents SOME PROJECTS PARTICIPATED in iMonotor Company: Panasonic Client: Panasonic customer Project description: Managing the purchasing and production of electricity by energy sun, wind. OS : dedicated terminal, Android, IOS, Web Job: Tester: - Read and understand requirements - Create Testcases - Execute Test - Report bugs via redmine Wifi card reader Company: Panasonic Customer: Panasonic customer Project description: Share and store music, photos, documents through a dedicated terminal. OS : Android, IOS Job: Tester: - Read, understand and analyze requirements - Create Testcases - Execute Test - Report bugs via redmine PAP Company: Panasonic Client: Panasonic customer Project description: Manager, create, and decentralize with Organization/Project/DeviceGroup OS : Web Job: Tester: - Read understand and analyze requirements - Create Testcases - Execute Test - Report bugs via redmine PNR Company: Panasonic Customer: Customer of Panasonic Project Description: A Plugin for more convenient redmine management. OS : Web Job: Tester: - Read and understand requirements - Create Testcases - Execute Test - Report bugs via redmine iMokTranslator Company: Ali Client: iMokTranslator Project Description: Application looking for interpreters according to professional requirements. Job: Tester: - Read, understand and analyze requirements - Make Test plan - Create Testcases - Execute Test - Report bugs via jara Nhaphangali.vn Company: Ali Client: Company product Project description: Website Receive orders linked to major Chinese e-commerce sites: taobao, Alibaba.. Job: Tester: - Read, understand SRS - Write Testcases - Make Test - Write Test Report Game Barahatayo Company: Sgroup Guest Product: Philippines Project Description: Mobile game for partners. Barahatayo is a traditional Filipino card game Job: Tester: - Read, understand SRS - Write Testcases - Perform Test - Write Test Report",
  "educations": [
    {
      "id": 5149,
      "gpa": null,
      "major": "Safety information",
      "school": "Academy of Cryptography Engineering",
      "diploma": "Bachelors",
      "end_time": "2016-10-01T00:00:00Z",
      "conf_score": 0.812505883366771,
      "start_time": "2014-06-01T00:00:00Z",
      "picklist_major": "IT - Hardware/Networking",
      "major categories": "Computer and information technology",
      "major_categories_detail": "Information technology"
    }
  ],
  "experiences": [
    {
      "id": 17217,
      "detail": "",
      "company": "Panasonic",
      "end_time": "2023-04-13T00:00:00Z",
      "industry": "Manufacturing",
      "position": "Outsourcing",
      "conf_score": 0.7897513794629749,
      "start_time": "2019-03-01T00:00:00Z"
    },
    {
      "id": 17219,
      "detail": "",
      "company": "WWW.Technology",
      "end_time": "2018-12-31T00:00:00Z",
      "industry": "High Technology",
      "position": "Tester",
      "conf_score": 0.8954218398397654,
      "start_time": "2018-01-01T00:00:00Z"
    },
    {
      "id": 17221,
      "detail": "",
      "company": "Ali",
      "end_time": "2018-11-30T00:00:00Z",
      "industry": "Other",
      "position": "Freelancer_Tester",
      "conf_score": 0.828658265133328,
      "start_time": "2017-06-01T00:00:00Z"
    },
    {
      "id": 17223,
      "detail": "",
      "company": "at Puppet Team",
      "end_time": "2017-12-31T00:00:00Z",
      "industry": "Other",
      "position": "Junior tester",
      "conf_score": 0.8225550773200425,
      "start_time": "2015-10-01T00:00:00Z"
    },
    {
      "id": 17224,
      "detail": "",
      "company": "Sgroup",
      "end_time": "2015-10-31T00:00:00Z",
      "industry": "Other",
      "position": "Tester staff",
      "conf_score": 0.828658265133328,
      "start_time": "2014-10-01T00:00:00Z"
    }
  ],
  "address": "Vu Ban, Nam Dinh"
}