{
  "skills": [
    "resharper",
    "sourcetree",
    "amazon workspace",
    "development testing",
    "javascript",
    "c#",
    "management",
    "studio",
    "enterprise",
    "entity framework",
    "git",
    "project management",
    "teamcity",
    "website development",
    "design patterns",
    "sql",
    "css",
    "jira",
    "nunit",
    "visual studio",
    "le",
    "unit testing",
    "testing",
    "microsoft",
    "dependency injection",
    "backend development",
    "oracle",
    "continuous integration",
    "bitbucket",
    "agile",
    "project management software",
    "html"
  ],
  "fulltext": "EXPERIENCETECHNOLOGY ONE - TMA SOLUTIONSBackend Developer2016- 2019 I worked for the TechnologyOne team - a comprehensive platform providing Enterprise Software solutions and services that transform business and make life simple for the customers.- 3+ years practical experience on a web-based application.- Good understanding and experience in working in an agile team. - Experience in project management software: JIRA.- Experience in version control system such as Git, TFS.- Experience in working with CI system such as TeamCity.- Experience in communication with client in English.- Ability to mentoring newcomers and do code review for team members. - Ability to follow, maintain and lead the team on strict coding standards.TIN NGUYENBACKEND DEVELOPERABOUT MEIm an experienced backend developer with a solid background in web development using .Net framework. My business domain is mainly in enterprise software (Student management, property and rating...).Responsible, passionate and able to work under pressure. Im looking forward to honing and develop my skills in order to become more complete and can utlize my knowledge efficiently for the growth of the organization.TECHNICAL SKILLSMicrosoft technologiesProficient in use of C#, .Net Framework, Entity Framework.Intermediate level of HTML, CSS, Javascript, ...Frontend technologiesSQL Server and Oracle.Relational databasesVisual Studio, Visual Studio Code, JetBrain RiderIDEToolsCommand Shell, Bitbucket, SourceTree, TeamCity, Jira, Confluence, - Amazon Workspace, Resharper, OneNote...MsTest, NUnit.Unit testsPracticalesDesign Patterns , Dependency Injection, Continuous Integration, Unit Testing, Code ReviewCONTACTAddress: 24/7 Le Thi Hong, Go Vap, HCMCPhone: (+84) 386 596 455Email: hoangtin1514 @gmail.comEDUCATIONUniversity of ScienceBACHELOR OF INFORMATION TECHNOLOGY SPECIALIZED SOFTWAREFOR ENGINEERING2013 - 2017GPA APPRAISAL LEVEL 52017It's the highest level of the yearly employee assessment at TMA. INTERNAL HACKDAY FIRST FRIZE2017The event held by the customerto collect innovation ideas to improve the product.TMA QUARTERLY STAR PERFORMER2019HOBBIESMusicBowling pinsCyclingPhotography",
  "educations": [
    {
      "id": 5150,
      "gpa": "7.5",
      "major": "Software technology",
      "school": "University of Science",
      "diploma": "Bachelors",
      "end_time": "2017-01-01T00:00:00Z",
      "conf_score": 0.7625990117186952,
      "start_time": "2013-01-01T00:00:00Z",
      "picklist_major": "IT - Hardware/Networking",
      "major categories": "Computer and information technology",
      "major_categories_detail": "Computer"
    }
  ],
  "experiences": [
    {
      "id": 17225,
      "detail": "I worked for the TechnologyOne team - a comprehensive platform providing Enterprise Software solutions and services that transform business and make life simple for the customers.- 3+ years practical experience on a web-based application.- Good understanding and experience in working in an agile team.- Experience in project management software: JIRA. - Experience in version control system such as Git, TFS. - Experience in working with CI system such as TeamCity. - Experience in communication with client in English. - Ability to mentoring newcomers and do code review for team members.- Ability to follow, maintain and lead the team on strict coding standards.",
      "company": "TECHNOLOGY ONE - TMA SOLUTIONS",
      "end_time": "2019-01-31T00:00:00Z",
      "industry": "High Technology",
      "position": "Backend Developer",
      "conf_score": 0.9125776658202421,
      "start_time": "2016-01-01T00:00:00Z"
    }
  ],
  "address": "24/7 Le Thi Hong, Go Vap, Ho Chi Minh City"
}