{
  "skills": [
    "stack",
    "java",
    "client server",
    "multi tenant",
    "implementation",
    "cloud",
    "c#",
    "cloud service",
    "mongodb",
    "rest",
    "java core",
    "entity framework",
    "vuejs",
    "linq",
    "spring",
    "windows server 2016",
    "spring mvc",
    "roof",
    "maintenance",
    "asp",
    "business intelligence",
    "sql",
    "signalr",
    "software development",
    "making decision",
    "mvc",
    "identity",
    "entity framework core",
    "reactjs",
    "system design",
    "backend development",
    "continuous integration",
    "orm",
    "hibernate",
    "windows server",
    "full stack development",
    "mysql",
    "scripting"
  ],
  "fulltext": "Mai Xuan Loc 73/10 Van Than, District 6, HCM SOFTWARE DEVELOPER Results-oriented software engineer comfortable switching between architecture, design and implementation. Knowledge of ecommercial, knowledge base software. Skilled in developing business plans, requirement specifications and architectural system design/implementation. Innovator of new technologies, systems and applications producing outstanding results for customers. Technology Summary C# - .Net, .Net Core, Asp.Net MVC, SQL Server, MongoDB, Cake Build, Windows Server 2016/2012, IIS 10, Source Control. Work Experience FileString Vietnam -- District 10, HCM Senior Software Developer, March 2018 to Present Develop, maintain and support new application programs for construction of SiteOne Services Inc. The application offers their clients an entire range of warranty services, including new-buyer orientations, 30-day homeowner walk-throughs, and a variety of post move-in services, including home-maintenance solutions Accomplishments: Reengineered multiple systems that fueled improvements to productivity, efficiency, uptime with .Net Core. Developed new procedures for requirements gathering, functionality of business-critical issues. Participated in the design architecture, implementation and deployment of client/servers. Scripting build and auto deployment scripts to handle the continuous integration during the development with other teams. Trained and mentored junior programmers in programming methodologies and project technologies. Migrate current data to the new systems to support the business of their current customers. Technologies: .Net Core, Entity Framework Core, Identity Server 4, REST APIs, multi-tenant architecture, CQRS - Event Sourcing, SignalR, MongoDB and SQL Server. FileString Vietnam -- District 10, HCM .Net Developer, 02/2017 to 02/2018 Develop new application which provides the transforming ITSM software into a knowledge-centric, data-driven, decision-making system - KnowledgeDesk of Vitil Solutions Inc Accomplishments: Reengineered the out-of-date program with Asp.Net Core and ReactJs. Coded new solutions that increased productivity by using stored procedures instead of massive LinQ. Participated in the design architecture, implementation and deployment of client/servers. Technologies: Asp.Net Core, Entity Framework, Identity Server 3, REST APIs, multi-tenant architecture and SQL Server. Intelligence Business Solutions Vietnam -- 119 Ly Chinh Thang, HCM IT Engineer (Java Team), 05/2016 to 01/2017 Work as full stack developer to implement tasks including enhancements, maintenance and support for clients applications and interfaces. Accomplishments: Developed and implemented cross-platform, Java-based HR system. Technologies: Java Core, Spring MVC, Seasar, MySQL and VueJS. FPT SOFTWARE HCM -- District 9, HCM Java Developer, 04/2014 to 04/2016 Work as a back-end developer of cloud services for smart TVs provider - Toshiba. Accomplishments: Take the responsibility for gathering customer requirements for both the improvement and the new features of the current system. Implement core features as the specifications. Define tests and perform tests to make sure the quality of code. Join in discussion with customers to suggest enhancements for end-users. Technologies: Java Core, Spring MVC, ORM with Hibernate, MySQL and Google Web Toolkit. Education FPT UNIVERSITY -- District 12, HCM Bachelor of Software Engineering Certifications : MCSA: Web Applications certification",
  "educations": [
    {
      "id": 5151,
      "gpa": null,
      "major": "Software technology",
      "school": "FPT UNIVERSITY",
      "diploma": "Bachelors",
      "end_time": null,
      "conf_score": 0.8964331074559828,
      "start_time": null,
      "picklist_major": "IT - Hardware/Networking",
      "major categories": "Computer and information technology",
      "major_categories_detail": "Computer"
    }
  ],
  "experiences": [
    {
      "id": 17226,
      "detail": "Develop, maintain and support new application programs for construction of SiteOne Services Inc. The application offers their clients an entire range of warranty services, including new-buyer orientations, 30-day homeowner walk-throughs, and a variety of post move-in services, including home-maintenance solutionsAccomplishments: Reengineered multiple systems that fueled improvements to productivity , efficiency, uptime with .Net Core. Developed new procedures for requirements gathering, functionality of business-critical issues. Participated in the design architecture, implementation and deployment of client/servers. Scripting build and auto deployment scripts to handle the continuous integration during the development with other teams. Trained and mentored junior programmers in programming methodologies and project technologies. Migrate current data to the new systems to support the business of their current customers.Technologies: .Net Core, Entity Framework Core, Identity Server 4, REST APIs, multi-tenant architecture, CQRS - Event Sourcing, SignalR, MongoDB and SQL Server.",
      "company": "FileString Vietnam",
      "end_time": "2023-04-13T00:00:00Z",
      "industry": "Other",
      "position": "Senior Software Developer",
      "conf_score": 0.9309791790920914,
      "start_time": "2018-03-01T00:00:00Z"
    },
    {
      "id": 17227,
      "detail": "Develop new application which provides the transforming ITSM software into a knowledge-centric, data-driven, decision-making system - KnowledgeDesk of Vitil Solutions Inc Accomplishments: Reengineered the out-of-date program with Asp.Net Core and ReactJs. Coded new solutions that increased productivity by using stored procedures instead of massive LinQ. Participated in the design architecture, implementation and deployment of client/servers.Technologies: Asp.Net Core, Entity Framework, Identity Server 3, REST APIs, multi-tenant architecture and SQL Server.",
      "company": "FileString Vietnam",
      "end_time": "2018-02-28T00:00:00Z",
      "industry": "Other",
      "position": ".Net Developer",
      "conf_score": 0.8898313337574008,
      "start_time": "2017-02-01T00:00:00Z"
    },
    {
      "id": 17228,
      "detail": "Work as full stack developer to implement tasks including enhancements, maintenance and support for clients applications and interfaces.Acomplishments: Developed and implemented cross-platform, Java-based HR system.Technologies: Java Core, Spring MVC, Seasar, MySQL and VueJS.",
      "company": "Intelligence Business Solutions Vietnam",
      "end_time": "2017-01-31T00:00:00Z",
      "industry": "High Technology",
      "position": "IT Engineer (Java Team),",
      "conf_score": 0.8833244467737128,
      "start_time": "2016-05-01T00:00:00Z"
    },
    {
      "id": 17229,
      "detail": "Work as a back-end developer of cloud services for smart TVs provider - Toshiba. Accomplishments: Take the responsibility for gathering customer requirements for both the improvement and the new features of the current system. Implement core features as the specifications. Define tests and perform tests to make sure the quality of code. Join in discussion with customers to suggest enhancements for end-users.Technologies: Java Core, Spring MVC, ORM with Hibernate, MySQL and Google Web Toolkit.",
      "company": "FPT SOFTWARE HCM",
      "end_time": "2016-04-30T00:00:00Z",
      "industry": "High Technology",
      "position": "Java Developer",
      "conf_score": 0.9171639347300826,
      "start_time": "2014-04-01T00:00:00Z"
    }
  ],
  "address": "73/10 Van Than, District 6, Ho Chi Minh City"
}