{
  "skills": [
    "java",
    "javascript",
    "graphql",
    "ams",
    "es6",
    "project tracking",
    "redux",
    "frontend development",
    "git",
    "kotlin",
    "firebase",
    "typescript",
    "redux saga",
    "react native",
    "operating system",
    "medium",
    "swift",
    "javascript framework",
    "clevertap",
    "saas",
    "jira",
    "github"
  ],
  "fulltext": "FRONTEND DEVELOPER REACT NATIVE MOBILE DEVELOPERCOVER LETTER Dear Sir. I am writing in response to your advertisement for a React Native(RN) programmer. My name is Tran Minh and I am a 23 years old RN mobile developer. I have over one year of experience working with RN and JavaScript(JS). I believe that I am an appropriate candidate for this position. I have an excellent knowledge of RN, JS, e-commerce, IaaS, and SaaS. I am also able to work with RNs modern framework, the JavaScript framework and library, Jira, Zeplin, Flawless, Sketch, Adobe XD and GIT. My most important goal is to work in a professional environment and to expand my knowledge and abilities. I am able to work under high pressure and maintain a cooperative attitude working with other team members. I am also a quick learner and very adaptable, and determined and eager to apply my best efforts to complete assigned tasks, and I am willing to work overtime. I was born in Tay Ninh in 1996. I am a young, active, and intelligent person who can adapt quickly to new environments. If you need any further information about me, dont hesitate to contact me. Please reply to me at the indicated e-mail address in this letter. I look forward to hearing from you. Your faithfully, Tran Nhat Minh FRONTEND DEVELOPER 788/39c Nguyen Kiem Str, 3rd, Go Vap District, HCMC 0393773912 Alien_viii@outlook.com w: www.caiwindao.info fb.com/trannhatminhhoathanh alien_viii_1 github.com/AlienVIII I am a young , active, and intelligent person who can adapt quickly to new environments. I have over one year of experience working with React Native and JavaScript. PROFILE EDUCATION EXPERIENCE Relia System Ho Chi Minh City Junior React Native developer. Design and develop quiz game app(420), booking - selling and rental car app(Loomky), tracking improve health app(Skooc), selling-booking food and manage store app(CyberShop), magazine app(ONE FC). *All apps are not yet released :( Except ONE FC(AppStore) September 2018 - Current Objectives & Skill Programming Language: - JavaScript - Java - Swift - Kotlin Operating System: - Mac OS - Windows Interests: - Historical books - HardStyle & Trap music - Tequila & Whiskey - Dota 2 CONTACT Univercity of Technology HUTECH Ho Chi Minh City 2014 - 2014 - 2018Another Technical Skill: - CI, CD - GIT - Jira - Sketch - Firebase - Issue & Project Tracking Software - Adobe XD - ES6. - TypeScript TRAN NHAT MINH JUNIOR MOBILE DEVELOPER TRAN NHAT MINH PROJECTS LOOMKY Booking, rental and selling app Position: Front-End Developer, team size: 3. Technologies: - JavaScript (React Native) - Redux Saga - Axios - Firebase September 2018 December 2018 Skooc Tracking, improve health app www.skooc.com fb.com/Skooc Skooc is a healthcare company focussed on improving the obesity led conditions of young children and adolescents through transformation. technology based approach to help families correct the lives of their children by reversing both physical and psychological conditions caused by obesity. Position: Front-End Developer, team size: 4. Technologies: - JavaScript (React native) - Axios - Firebase - Kotlin - Java - Redux Saga November 2018 Current 420 Quiz gaming app Position: Front-End Developer, team size: 3. Technologies: - JavaScript (React native) - Axios - Firebase - Redux Saga December 2018 Current ONE FC Sport magazine app www.onefc.com Largest sports media property in Asias history. The Forbes. Position: Front-End Developer, team size: 4. Technologies: - JavaScript (React native) - Redux Saga - Axios - CleverTap January 2019 March 2019 CyberShop Booking-selling, manage store app Position: Front-End Developer, team size: 2 Technologies: - JavaScript (React native) - GraphQL - Redux Saga - Firebase March 2019 Current - Firebase",
  "educations": [
    {
      "id": 5153,
      "gpa": null,
      "major": null,
      "school": "University of Technology - HUTECH",
      "diploma": "Other",
      "end_time": "2014-01-01T00:00:00Z",
      "conf_score": 0.9129551089991528,
      "start_time": "2014-01-01T00:00:00Z",
      "picklist_major": "Other",
      "major categories": "",
      "major_categories_detail": ""
    }
  ],
  "experiences": [
    {
      "id": 17232,
      "detail": ". Design and develop quiz game app(420), booking - selling and rental carapp(Loomky), tracking - improve health app(Skooc), selling-booking food and manage store app(CyberShop), magazine app(ONE FC). *All apps are not yet released :( Except ONE FC(AppStore) Se",
      "company": "E Relia System",
      "end_time": "2023-04-13T00:00:00Z",
      "industry": "Other",
      "position": "Junior React Native developer",
      "conf_score": 0.8512808017435886,
      "start_time": "2018-09-01T00:00:00Z"
    }
  ],
  "address": "Ninh"
}