{
  "skills": [
    "stack",
    "sc",
    "angular",
    "java",
    "javascript",
    "ams",
    "mongodb",
    "gitlab",
    "frontend development",
    "jquery",
    "git",
    "ubuntu",
    "structure",
    "sell",
    "react native",
    "education technology",
    "css",
    "interpersonal skills",
    "bitbucket",
    "le",
    "reactjs",
    "angular 2",
    "cell phone",
    "teamwork",
    "problem solving",
    "full stack development",
    "angularjs",
    "mysql",
    "html"
  ],
  "fulltext": "TRAN PHU QUOC 67/33 Tran Ke Xuong, W7, Dis Phu Nhuan, HCMC SUMMARY: Graduated from HCMC University of Technology and Education + Professional Diploma in Information Technology/DNIIT. Im a software engineer with 3 years in experience. I have 3 years in experience as front-end by using HTML/CSS, JavaScript, Angular2-7 and ReactJS (code basic and research) In back-end, I have 16 months in NodeJS. I am very optimistic, self-motivated, and most importantly, I am not afraid of new challenges and willing to go above and beyond to deliver high quality work. I enjoy working in team as well as working independently. Besides that, I am curious and interested in software engineering and new technology. EDUCATION: HCMC University of Technology and Education (Ho Chi Minh City, Vietnam) An Information Technology Engineer (2010-2014) NITT College (Ho Chi Minh City, Vietnam) Professional Diploma in Information Technology/DNIIT, (November 2013) OBJECTIVE : Being a Chief Technology Officer in next 8 years. Travel around the world when I get retired. INTERESTS: Music, reading, swimming, traveling, outdoor activities, playing football. NOTABLE EXPERIENCE/SKILLS (1 10): Study and go to work Angular 2-7+ JavaScript HTML CSS NodeJS ReactJS React Native Java GIT Relevant Skills Ability to work under pressure and focus on deadlines/deliverables Strong interpersonal skills, passionate about teamwork Good analytical and searching for new technologies. Work hard and Problem solving Page 1 of 4 CV_SoftwareEngineer_TRANPHUQUOC_+84939666212 EXPERIENCES WORKING: o Monster Pixel ( Oct 2018 - present) o Senior Full-stack Development Main responsibilities: Create website by using Angular 6+, ngRx. Create API NodeJs Backend o LVNN (Oct 2017 Sept 2018) o Full-stack Development Main responsibilities: Develop a social network product by using Angular 5 6+, ngRx for Front End Create the source code structure for front end Using NodeJs for BackEnd o Resignations reason: The project had finished o VNNG Information Technologies VNNG IT (Jan 2016 Oct 2017) o Software Engineer Main responsibilities: Create website app by using Angular JS, Angular 2, ngRedux, Jquery. Create image hosting server by Nodejs. Create API (Nodejs, MongoDB). o HardWare Engineer Main responsibilities: Build Domain Controller (Win-server). Build Mail Exchange server (Mail Exchange 2013). Build GitLab Server (Ubuntu Server). Build VPN server (Win-server). Write bash script auto commit code from Gitlab (local) to Bitbucket. o Resignations reason: Product Fail o Projects o VooDoo ( Dec 2018 - present) Customer Register for a medical appointment Description Where the patient can make an appointment to be examined at a hospital recommended by the Doctor Team 2 My Position Full Stack Developer My Responsibilities - Create the source structure BE FE - FE using Angular 6 - BE NodeJs TypeORM - MySQL Technologies Used Angular 6 NodeJs o XSPON ( Nov 2018 - present) Customer SELL & BUY Event CV_SoftwareEngineer_TRANPHUQUOC_+84939666212 Page 2 of 4 Description Create an event for partners to buy positions introduced at that event. Team 4 My Position Full Stack Developer My Responsibilities - Create the source structure BE FE - FE using Angular 6 - BE NodeJs TypeORM - MySQL Technologies Used Angular 6 NodeJs o TripnJoy (Mar 2018 - present) Customer Product of Company Description An Ecommerce platform to support Traveler Tour Guide connect by tour guide create Trip or Traveler custom yours think. Team 5 My Position FrontEnd Developer My Responsibilities - Convert PSD to HTML SCSS. - Create website using Angular Technologies Used Angular 5-6 Java o Livinghomes (Feb 2017 Mar 2018) Customer Livinghomes Description Used to place houses, rooms, ... My Position Front-End Developer My Responsibilities - Support fix web logic AngularJS - Fix Less for page Technologies used AngularJS Dot Net Page 3 of 4 CV_SoftwareEngineer_TRANPHUQUOC_+84939666212 o TCA (Nov 2017 Feb 2018) Customer Dubai (visitabudhabi) Description About some of Dubai's major tourist attractions and museums. Team 4 My Position Front-End Developer My Responsibilities - Convert PDS to Bug, and Less. - Using Handelbar.js get data for Bug. Technologies Used Bug, Less, Jquery, Handelbar.js, Dot Net (sitecore) o Aoste (Oct 2017 Nov 2017) Customer Aoste Description Abouts Introduction My Position Front-End Developer My Responsibilities - Support fix Jquery web. - Some more feature for page Technologies used Bug, Less, Jquery o Swap-ez (Jan 2016 - June 2017) Customer Product of Company Description An Ecommerce platform to support people buy, sell and exchange (Cell phone, Tablet,..). Team 8 My Position Developer My Responsibilities - Create website using Angular 2 , ngRedux, Jquery.(80%) - Create API using NodeJS (20%) Technologies used Angular 2 NodeJs Page 4 of 4 CV_SoftwareEngineer_TRANPHUQUOC_+84939666212",
  "educations": [
    {
      "id": 5164,
      "gpa": null,
      "major": "Information technology",
      "school": "HCMC University of Technology and Education",
      "diploma": "Bachelors",
      "end_time": null,
      "conf_score": 0.8068129048596645,
      "start_time": null,
      "picklist_major": "IT - Hardware/Networking",
      "major categories": "Computer and information technology",
      "major_categories_detail": "Information technology"
    },
    {
      "id": 5165,
      "gpa": null,
      "major": "Information technology",
      "school": "HCMC University of Technology and Education",
      "diploma": "Bachelors",
      "end_time": "2014-01-01T00:00:00Z",
      "conf_score": 0.9015919502229335,
      "start_time": "2010-01-01T00:00:00Z",
      "picklist_major": "IT - Hardware/Networking",
      "major categories": "Computer and information technology",
      "major_categories_detail": "Information technology"
    },
    {
      "id": 5166,
      "gpa": null,
      "major": "Information technology",
      "school": "NITT College",
      "diploma": "Colleges",
      "end_time": "2013-11-01T00:00:00Z",
      "conf_score": 0.795966882854041,
      "start_time": null,
      "picklist_major": "IT - Hardware/Networking",
      "major categories": "Computer and information technology",
      "major_categories_detail": "Information technology"
    }
  ],
  "experiences": [
    {
      "id": 17273,
      "detail": "ain responsibilities: Create website by using Angular 6+, ngRx. Create API NodeJs Backend",
      "company": "Monster Pixel",
      "end_time": "2023-04-13T00:00:00Z",
      "industry": "Other",
      "position": "Senior Full - stack Development",
      "conf_score": 0.9159184552994625,
      "start_time": "2018-10-01T00:00:00Z"
    },
    {
      "id": 17274,
      "detail": "ain responsibilities: Develop a social network product by using Angular 5 - 6+, ngRx for Front End Create the source code structure for front end Using NodeJs for BackEnd o Resignations reason: The project had finished",
      "company": "LVNN",
      "end_time": "2018-09-30T00:00:00Z",
      "industry": "Other",
      "position": "Full - stack Development",
      "conf_score": 0.9242175468478587,
      "start_time": "2017-10-01T00:00:00Z"
    },
    {
      "id": 17275,
      "detail": "Main responsibilities: Create website app by using Angular JS, Angular 2, ngRedux, Jquery. Create image hosting server by Nodejs. Create API (Nodejs, MongoDB).",
      "company": "VNNG Information Technologies VNNG IT",
      "end_time": "2017-10-31T00:00:00Z",
      "industry": "High Technology",
      "position": "Software Engineer",
      "conf_score": 0.9366854869698321,
      "start_time": "2016-01-01T00:00:00Z"
    }
  ],
  "address": "67/33 Tran Ke Xuong, W7, Dis Phu Nhuan, Hcmc"
}