{
  "skills": [
    "stores management",
    "marketing",
    "management consulting",
    "sales",
    "management",
    "market research",
    "sell",
    "recruitment",
    "windows server 2008",
    "network management",
    "strategic thinking",
    "network infrastructure",
    "microsoft",
    "communication skills",
    "database",
    "teamwork",
    "information management",
    "windows server",
    "problem solving",
    "product features"
  ],
  "fulltext": "NGUYEN THAI SON Skills Summary Inspirational skills Persistence & self-motivation Communication skills Relationship Building Time management skills Continuous learning skills Strategic Thinking Education - Graduate Diploma in Computer Application - Transworld Institute of Business Management, Bangalore, India (September 2006 - June 2009) - Microsoft Certified Technology Specialist in Windows Server 2008 Network Infrastructure and Active Directory, Configuration - Microsoft Certified IT Professional (MCITP) - Inbound Sale Certificates Experience 11/2018 06/2019 Team Leader & Account Manager EZ Solution - Manage team of 6 personnel include: 3 Sales, 1 Pre-Sale, 1 Customer Success Executive. - Manage the assigned customer database. Improve customer satisfaction by improving responsiveness and anticipating customer needs. - Responsible for Upsell, Cross sell and Renewal 01/2018 10/2018 Director of Can Tho branch EZ Solution - Implement recruitment, training personnel at the branch. - Build customer database, evaluate purchase behavior and customer needs. - Market research, building marketing and advertising strategies. - Implement promotional programs according to company plans - Monitor and report the business and financial situation at the branch 10/2017 12/2017 Team Leader 2 EZ Solution - Manage team of 6 salespeople and participate in sales. - Join the company's recruitment steps, train and help team members to become A Player. - Set goals for team and members, operate, organize team meetings, ensure team work closely and effectively to achieve the goals set. - Participate in quarterly meetings of the company, communicate to members about the development orientation, company culture. 05/2016 09/2017 Salesperson EZ Solution - Calling customers to find out information, management needs and difficulties that customers are having - Consulting management solutions for shop owners, supporting customers to achieve the objectives of managing and operating the store - Convince customers to use sales management software - Report plans, goals, daily work results. 10/2015 04/2016 Customer Success EZ Solution - Consulting the operation process and store management with software for customers in the retail and restaurant industry. - Responsible for guiding customers to use software in accordance with the agreed process. - Warning vulnerabilities in store management, combined with shop owners to ensure that employees always operate the software properly. - Support, care, create relationships with customers after sales directly or remotely via Teamviewer. - Consulting sales of service packages and associated products when customers need to expand or upgrade. 06/2012 - 08/2015 Network Management Engineer FPT Telecom - Manage transmission lines, determine arising problems, errors on network system, transmission lines in responsible area and promptly troubleshoot - Support clients, solve problems for them at home, instruct clients on how to set up and use network devices correctly and troubleshooting ways for easy problems 3 - Receive feedback from clients, thence suggest and take measures to improve network quality and clients satisfaction - Translate technical documents into Vietnamese under requests - Support colleagues in daily works to complete common goals - Learned points: Communication, Teamwork, Problem solving, Time management 11/2010 - 02/2012 Salesperson Phu Thinh Co., Ltd. - Following up the consumption of resellers and retailers in the assigned area - Assess customers' needs, explain and demonstrate product features - Sell companys products in the assigned market/territory within the respective business group - Quote and negotiate prices and credit terms, prepare contracts and relative documentation - Develop and maintain strong business relationship with existing and new resellers - Effectively plan sales and services activities in assigned territory to ensure that sales plans and targets are achieved - Meet established sales quotas and revenue goals - Follow up credit collection Awards and Acknowledgements - Excellent sales staff 3rd quarter of 2017 - Excellent salesman First Quarter 2019 - The branch achieved the highest sales in August 2018",
  "educations": [
    {
      "id": 5167,
      "gpa": null,
      "major": "Public Relations",
      "school": "Transworld Institute of Business Management",
      "diploma": "Other",
      "end_time": "2009-06-01T00:00:00Z",
      "conf_score": 0.9162385206282713,
      "start_time": "2006-09-01T00:00:00Z",
      "picklist_major": "Advertising/Promotion/PR",
      "major categories": "Press and information",
      "major_categories_detail": "Press and media"
    }
  ],
  "experiences": [
    {
      "id": 17276,
      "detail": "- Manage team of 6 personnel including: 3 Sales, 1 Pre-Sale, 1 Customer Success Executive. - Manage the assigned customer database. Improve customer satisfaction by improving responsiveness and anticipating customer needs.- Responsible for Upsell, Cross sell and Renewal",
      "company": "EZ Solution",
      "end_time": "2019-06-30T00:00:00Z",
      "industry": "High Technology",
      "position": "Team Leader & Account Manager",
      "conf_score": 0.9175172730272324,
      "start_time": "2018-11-01T00:00:00Z"
    },
    {
      "id": 17277,
      "detail": "- Implement recruitment, training personnel at the branch.- Build customer database, evaluate purchase behavior and customer needs.- Market research, building marketing and advertising strategies.- Implement promotional programs according to company plans- Monitor and report the business and financial situation at the branch",
      "company": "Can Tho branchEZ Solution",
      "end_time": "2018-10-31T00:00:00Z",
      "industry": "High Technology",
      "position": "Director of",
      "conf_score": 0.920031615510459,
      "start_time": "2018-01-01T00:00:00Z"
    },
    {
      "id": 17278,
      "detail": "- Manage team of 6 salespeople and participate in sales.- Join the company's recruitment steps, train and help team members to become A Player. - Set goals for team and members, operate, organize team meetings, ensure team work closely and effectively to achieve the goals set.- Participate in quarterly meetings of the company, communicate to members about the development orientation, company culture.",
      "company": "EZ Solution",
      "end_time": "2017-12-31T00:00:00Z",
      "industry": "High Technology",
      "position": "Team Leader",
      "conf_score": 0.9142206543796373,
      "start_time": "2017-10-01T00:00:00Z"
    },
    {
      "id": 17279,
      "detail": "- Calling customers to find out information, management needs and difficulties that customers are having- Consulting management solutions for shop owners, supporting customers to achieve the objectives of managing and operating the store- Convince customers to use sales management software- Report plans, goals, daily work results.",
      "company": "EZ Solution",
      "end_time": "2017-09-30T00:00:00Z",
      "industry": "High Technology",
      "position": "Salesperson",
      "conf_score": 0.9175172730272324,
      "start_time": "2016-05-01T00:00:00Z"
    },
    {
      "id": 17280,
      "detail": "- Consulting the operation process and store management with software for customers in the retail and restaurant industry.- Responsible for guiding customers to use software in accordance with the agreed process.- Warning vulnerabilities in store management, combined with shop owners to ensure that employees always operate the software properly.- Support, care, create relationships with customers after sales directly or remotely viaTeamviewer. - Consulting sales of service packages and associated products when customers need to expand or upgrade.",
      "company": "EZ Solution",
      "end_time": "2016-04-30T00:00:00Z",
      "industry": "High Technology",
      "position": "Customer Success",
      "conf_score": 0.9142206543796373,
      "start_time": "2015-10-01T00:00:00Z"
    },
    {
      "id": 17281,
      "detail": "- Manage transmission lines, determine arising problems, errors on network system, transmission lines in responsible area and promptly- Support clients, solve problems for them at home, instruct clients on how to set up and use network devices correctly and troubleshooting ways for easy problemsReceive feedback from clients, then suggest and take measures to improve network quality and clients satisfactionTranslate technical documents into Vietnamese under requestsSupport colleagues in daily works to complete common goalsLearned points: Communication, Teamwork, Problem solving, Time management- - - -",
      "company": "FPT Telecom",
      "end_time": "2015-08-31T00:00:00Z",
      "industry": "High Technology",
      "position": "Network Management Engineer",
      "conf_score": 0.9142206543796373,
      "start_time": "2012-06-01T00:00:00Z"
    },
    {
      "id": 17282,
      "detail": "- Following up the consumption of resellers and retailers in the assigned area- Assess customers' needs, explain and demonstrate product features- Sell companys products in the assigned market/territory within the respective business group- Quote and negotiate prices and credit terms, prepare contracts and relative documentation- Develop and maintain strong business relationship with existing and new resellers- Effectively plan sales and services activities in assigned territory to ensure that sales plans and targets are achieved- Meet established sales quotas and revenue goals- Follow up credit collection",
      "company": "Phu Thinh Co., Ltd.",
      "end_time": "2012-02-29T00:00:00Z",
      "industry": "Other",
      "position": "Salesperson",
      "conf_score": 0.9226706184638842,
      "start_time": "2010-11-01T00:00:00Z"
    }
  ],
  "address": null
}