{
  "skills": [
    "dependability",
    "can",
    "excel",
    "management"
  ],
  "fulltext": "Vuong Bach Hien (Wang PoYen) Yen)MANAGEMENT TRAINEE Career Goals In the first 1-2 years, have you adapted to the working environment and company culture, cultivated and developed the necessary professional skills for that job . In the future, he can become a talented and reliable human resource in this field and have wide relationships with experts in other fields. Education University of Economics HCMC9/2017 - NOWSpecialization: Business AdministrationStudent year 4 02/05/1998 Male 0799028022Work ExperienceCHEUNG YUE KNITTING GARMENT (GLOBAL) LTD5/2019 - 7/2019Administrative assistant Drafting and archiving documents and records Timekeeping Infrastructure and equipment management vbh2598@gmail.com .com Provincial Road 10, Binh Tan District https://www.facebook.com/v uong.bachhienMore Information- Vuong Bach Hien (Wang Po Yen) Taiwanese nationality,- Good Chinese fluent in 4 listening skills; ,speak, read, write; Basic English communication (TOEIC715)- Certificate of IC3 Informatics Skills Office computer skills (Word, Excel, Powerpoint, Outlook), Chinese translation topcv.vn",
  "educations": [
    {
      "id": 5175,
      "gpa": null,
      "major": "Business administration",
      "school": "HO CHI MINH CITY UNIVERSITY OF ECONOMY",
      "diploma": "Bachelors",
      "end_time": "2023-04-01T00:00:00Z",
      "conf_score": 0.9329450655778111,
      "start_time": "2017-09-01T00:00:00Z",
      "picklist_major": "Economical",
      "major categories": "Business and management",
      "major_categories_detail": "Business"
    }
  ],
  "experiences": [
    {
      "id": 17313,
      "detail": "Drafting and storing documents - Timekeeping records Management of infrastructure, equipment",
      "company": "CHEUNG YUE KNITTING GARMENT (GLOBAL) LTD",
      "end_time": "2019-07-31T00:00:00Z",
      "industry": "Other",
      "position": "Administrative assistant",
      "conf_score": 0.9162385206282713,
      "start_time": "2019-05-01T00:00:00Z"
    }
  ],
  "address": "Provincial Road 10, Binh Tan District"
}