{
  "skills": [
    "operation system",
    "analytics",
    "ams",
    "management",
    "excel",
    "vba",
    "banking",
    "enterprise",
    "finance",
    "hard working",
    "microsoft sql server",
    "treasure",
    "database development",
    "business intelligence",
    "visual analytics",
    "external audit",
    "sql",
    "accounting",
    "microsoft",
    "oracle",
    "database",
    "python",
    "crystal report",
    "sql server"
  ],
  "fulltext": "Nguyen Thi Kim Huong Personal info Address: District 10, Ho Chi Minh City, Vietnam Profile Summary I have 10+ years in database development and Core banking system operation. I am passionate with data and appreciate the hidden value behind it. I am highly adaptable database developer and can use many types of software such as Oracle PL/SQL, MS SQL Server and SAS Enterprise Guide. Above all, I have experience of business banking such as accounting, deposit, loan and foreign exchange. I am not only a highly efficient and hard-working Business Intelligence Specialist but also a good team spirit member and always keep oriented deadline from client requirements. Work experience FE Credit - VPBank Finance Company Limited Senior Insights and Complex Reporting Specialist - Business Intelligence Competency Center (BICC) 11/2015 - present I am one of three key database programmers of Insights and Complex Reports team at Business Intelligence Competency Center (BICC) and key person develop and implement the reporting system of Circular 35 and Circular 11 to provide reports for the State Bank of Vietnam (SBV). Cooperate with Finance Division to develop and implement the Asset Liability Management (ALM) Dashboard Deploy dashboards and reports for Finance, Card Center and Treasury Division of FE Credit, Internal/External Audit and SBV Lien Viet Post Joint Stock Commercial Bank Reporting Specialist 01/2014 October 2015 Involve in UAT of new banking services of Core Banking System before go-live Operate Core Banking System and support business users for using Core Banking System Develop, maintain and provide regular and ad-hoc reports for Local banks and State Bank of Vietnam Viet Nam Construction Bank IT Team Leader 12/2007 01/2014 Manage team to operate Core Banking System and support business users for using Core Banking System Propose test cases for team members to check new banking services before Core Banking System go-live Review scripts, procedure, functions, and triggers, packages before updating database and control errors of database Work experience Develop and implement the reporting system of Circular 13 and Circular 21 to provide reports for the State Bank of Vietnam Develop, maintain and provide regular and ad-hoc reports for Local banks and State Bank of Vietnam Education Ho Chi Minh City University of Science Bachelor of Mathematics and Information Degree 09/2003 04/2007 Grade: Good Skills Database Oracle (PL/SQL), Microsoft SQL Server, Crystal report Python, SAS and VBA Python SAS Enterprise Guide, SAS Visual Analytics, VBA Microsoft Office Word, Excel, PowerPoint, Outlook",
  "educations": [
    {
      "id": 5176,
      "gpa": null,
      "major": "Maths",
      "school": "Ho Chi Minh City University of Science",
      "diploma": "Bachelors",
      "end_time": "2007-04-01T00:00:00Z",
      "conf_score": 0.8600180020110415,
      "start_time": "2003-09-01T00:00:00Z",
      "picklist_major": "IT - Hardware/Networking",
      "major categories": "Math and statistics",
      "major_categories_detail": "Math"
    }
  ],
  "experiences": [
    {
      "id": 17314,
      "detail": "I am one of three key database programmers of Insights and Complex Reports team atBusiness Intelligence Competency Center (BICC) and key person develop and implement the reporting system of Circular 35 and Circular 11 to provide reports for theState Bank of Vietnam (SBV). Cooperate with Finance Division to develop and implement the Asset Liability Management (ALM) Dashboard Deploy dashboards and reports for Finance, Card Center and Treasury Division of FE Credit, Internal/External Audit and SBV",
      "company": "FE Credit - VPBank Finance Company Limited",
      "end_time": "2023-04-13T00:00:00Z",
      "industry": "Banking",
      "position": "Senior Insights and Complex Reporting Specialist - Business IntelligenceCompetency Center (BICC)",
      "conf_score": 0.9283402044765778,
      "start_time": "2015-11-01T00:00:00Z"
    },
    {
      "id": 17315,
      "detail": "Involve in UAT of new banking services of Core Banking System before go-liveOperate Core Banking System and support business users for using Core Banking System Develop, maintain and provide regular and ad-hoc reports for Local banks and State Bank of Vietnam",
      "company": "Lien Viet Post Joint Stock Commercial Bank",
      "end_time": "2015-10-31T00:00:00Z",
      "industry": "Banking",
      "position": "Reporting Specialist",
      "conf_score": 0.8935398791813937,
      "start_time": "2014-01-01T00:00:00Z"
    },
    {
      "id": 17316,
      "detail": "Manage team to operate Core Banking System and support business users for usingCore Banking System Propose test cases for team members to check new banking services before Core Banking System go-liveReview scripts, procedures, functions, and triggers, packages before updating database and control errors of database",
      "company": "Vietnam Construction Bank",
      "end_time": "2014-01-31T00:00:00Z",
      "industry": "Banking",
      "position": "IT Team Leader",
      "conf_score": 0.9542590739672067,
      "start_time": "2007-12-01T00:00:00Z"
    }
  ],
  "address": "District 10, Ho Chi Minh City, Vietnam"
}