{
  "skills": [
    "strut",
    "enterprise system",
    "qlik",
    "java",
    "javascript",
    "c#",
    "sales",
    "management",
    "ipc",
    "security",
    "qlik sense",
    "administration",
    "enterprise",
    "spring",
    "team management",
    "business requirement",
    "maintenance",
    "business analyst",
    "asp",
    "desktop",
    "sql",
    "accounting",
    "software development",
    "mvc",
    "create data model",
    "oracle",
    "database",
    "analyst",
    "qlikview",
    "angularjs",
    "mysql",
    "jquery"
  ],
  "fulltext": "NGUYEN DUC QUY Date of birth 30/11/1993 Contact address 12.17 Flora Anh Dao Condominium - 623 Do Xuan Hop Street, District 9, Ho Chi Minh City, Vietnam. Tel (+84)355-940-569 Email ducquy.1993@gmail.com Skype Quy.nd.93 LinkedIn Profile https://www.linkedin.com/in/quy-nguyen-0211799a EXPERIENCES September 2017 - October 2018 IPC Global Viet Nam - Consultant Do Qlik Sense Enterprise system sizing preparation, installation and administration. Deploy on-demand applications (create data model, design dashboard, report), offer information and make service suggestions based on a customer's needs. Create documents for project development and training. Conduct Qlik Sense training courses for analyzer user, professional user and administrator. Maintain system and support customer after project deployment. Projects: Qlik Analytic Platform ACB Securities Qlik Sense Enterprise - Japan Tobacco International Qlik Sense Enterprise - Viettel Telecom Qlik Sense Desktop - Cuong Lam Company POC: Create POC applications for: Asia Commercial Bank, University Medical Center HCM, Vietnam International Commercial Joint-Stock Bank , An Binh Joint-Stock Bank, Vietnam Government & Public Sector. April 2017 - September 2017 Lac Viet Computing Corp. BI Developer Project: Qlik Sense British American Tobacco Maintain daily data loading in current Qlik Sense System Optimize applications for tracking error, incremental data loading, improve user experience. Recommend using Slow changing dimension for current data model, prepare for phase 2 of development. POC: Create POC applications for: SaiGon HaNoi Bank, MB Bank Remittance, MediGroup VietNam. July 2016 - April 2017 NTT Data Viet Nam Senior Software Programmer Project: QlikView Auchan Retail VietNam Refactor existing QlikView applications, improve user experience on dashboard and reduce daily data loading time (up to 90%). Create new applications for: Sales Statistics, Accounting, Vendors Rebate, Shrinkage Management. Discuss new business requirements and make recommendations for customer. Design report and schedule sending to management team on Qlik NPrinting. Assist customers with technical support, maintenance, product design. April 2015 - July 2016 NTT Data Viet Nam Software Programmer (Web) Collaborated with a team of developers, designers, and project managers to carry out software development projects and create code for new modules. Developed proper documentation for each module of product and revised new documentation when repairing lines of code. Revised code to update capabilities, fix newly-found errors, and remove bugs. SKILLS Qlik Technology 3 years (Qlik View, Qlik Sense, Qlik Nprinting, Qlik Analytic Platform) C# 2 years (Console, WinForm, MVC, ADO.Net, ASP.NET ) Java 1.5 years (Spring framework, Struts) Database 4 years ( MS SQL, PosgreSQL, MySQL, Oracle) JavaScript 1.5 years (Jquery, AngularJS) CERTIFICATIONS Qlik Sense Business Analyst ( June 2017, June 2018 Release ) Qlik Sense Data Architect ( June 2017, June 2018 Release ) Qlik Sense Administrator ( June 2017 Release ) QlikView 12 Business Analyst QlikView 12 Data Architect EDUCATION 2011-2015: Ho Chi Minh University of Science (HCMUS) Faculty of Information Technology LANGUAGE English : TOEIC 795 Japanese: N5 PERSONAL QUALITIES Out-going person, ambitious and want to do challenge work. Serious, punctual, responsible are my principles in working. Ready to learn and eager to share with everybody .",
  "educations": [
    {
      "id": 5177,
      "gpa": null,
      "major": "Information technology",
      "school": "Ho Chi Minh University of Science (HCMUS)",
      "diploma": "Bachelors",
      "end_time": "2015-01-01T00:00:00Z",
      "conf_score": 0.8963475142684175,
      "start_time": "2011-01-01T00:00:00Z",
      "picklist_major": "IT - Hardware/Networking",
      "major categories": "Computer and information technology",
      "major_categories_detail": "Information technology"
    }
  ],
  "experiences": [
    {
      "id": 17317,
      "detail": "Do Qlik Sense Enterprise system sizing preparation, installation and administration. Deploy on-demand applications (create data model, design dashboard, report...), offer information and make service suggestions based on a customer's needs. Create documents for project development and training. Conduct Qlik Sense training courses for analyzer user, professional user and administrator. Maintain system and support customer after project deployment.Projects: Qlik Analytic Platform - ACB Securities Qlik Sense Enterprise - Japan Tobacco International Qlik Sense Enterprise - Viettel Telecom Qlik Sense Desktop - Cuong Lam Company POC: Create POC applications for: Asia Commercial Bank, University Medical Center HCM, Vietnam International Commercial Joint-Stock Bank, An Binh Joint-Stock Bank, Vietnam Government & Public Sector.",
      "company": "IPC Global Vietnam",
      "end_time": "2018-10-31T00:00:00Z",
      "industry": "Other",
      "position": "Consultant",
      "conf_score": 0.9423521207971671,
      "start_time": "2017-09-01T00:00:00Z"
    },
    {
      "id": 17318,
      "detail": "Project: Qlik Sense - British American Tobacco Maintain daily data loading in current Qlik Sense System Optimize applications for tracking error, incremental data loading, improve user experience. Recommend using Slow changing dimension for current data model, prepare for phase 2 of development.POC: Create POC applications for: SaiGon HaNoi Bank, MB Bank Remittance, MediGroup Vietnam.",
      "company": "Lac Viet Computing Corp.",
      "end_time": "2017-09-30T00:00:00Z",
      "industry": "Other",
      "position": "BI Developer",
      "conf_score": 0.7930266962839055,
      "start_time": "2017-04-01T00:00:00Z"
    },
    {
      "id": 17319,
      "detail": "Project: QlikView - Auchan Retail Vietnam Refactor existing QlikView applications, improve user experience on dashboard and reduce daily data loading time (up to 90%). Create new applications for: Sales Statistics, Accounting, Vendors Rebate, Shrinkage Management. Discuss new business requirements and make recommendations for customer. Design report and schedule sending to management team on Qlik NPrinting. Assist customers with technical support, maintenance, product design.",
      "company": "NTT Data Vietnam",
      "end_time": "2017-04-30T00:00:00Z",
      "industry": "Other",
      "position": "Senior Software Programmer",
      "conf_score": 0.9174648511369632,
      "start_time": "2016-07-01T00:00:00Z"
    },
    {
      "id": 17320,
      "detail": "Collaborated with a team of developers, designers, and project managers to carry out software development projects and create code for new modules. Developed proper documentation for each module of product and revised new documentation when repairing lines of code. Revised code to update capabilities, fix newly-found errors, and remove bugs.",
      "company": "NTT Data Vietnam",
      "end_time": "2016-07-31T00:00:00Z",
      "industry": "Other",
      "position": "Software Programmer (Web)",
      "conf_score": 0.8044357220536977,
      "start_time": "2015-04-01T00:00:00Z"
    }
  ],
  "address": "12.17 Flora Anh Dao Condominium - 623 Do Xuan Hop Street, District 9, Ho Chi Minh City, Vietnam"
}