{
  "skills": [
    "search",
    "management tools",
    "management",
    "multitasking",
    "css",
    "json",
    "java",
    "git",
    "analysis",
    "jira",
    "process development",
    "structure",
    "reactjs",
    "html",
    "linux",
    "ajax",
    "kibana",
    "redis",
    "ubuntu",
    "xhtml",
    "mysql",
    "bitbucket",
    "scrum master",
    "kubernetes",
    "jquery",
    "class",
    "sql",
    "c#",
    "xampp",
    "logstash",
    "oop",
    "javascript",
    "apache",
    "database",
    "database design",
    "cisco",
    "project control",
    "laravel",
    "mvc",
    "object oriented",
    "docker",
    "operation system",
    "php",
    "software development",
    "teamwork",
    "recruitment",
    "centos",
    "unix",
    "medium"
  ],
  "fulltext": "CURRICULUM VITAE PERSONAL INFORMATION Full name: Diep Van Hao Date of Birth: April 28, 1984 at Dong Thap Province. Email: diepvanhao@gmail.com Phone: 0933 49 29 89 Current Address: 20/10 Street 77, Tan Quy Ward, Dist 7, HCM City. EDUCATION AND TRAINING Year Degree Rank University 12/2010 Bachelor of Science in Information Technology - specialized in Software Engineering Good Vietnam National University Ho Chi Minh City - University of Science 2005 CCNA (Cisco Certified Network Associate) Saigon City 2018 Certified Middle Management PACE FOREIGN LANGUAGES (ENGLISH) Skills Level Reading Good Writing Good Speaking Moderate Listening Moderate OBJECTIVE: Working in a professional, active and fairly competitive environment and having opportunities to get promotion. Becoming a CTO in coming 2 years. SKILLS v Technical skills: o Basic knowledge Software development process Object Oriented Programming MVC model, 3-layer model Web/win form application developing Analyzing and designing database. Linux o Programming languages: PHP programming language and related technology: OOP Programming, CSS/HTML/XHTML Javascript: Ajax, Json, Jquery, Motools Frameworks: Zend Framework, Smarty, Cake PHP, Laravel, CI Tools: Xamp, Wamp, Appserv, CentOS Database: Mysql, Ms SQL Other programming languages: C, C#, Java Operation system: Unix/Linux v Soft skills: Good team work Good at presentation Capable of working and functioning independently Fast learning, quick to adapt, capable of multitasking, high performance teamwork, self-motivated, having confidence in communication and full awareness of responsibility Excellent communication, especially in human relations WORK EXPERIENCE v YouNet Company (Neerly 3 years) Participated in various projects, applied a wide knowledge base in building websites and web-plugins : Position: Developer Task: Analyzing clients request include back-end, front-end and implementing one by using multiple technologies such as : PHP, MySQL, Javascript (MooTools and jQuery), Apache, Linux, Xampp/Wamp etc., developing front -end using CSS and HTML/XHTML Framework using : Zend, Smarty Some of project joined: www.360guanxi.com, www.ibook21.com http://www.phpfoxdev.thecarcommunity.net/ www.studentozdoc.com.au www .droober.com v Audience Media Company (1 year) Position: Senior Developer Task: Analyzing clients request include back-end, front-end and implementing code new features/functions and fix bugs for cms system of company Framework: ezPublish (cms) Some of project joined: www.udon.es http://www.demo-africa.com/ v Evolable Asia Company (2 years) Position: Project leader Task: Receive requests directly from the boss (text or meeting discussion), Ill analysis and design structure of project, design database, class, interface (main page , subpage) . Device task for members to implement it. I also joined to write code for project, control project I have been success for 2 projects. Framework: Smarty,CI v 24h.com.vn (3 months) Position: Senior Developer Task: Implement to write API to refactor old system. Framework: 24h.com.vn Project: deca.vn (closed) v Rebus Technologies (9/2016 present) Position: Team Leader. Task: Manage team members, Control projects, Devide and Assign tasks to members, Scrum master, Support technical for team, Support issues involve to server with sys-admin. Decide technical/technologies for project/task. Design structure, Plan, Refactor project by Microservice Architecture. Participate in recruitment, interview and training candidates. Technologies: Kubernetes, Docker, ELK(Elastic Search, Logstash, Kibana), KONG gateway, Redis Framework: Laravel Lumen, ReactJs Environment: Ubuntu Management tool: Jira, Bitbucket, Git Projects: About betting, online casino. Powered by TCPDF (www.tcpdf.org)",
  "educations": [
    {
      "id": 5194,
      "gpa": null,
      "major": "Software technology",
      "school": "Vietnam National University",
      "diploma": "Bachelors",
      "end_time": "2010-12-01T00:00:00Z",
      "conf_score": 0.8122392616024098,
      "start_time": null,
      "picklist_major": "IT - Hardware/Networking",
      "major categories": "Computer and information technology",
      "major_categories_detail": "Computer"
    }
  ],
  "experiences": [
    {
      "id": 17376,
      "detail": "in recruitment, interview and training candidates. Technologies: Kubernetes, Docker, ELK(Elastic Search, Logstash, Kibana), KONG gateway, Redis ... Framework: Laravel Lumen, ReactJs Environment: Ubuntu Management tool: Jira, Bitbucket, Git Projects: About betting, online casino.",
      "company": "Rebus Technologies",
      "end_time": "2023-04-13T00:00:00Z",
      "industry": "High Technology",
      "position": "Team Leader",
      "conf_score": 0.8102286400108711,
      "start_time": "2016-09-01T00:00:00Z"
    }
  ],
  "address": "20/10 Street 77, Tan Quy Ward, Dist 7, Hcm City"
}