{
  "skills": [
    "linux",
    "stack",
    "tdd",
    "docker",
    "symfony",
    "automation",
    "analytics",
    "ftp",
    "rest",
    "management",
    "postgresql",
    "kubernetes",
    "io",
    "git",
    "redis",
    "mvc architecture",
    "rabbitmq",
    "business intelligence",
    "design patterns",
    "mvc",
    "golang",
    "backend development",
    "performance optimization",
    "php"
  ],
  "fulltext": "Tung VuSenior Software EngineerAddress23-22 The Pegasuite, Ta Quang Buuward 6, district 8Ho Chi Minh CityPhone +84975136456E-mail vutung.ct@gmail.comDate of birth1987/11/23I'm a dedicated team/individual worker. I love challenges and new technologies. To keep up with new technologies, I can quickly learn and adapt new technologies and to overcome challenges, I keep practicing my skills again and again.LinkedIn linkedin.com/in/vutung2311Experience2017 - presentSenior Software EngineerLazada GroupThis is the first time I do Golang. Even though many people said that Go is highly opinionated, I see Go as theright tool for the job.Technical stack:Products:Golang PostgreSQL Redis Kubernetes Docker Transportation Management System is a system for managing package, package dimensions, package statusin the process of package transportation. This has some similarity with the product that I previously worked on(Logistics Management System) but at a different level. The product doesn't manage daily job of driver or driveror hub.Smart routing (third party logistics company selection) is for routing package. It lets operator to select whichthird party logistics company to do package pickup, and which to do package delivery base on the origin anddestination, dimensions, weight and delivery options of the package. There are many set of configurations thatoperator need to set up for system to function properly (aka making the system smart).Delivery promise (e-commerce product delivery estimation) is for estimating delivery time for a package. Thissystem face directly to the customers when they view the product on e-commerce page. Because of that thissystem need to be fast (99% percentile of response time should be lower than or equal to 10ms). And becauseof that I learnt quite a few things about optimize Golang http response time by myself.2015/09 - 2016/11PHP DeveloperLazada GroupThis was the first time that I approximately TDD. I realized how good TDD is and I kept practicing on it.Technical stack:Products:PHP PostgreSQL Docker RabbitMQ Symfony Logistics Management System is about management of package, package status, daily job of driver, driver, hub.MVC architecture was used. I also learnt about design pattern and performance optimization.2014/11 - 2015/09Senior PHP DeveloperZinioThis was the first time that I went to work in an office. Previously I did mostly remote job. During this time I learned about eZ Publish, an opensource complex CMS, creating module/plugin/extension for it. Then soon I moved to thetask to write data gathering and pushing tool for business intelligence. This tool is a PHP script which connect toFTP server, crunching data and then send data to REST api of keen.ioBackend DeveloperDevelop and maintain the CMS of the company.Develop tools for Business Intelligence.Implement analytics system for mobile newsstand.Education2005/09 - 2013/09Ho Chi Minh University of Technology, Bachelor of EngineeringMechatronics, Robotics, and Automation EngineeringSkillsGolangPostgreSQLDockerGitKubernetesBashLinuxCertificates2016/03Algorithmic Thinking (Part 2)2016/02Algorithmic Thinking (Part 1)2015/12edX Honor Code Certificate for Introduction to Linux",
  "educations": [
    {
      "id": 5198,
      "gpa": null,
      "major": "Urban and construction management",
      "school": "Ho Chi Minh University of Technology",
      "diploma": "Bachelors",
      "end_time": "2013-09-01T00:00:00Z",
      "conf_score": 0.8141298764232529,
      "start_time": "2005-09-01T00:00:00Z",
      "picklist_major": "Architecture / Interior Design",
      "major categories": "Architecture and construction",
      "major_categories_detail": "Architecture and planning"
    }
  ],
  "experiences": [
    {
      "id": 17390,
      "detail": "This is the first time I do Golang. Even though many people said that Go is highly opinionated, I see Go as the right tool for the job.Technical stack:Products: Golang PostgreSQL Redis Kubernetes Docker Transportation Management System is a system for managing package, package dimensions, package status in the process of package transportation. This has some similarity with the product that I previously worked on(Logistics Management System) but at a different level. The product doesn't manage daily job of driver or driver or hub. Smart routing (third party logistics company selection) is for routing package. It lets operator to select which third party logistics company to do package pickup, and which to do package delivery base on the origin and destination, dimensions, weight and delivery options of the package. There are many set of configurations that operator need to set up for system to function properly (aka making the system smart). Delivery promise (e-commerce product delivery estimation) is for estimating delivery time for a package. This system face directly to the customers when they view the product on e-commerce page. Because of that this system needs to be fast (99% percentile of response time should be lower than or equal to 10ms). And because of that I learnt quite a few things about optimize Golang http response time by myself.",
      "company": "Lazada Group",
      "end_time": "2023-04-13T00:00:00Z",
      "industry": "High Technology",
      "position": "Senior Software Engineer",
      "conf_score": 0.9264139694127339,
      "start_time": "2017-01-01T00:00:00Z"
    },
    {
      "id": 17391,
      "detail": "This was the first time that I approximately TDD. I realized how good TDD is and I kept practicing on it.Technical stack:Products: PHP PostgreSQL Docker RabbitMQ Symfony Logistics Management System is about management of package, package status, daily job of driver, driver, hub.MVC architecture was used. I also learnt about design pattern and performance optimization.",
      "company": "Lazada Group",
      "end_time": "2016-11-30T00:00:00Z",
      "industry": "High Technology",
      "position": "PHP Developer",
      "conf_score": 0.8310701854240083,
      "start_time": "2015-09-01T00:00:00Z"
    },
    {
      "id": 17392,
      "detail": "This was the first time that I went to work in an office. Previously I did mostly remote job. During this time I learned about eZ Publish, an opensource complex CMS, creating module/plugin/extension for it. Then soon I moved to the task to write data gathering and pushing tool for business intelligence. This tool is a PHP script which connect toFTP server, crunching data and then send data to REST api of keen.io",
      "company": "Zinio",
      "end_time": "2015-09-30T00:00:00Z",
      "industry": "Other",
      "position": "Senior PHP Developer",
      "conf_score": 0.8414579065455211,
      "start_time": "2014-11-01T00:00:00Z"
    }
  ],
  "address": "23 - 22 The Pegasuite, Ta Quang Buuward 6, district 8Ho Chi Minh City"
}