{
  "skills": [
    "stack",
    "angular",
    "operation system",
    "c#",
    "management",
    "excel",
    "unit test",
    "postgresql",
    "sql database",
    "human resources",
    "resource management system",
    "microsoft sql server",
    "asp",
    "sql",
    "css",
    "microsoft project",
    "apigee",
    "microsoft",
    "physic",
    "mvc",
    "database",
    "api gateway",
    "full stack development",
    "angularjs",
    "bootstrap",
    "sql server"
  ],
  "fulltext": "Contact9000787549 (Mobile) prasanth12894@gmail.comwww.linkedin.com/in/pbadabagni (LinkedIn)Top Skills.NETAngularMicrosoft SQL ServerLanguagesHindiEnglishTeluguHonors-AwardsCertificate of AppreciationPrasanth BadabagniSoftware Engineer at Thomson Reuters | Full Stack Developer| .NET Specialist | ASP.NET, .NET Core, C#, MS SQL ServerHyderabad, Telangana, IndiaSummaryExperienced Software Engineer with a demonstrated history of working in the information technology and services industry. Skilledin .NET Framework, C#, ASP.NET, MVC, WebAPI, AngularJS,Angular, Bootstrap and CSS. Strong engineering professional with aBachelor of Technology (BTech) focused in Computer Science fromHyderabad Institute of Technology and Management.ExperienceThomson ReutersSoftware EngineerOctober 2018 - Present Hyderabad, Telangana, IndiaPROJECT #2Duration : January, 2019 Till DateRole : Software EngineerTechnologies/Services : C#, .Net Core 2.2, PostgreSQL, AngularJS, APIGEEAPI GatewayDescription:Objective of this project is to create requests based on Excel Templates anddata provided by user while creating requests. Micro Services developmentwhich provides end points to preform CRUD operations on data throughAPIGEE Gateway. Responsibilities: Micro Services based on Microsoft API Guidelines, Coredevelopment, Understanding requirements, Unit test cases.Key Achievements: Achieved working experience on creating Micro Services following guidelinesprovided by MicrosoftPROJECT #1Duration : October, 2018 December, 2018Role : Software EngineerPage 1 of 2Technologies : C#, .Net Core, PostgreSQL, AngularJSDescription:Worked on a Tax Credit and Management System. Clients add their Researchand Development expenses in this system and get Tax benefits for their work. : Understanding requirements, Fixing issues, develop new features whichincludes data reading from excel and Calculations.Key Achievements: Establish a connection between .NET and PostgreSQL using npg sqldatabase and Martin. Understood the process of Excel bulk file Imports and ExportsZnalytics2 years 7 monthsSoftware EngineerSeptember 2016 - September 2018 (2 years 1 month)Hyderabad Area, IndiaWorked as a core developer in Energy Operations System product which willbe used to manage information customer registration, login, generating invoicebased on the usage and interacting with the MLM Clients about the changesmade to the information regarding Usage and Customer data.Technologies Used: ASP.NET WebAPI (N-Tier Architecture), C#, MS SQLServer, AngularJS/Angular 5, CSS, Bootstrap.TraineeMarch 2016 - September 2016 (7 months)Hyderabad Area, IndiaWorked as a Trainee and developed Human Resource Management Systemwith ASP.NET MVC, C#, MS SQL Server, AngularJS 1.6, CSS, Bootstrap witha team of 4 Members.EducationHyderabad Institute of Technology and ManagementBachelor of Technology (BTech), Computer Science (2012 - 2016)Narayana Junior CollegeIntermediate, Mathematics Physics and Chemistry (2010 - 2012)Page 2 of 2",
  "educations": [
    {
      "id": 5199,
      "gpa": null,
      "major": "Computer science",
      "school": "Hyderabad Institute of Technology and Management",
      "diploma": "Bachelors",
      "end_time": null,
      "conf_score": 0.8865104534466643,
      "start_time": null,
      "picklist_major": "IT - Hardware/Networking",
      "major categories": "Computer and information technology",
      "major_categories_detail": "Computer"
    },
    {
      "id": 5200,
      "gpa": null,
      "major": "Atomic and nuclear physics",
      "school": "Narayana Junior College",
      "diploma": "Colleges",
      "end_time": "2012-01-01T00:00:00Z",
      "conf_score": 0.9486752093665142,
      "start_time": "2010-01-01T00:00:00Z",
      "picklist_major": "Other",
      "major categories": "Natural Sciences",
      "major_categories_detail": "Material Science"
    }
  ],
  "experiences": [
    {
      "id": 17393,
      "detail": "",
      "company": "Thomson Reuters",
      "end_time": "2023-04-13T00:00:00Z",
      "industry": "Other",
      "position": "Software Engineer",
      "conf_score": 0.9243558553099895,
      "start_time": "2018-10-01T00:00:00Z"
    },
    {
      "id": 17394,
      "detail": "(2 years 1 month)Hyderabad Area, India Worked as a core developer in Energy Operations System product which will be used to manage information customer registration, login, generating invoice based on the usage and interacting with the MLM Clients about the changes made to the information regarding Usage and Customer data.Technologies Used: ASP.NET WebAPI (N-Tier Architecture), C#, MS SQL Server, AngularJS/Angular 5, CSS, Bootstrap.",
      "company": "Znalytics",
      "end_time": "2018-09-30T00:00:00Z",
      "industry": "Other",
      "position": "Software Engineer",
      "conf_score": 0.9331571384331322,
      "start_time": "2016-09-01T00:00:00Z"
    },
    {
      "id": 17395,
      "detail": "and developed Human Resource Management System with ASP.NET MVC, C#, MS SQL Server, AngularJS 1.6, CSS, Bootstrap with a team of 4 Members.",
      "company": "Znalytics",
      "end_time": "2016-09-30T00:00:00Z",
      "industry": "Other",
      "position": "Trainee",
      "conf_score": 0.8174646189516243,
      "start_time": "2016-03-01T00:00:00Z"
    }
  ],
  "address": null
}