{
  "skills": [
    "javascript",
    "c#",
    "management",
    "studio",
    "microsoft azure",
    "self learning",
    "entity framework",
    "elasticsearch",
    "analysis",
    "html",
    "redis",
    "sell",
    "rabbitmq",
    "asp",
    "sql",
    "css",
    "restful",
    "visual studio",
    "github",
    "bug fixing",
    "microsoft",
    "mvc",
    "reactjs",
    "oracle",
    "wcf",
    "gms",
    "azure",
    "problem solving",
    "jquery"
  ],
  "fulltext": "MaleMay 21, 1998039456370716521309@gm.uit.edu.vnHo Chi Minh, Vietnamfb.com/trung.dq98Dang Quoc TrungJunior .NET Developer//WORK EXPERIENCE MOBILE WORLD COMPANYMay 2019 - July 2019Back-end fresher (.NET)Main responsibilities: - Using HTML, CSS, jQuery, Javascript, C# to write ASP.NETweb applications- Studying to work with Elasticsearch, Redis, RabbitMQ - Writing APIs and RESTful Web Services (WCF and ASMXservices) in ASP.NET- Working with IIS//SCHOOL PROJECTSE-COMMERCE WEBSITE (April 2019 - June 2019)Customer undefinedDescription- Url: https://sousshop.azurewebsites.net/- Source code: https://github.com/quoctrung98/onlineshop- An e-commerce website to sell electronic products.- Website's CMSTeam size1My positionDeveloperMy responsibilities- Analysis and design- Development- Bug FixingTechnologies used- .NET Framework- Visual Studio 2019, SQL Server Management 2014- ASP.NET MVC 5, Entity Framework- Microsoft Azure Hosting (Student Account)- IISBOOKSTORE MANAGEMENT APPLICATION (November 2018 - December 2018)Customer undefinedDescription- Source code:https://github.com/quoctrung98/book_store_management- An application to management a bookstore.Team size3My positionDeveloperMy responsibilities- Analysis and design- Development- Bug FixingTechnologies used- . NET Framework- Visual Studio 2017, SQL Server Management 2014, Entity Framework, WPFEnglish (Reading and Listening)English (Writing and Speaking)Logical thinking and creativeSelf-learningProblem solving//SKILLS- C#- SQL Server, Oracle- HTML, CSS, jQuery , Javascript- ReactJS (Learning...) //PROGRAMMING \"LANGUAGE\"September 2016 - September 2020University of Information andTechnology - Vietnam NationalUniversityMajor: System InformationGPA: 3.5/4 (7.8/10) //EDUCATION topcv.vn",
  "educations": [
    {
      "id": 5201,
      "gpa": "3.5",
      "major": "Information system",
      "school": "University of Information and Technology - Vietnam National University",
      "diploma": "Bachelors",
      "end_time": "2020-09-01T00:00:00Z",
      "conf_score": 0.8716506015196835,
      "start_time": "2016-09-01T00:00:00Z",
      "picklist_major": "IT - Hardware/Networking",
      "major categories": "Computer and information technology",
      "major_categories_detail": "Computer"
    }
  ],
  "experiences": [
    {
      "id": 17396,
      "detail": "ain responsibilities:- Using HTML, CSS, jQuery, Javascript, C# to write ASP.NET web applications- Studying to work with Elasticsearch, Redis, RabbitMQ - Writing APIs and RESTful Web Services (WCF and ASMX services) in ASP.NET - Working with IIS",
      "company": "MOBILE WORLD COMPANY",
      "end_time": "2019-07-31T00:00:00Z",
      "industry": "Other",
      "position": "Back - end fresher (.NET)",
      "conf_score": 0.8280054682797672,
      "start_time": "2019-05-01T00:00:00Z"
    }
  ],
  "address": "Ho Chi Minh City, Vietnam"
}