{
  "skills": [
    "blockchain",
    "critical thinking",
    "cryptocurrency",
    "analyst",
    "finance",
    "marketing",
    "interpersonal skills",
    "creative thinking",
    "analysis",
    "analytical thinking",
    "buy",
    "content marketing",
    "medium",
    "communication skills"
  ],
  "fulltext": "EDUCATIONFOREIGN TRADE UNIVERSITY HCMCSEP 2015 - SEP 2019Major: International FinanceGPA: 3.23/4 (GOOD DEGREE)WORK EXPERIENCETIENDIENTU.ORG (BLOCKCHAIN ​​MEDIA)JUNE 2019 - PRESENTAnalyst and content creator- Research and analyze Blockchain projects.- Create content for many categories: PR, news, analysis.Achievements and skills gained: -Increasing 50% reader interaction.-Knowledge about Blockchain tech and Blockchain trend.-Project analytical skills.FREELANCEAPR 2019 - JULY 2019Content marketing creator about Coaching, Personal Development and Fitness- Brainstorming content for topics that customer offers. - Creating SEO content for website.Achievements and skills gained: - Knowledge about content marketing and SEO.- ​​Ability to understand customer's insights.- Working with self-discipline and self-motivations.TRADERVIET (FINANCIAL INVESTING MEDIA)APR 2018 - FEB 2019Staff and forum's moderator- Analyzing cryptocurrency market.- Creating content related to cryptocurrency market for community.- Supporting company in organizing events Achievements and skills achieved: - Creating more than 500 topics in the forum with total +600,000 views.- One article is retweeted by CEO of Binance - the biggest cryptocurrency exchange in theworld.- Observing, learning about market and investor psychology.- Improving writing skills, creativity and critical thinking.HOCHIMINH STOCK COMPANY (HSC)NOV 2017 - FEB 2018Stock Broker Intern- Researching about Vietnam stock market. - Consulting and opening stock account for customers.Achievements and skills gained: - Communication skill.- Knowledge about stock company operations and Vietnam stock market.NGUYEN ANH DUONGApril 17, 1997 Male 0775676122 anhduongnguyen174@gmail.comHo Chi Minh, VietnamOBJECTIVESSeeking a challenging marketingposition where I can learn more aboutmarketing and improve myinterpersonal skills to become a bestversion of myself.SKILLSCommunicationWritingLogical and critical thinkingCreative and analytical thinkingEnglishDesign (Photoshop)INTERESTSReadingMusicFitnessCooking ACTIVITIESMUA HE GREENJULY 2018 - AUG 2018Business development for local- Organizing event for local.- Supporting local development.FTU 2018 - MAY 2018Top 15 manhunt of FTUCharm 2018-Supporting Top 15 FTUCharm Miss to perform well at this contest. REFERENCESMr. Duong Nguyen HuyCEO of TraderVietMobile: 0989617080Ms. Vuong XuyenCEO of Tiendientu.orgMobile: 0963215047 topcv.vn",
  "educations": [
    {
      "id": 5202,
      "gpa": "3.23",
      "major": "Banking and Finance",
      "school": "FOREIGN TRADE UNIVERSITY HCMC",
      "diploma": "Bachelors",
      "end_time": "2019-09-01T00:00:00Z",
      "conf_score": 0.7851615749618549,
      "start_time": "2015-09-01T00:00:00Z",
      "picklist_major": "Finance/Investment",
      "major categories": "Business and management",
      "major_categories_detail": "Finance Bank Insurance"
    }
  ],
  "experiences": [
    {
      "id": 17397,
      "detail": "- Research and analyze Blockchain projects.- Create content for many categories: PR, news, analysis.Achievements and skills gained:-Increasing 50% reader interaction.-Knowledge about Blockchain tech and Blockchain trend.-Project analytical skills.",
      "company": "TIENDIENTU.ORG (BLOCKCHAIN ​​MEDIA)",
      "end_time": "2023-04-13T00:00:00Z",
      "industry": "Other",
      "position": "Analyst and content creator",
      "conf_score": 0.9309830986368706,
      "start_time": "2019-06-01T00:00:00Z"
    },
    {
      "id": 17398,
      "detail": "about Coaching, Personal Development and Fitness - Brainstorming content for topics that customer offer.- Creating SEO content for website.Achievements and skills gained:- Knowledge about content marketing and SEO. - Ability to understand customer's insights.- Working with self-discipline and self-motivations.",
      "company": "FREELANCE",
      "end_time": "2019-07-31T00:00:00Z",
      "industry": "Other",
      "position": "Content marketing creator",
      "conf_score": 0.9166535282364164,
      "start_time": "2019-04-01T00:00:00Z"
    },
    {
      "id": 17399,
      "detail": "- Analyzing cryptocurrency market.- Creating content related to cryptocurrency market for community.- Supporting company in organizing eventsAchievements and skills achieved:- Creating more than 500 topics in the forum with total +600,000 views.- One article is retweeted by CEO of Binance - the biggest cryptocurrency exchange in the world.- Observing, learning about market and investor psychology.- Improving writing skills, creativity and critical thinking.",
      "company": "TRADERVIET (FINANCIAL INVESTING MEDIA)",
      "end_time": "2019-02-28T00:00:00Z",
      "industry": "Other",
      "position": "Staff and forum's moderator",
      "conf_score": 0.9174648511369632,
      "start_time": "2018-04-01T00:00:00Z"
    },
    {
      "id": 17400,
      "detail": "- Researching about Vietnam stock market.- Consulting and opening stock account for customers.Achievements and skills gained:- Communication skill.- Knowledge about stock company operations and Vietnam stock market.",
      "company": "HOCHIMINH STOCK COMPANY (HSC)",
      "end_time": "2018-02-28T00:00:00Z",
      "industry": "Other",
      "position": "Stock Broker Intern",
      "conf_score": 0.9174648511369632,
      "start_time": "2017-11-01T00:00:00Z"
    }
  ],
  "address": "Ho Chi Minh City, Vietnam"
}