{
  "skills": [
    "negotiation skill",
    "marketing",
    "risk management",
    "project risk management",
    "project management",
    "sales",
    "public speaking",
    "risks",
    "management",
    "marketing communications",
    "communication skills"
  ],
  "fulltext": "Hang Dang Kim (KIM) People find me to be an upbeat, self-motivated team player with excellent skills. For the past several years I have worked in lead qualification, Events planning and Customer service in the M.I.C.E industry. My experience includes successfully planning and idea selling to viable leads. It also experiences me with skills of project management, risk management and cost balance as well. I look forward to do the same thing for your company even more. Bachelor's degree of International Relation Department HCMC of University of Foreign Languages ​​and Information Technology Graduated : November 2011 Certificate of Brand Manager Vietnam Marketing Communication Academy Graduated: March 2016 Get the real experience on the project \" How to improve an exist brand become a strong brand? \" Account Manager (3 years) Indochina Heritage Co Ltd., Da Kao Ward, District 1, HCMC From October 2017 - Currently Employed Plan and manage project for M.I.C.E industry (incentive trips). Project leader, Planner, Client services and Event manager that all positions I had played for each project. Creative Ideas for activities in need. Professional timeline management and keep the mission with customer well by caring in the details. Negotiate to manage risks (risk management). Human management to get the perfect target. * Account Executive (4 years) From October 2012 to 2017 Be trained about creative jobs and incentive event planning. Event Executive (1 year) Activate Co Ltd., Binh Thanh District, HCMC From Sept 2011 - Sept 2012 Work as event assistant of event manager. Get responsibility of account executive position for not only events but also brand activation projects. Be trained about creative jobs and event planning. Be trained about negotiation skills and time management. Sales Representative (1 year & 5 months) Financial Prudential Ton Duc Thang Street, District 1, HCMC From August 2009 March 2011 Get responsibility of finding target customer, persuade and take care customer through loan process. Be trained about marketing skills, sales skills, communication and understanding customers needs. Find the market and marketing tips by myself. Achieve target continuously on 3 months from beginning. Computer skills Intermediate Native language Language Professional Persuading & negotiations Public speaking skills Being able to work in team Planning & Idea Creation Risk management hangtaichinh@gmail.com 0984.549.549 (Zalo, Viber, WhatsApp) HCM City",
  "educations": [
    {
      "id": 5208,
      "gpa": null,
      "major": "International relationship",
      "school": "HCMC of University of Foreign Languages ​​and Information Technology",
      "diploma": "Bachelors",
      "end_time": "2011-11-01T00:00:00Z",
      "conf_score": 0.940766326952672,
      "start_time": null,
      "picklist_major": "Advertising/Promotion/PR",
      "major categories": "Social and behavioral sciences",
      "major_categories_detail": "Political Science"
    }
  ],
  "experiences": [
    {
      "id": 17426,
      "detail": "Employed Plan and manage project for M.I.C.E industry (incentive trips). Project leader, Planner, Client services and Event manager that all positions I had played for each project. Creative Ideas for activities in need. Professional timeline management and keep the mission with customer well by caring in the details. Negotiate to manage risks (risk management). Human management to get the perfect target.*",
      "company": "Indochina Heritage Co Ltd.",
      "end_time": "2023-04-13T00:00:00Z",
      "industry": "Other",
      "position": "Account Manager",
      "conf_score": 0.8853210269101154,
      "start_time": "2017-10-01T00:00:00Z"
    },
    {
      "id": 17427,
      "detail": "Be trained about creative jobs and incentive event planning.",
      "company": "Indochina Heritage Co Ltd.",
      "end_time": "2017-01-31T00:00:00Z",
      "industry": "Other",
      "position": "Account Executive",
      "conf_score": 0.7220111516484258,
      "start_time": "2012-10-01T00:00:00Z"
    },
    {
      "id": 17428,
      "detail": ". Get responsibility of account executive position for not only events but also brand activation projects. Be trained about creative jobs and event planning. Be trained about negotiation skills and time management.",
      "company": "Activate Co Ltd.",
      "end_time": "2012-09-30T00:00:00Z",
      "industry": "Other",
      "position": "Event Executive",
      "conf_score": 0.8353043855541945,
      "start_time": "2011-09-01T00:00:00Z"
    },
    {
      "id": 17429,
      "detail": "Get responsibility of finding target customer, persuade and take care customer through loan process. Be trained about marketing skills, sales skills, communication and understanding customers needs. Find the market and marketing tips by myself. Achieve target continuously on 3 months from beginning.",
      "company": "Financial Prudential",
      "end_time": "2011-03-31T00:00:00Z",
      "industry": "Insurance",
      "position": "Sales Representative",
      "conf_score": 0.914128038016221,
      "start_time": "2009-08-01T00:00:00Z"
    }
  ],
  "address": "Ho Chi Minh City"
}