{
  "skills": [
    "data analysis",
    "recruitment",
    "teamwork",
    "analysis",
    "marketing",
    "microsoft",
    "management",
    "medium",
    "sales"
  ],
  "fulltext": "THUY DUONG TRAN 197/22 Ton That Tung str Dong Da, Hanoi (VN) Tel: (+84) 799 265566 Email: tranthuyduongqn@gmail.com Skype: duongtthanu PERSONAL DETAILS Full name: Thuy Duong Tran Date of birth: 20/05 /1993 Sex: Female Marital status: Single EDUCATION University of Calabria, Cosenza (Italy) Masters Degree of Science 10/2015 - 04/2018 Master in Promotion of Cultural Tourism Systems - Planning and management of tourism systems - aims to train researchers, technicians , managers and officials with integrated competences in the perspective of sustainable tourism promotion. -The course explores and develops the themes of the planning and management of tourism systems and the enhancement of the territory Hanoi University, Hanoi (Vietnam) Bachelors Degree 10/2011 - 05/2015 Bachelor in Italian Study. -In-depth study of Italian language and culture -Basic research on specialized translation-interpretation and tourism SKILLS Customer service. Communication. Planning. Managing. Teamwork. Research. Guest booking. Marketing & Sales. Statistical Data Analysis Microsoft Office (Word, Exel, Access, Power Point). Other: photography LANGUAGES Fluently in Italian and English. PERSONAL PROJECT Master's degree thesis: Evaluation of cultural behavior towards sustainable tourism development: in the case of Quang Ninh province - Vietnam EXPERIENCE Your.Rentals A/S, Hanoi (Vietnam) Product Support Specialist October 2018 - PRESENT Your.Rentals A /S is a rental property software, web application development and online tourism. Based in Denmark, Sweden, Vietnam and Argentina. Customer support Department -Responsible for supporting property manager via email and webchat (in writing) -Responsible for supporting travelers: respond to their enquiries and questions about the accomodation -Outbound calling to resolve problems with property managers and guests -Translation of content for our help center http://help.your.rentals -Researching and fixing geographic mapping issues for new listings -Assisting for the technical product manager with simple test tasks -Training for new trainee/part-time employees HR Department -In charge of recruitment according to job requirements https://your.rentals/ Creative C Media, Hanoi (Vietnam) Production assistant and Stylist 07/2018 - 10/2018 -Production assistant and Stylist for the Sitcom project Love Chung Minh Love Chung Minh is a sitcom project composed of 17 episodes on school subjects, coordinated to produce with Boardgame Vietnam Co., LTD. As a production assistant and a stylist, I was in charge of casting, managing actors and responsible actors for arranging and coordinating costumes for actors. https://www.facebook.com/creativecmediajsc/ https://www.youtube.com/watch?v=KbYe-Pp5IM8&t=919s Italian language and culture and International mobility center, Hanoi (Vietnam) Internship Trainee 06/2015 - 09/2015 -Administrative assistant -Support translation of study abroad materials -MarNET JSC, Hanoi (Viet Nam) Content writer 07/2014 - 09/2014 Travel content editor for the tourism website of company Loca.vn https://loca.vn VN/",
  "educations": [
    {
      "id": 5218,
      "gpa": null,
      "major": "Land Management",
      "school": "Hanoi University, Hanoi",
      "diploma": "Bachelors",
      "end_time": "2015-05-01T00:00:00Z",
      "conf_score": 0.9056941092233171,
      "start_time": "2011-10-01T00:00:00Z",
      "picklist_major": "Environment",
      "major categories": "Environment and environmental protection",
      "major_categories_detail": "Resource and environment management"
    },
    {
      "id": 5217,
      "gpa": null,
      "major": "Science",
      "school": "University of Calabria,",
      "diploma": "Masters",
      "end_time": "2018-04-01T00:00:00Z",
      "conf_score": 0.9169619151380858,
      "start_time": "2015-10-01T00:00:00Z",
      "picklist_major": "Other",
      "major categories": "",
      "major_categories_detail": ""
    }
  ],
  "experiences": [
    {
      "id": 17450,
      "detail": "Department - Responsible for supporting property manager via email and webchat (in writing)- Responsible for supporting travelers: respond to their enquiries and questions about the accomodation- Outbound calling to resolve problems with property managers and guests- Translation of content for our help center http://help.your.rentals- Researching and fixing mapping issues for new geographic listings- Assist for the technical product manager with simple test tasks- Training for new trainee/part-time employeesHR Department - In charge of recruitment according to job requirements https://your.rentals/",
      "company": "Your.Rentals A/WILL",
      "end_time": "2023-04-13T00:00:00Z",
      "industry": "Other",
      "position": "Product Support Specialist",
      "conf_score": 0.9348339725222523,
      "start_time": "2018-10-01T00:00:00Z"
    },
    {
      "id": 17455,
      "detail": "for the Sitcom project Love Chung Minh Love Chung Minh is a sitcom project consisting of 17 episodes on school subjects, coordinated to produce with Boardgame Vietnam Co., LTD. As a production assistant and a stylist, I was in charge of casting, managing actors and responsible actors for arranging and coordinating costumes for actors. https://www.facebook.com/creativecmediajsc/https://www.youtube.com/watch?v=KbYe-Pp5IM8&t=919s",
      "company": "Creative C Media",
      "end_time": "2018-10-31T00:00:00Z",
      "industry": "Other",
      "position": "Production assistant and stylist",
      "conf_score": 0.9222784104834317,
      "start_time": "2018-07-01T00:00:00Z"
    },
    {
      "id": 17456,
      "detail": "- Administrative assistant- Support translation of study abroad materials-",
      "company": "Italian language and culture and International mobility center",
      "end_time": "2015-09-30T00:00:00Z",
      "industry": "Education",
      "position": "Internship Trainee",
      "conf_score": 0.9167205923617493,
      "start_time": "2015-06-01T00:00:00Z"
    },
    {
      "id": 17458,
      "detail": "Travel content editor for the tourism website of companyLoca.vn",
      "company": "MarNET JSC",
      "end_time": "2014-09-30T00:00:00Z",
      "industry": "Other",
      "position": "Content writer",
      "conf_score": 0.9262531357110906,
      "start_time": "2014-07-01T00:00:00Z"
    }
  ],
  "address": "197/22 Ton That Tung str Dong Da, Hanoi (vn)"
}