{
  "skills": [
    "linux",
    "Internet",
    "java",
    "json",
    "futures",
    "ams",
    "rest",
    "studio",
    "unit test",
    "git",
    "retrofit",
    "mvp",
    "medium",
    "android",
    "design patterns",
    "oop",
    "github",
    "bug fixing",
    "database",
    "parsing",
    "macos",
    "php",
    "singleton"
  ],
  "fulltext": "TRAN VAN TUANDate of birth: June 13, 1997Gender: MalePhone: 0339488996Email: tuantran.dev97@gmail.comAddress: Nha Trang, VietnamWebsite: https://github.com/TuanHarryOBJECTIVEI am Software Engineer has 6-month experience in mobile application development using Android technology. Ithink I can complete all task the company assigned for me and I want to learn more skill technical and soft skillcan become senior in the future.EDUCATIONSep 2015 - Aug 2019Nha Trang UniversityMajor: Software EngineerGPA: 6.7/10WORK EXPERIENCEFeb 2018 - Sep 2018Hamado LTDFresher Android DeveloperMain responsibilities:- Develop the application of music app- Working/parsing with JSON - Working with REST API- Create design- Using Git to follow and manage working progressSKILLSProgramming- Android development- Having knowledge basic PHP- Knowledge Thread, Handler- Knowledge REST API working with Retrofit, Volley- Knowledge OOP and design pattern as Singleton - Using GIT- Using programming tools like Android StudioSoft Skill- Team working- Honesty, eager to learn new things, progressiveOperating- Linux, Window, MacOSLanguage- English: Able to read document in EnglishINTERESTSI like music, technological productsPROJECTSBANG B2(Apr 2018 - May 2018)CustomerViet NamDescription- This application helps user learning license driving and made a test on yourphone.Team size4My positionAndroid DeveloperMy responsibilities- Development- Bug Fixing- Execute system testTechnologies used- Android Studio 2.3 , Java, support Android 5.0 and over- Realm databasePODY TUNES(May 2018 - Jul 2018)CustomerViet NamDescription- This application listens to podcast from the internet.Team size2My positionAndroid DeveloperMy responsibilities- Development- Bug Fixing- Optimize code- Create Units testTechnologies used- Android Studio 2.3, Java, support Android 5.0 and over- Realm database- REST API with Retrofit- Using model MVP - Download Manager - Thread KATRINA MUSIC(Aug 2018 - Sep 2018)CustomerViet NamDescription- This application listen music with like data from Spotify, Youtube, ...Team size4My positionAndroid DeveloperMy responsibilities- Development- Bug Fixing- Execute system testTechnologies used- Android Studio 2.3, Java, support Android 5.0 and over- Realm database- REST API with Retrofit- Using model MVP - Download Manager- Notification Manager - Media Store, Service",
  "educations": [
    {
      "id": 5213,
      "gpa": "6.7",
      "major": "Software Engineer",
      "school": "Nha Trang University",
      "diploma": "Bachelors",
      "end_time": "2019-08-01T00:00:00Z",
      "conf_score": 0.9008202262261839,
      "start_time": "2015-09-01T00:00:00Z",
      "picklist_major": "Other",
      "major categories": "",
      "major_categories_detail": ""
    }
  ],
  "experiences": [
    {
      "id": 17446,
      "detail": "Main responsibilities:- Develop the application of music app- Working/parsing with JSON - Working with REST API - Create design- Using Git to follow and manage working progress",
      "company": "Hamado LTD",
      "end_time": "2018-09-30T00:00:00Z",
      "industry": "Other",
      "position": "Fresher Android Developer",
      "conf_score": 0.7897513794629749,
      "start_time": "2018-02-01T00:00:00Z"
    }
  ],
  "address": "Nha Trang, Vietnam"
}