{
  "skills": [
    "storage server",
    "java",
    "automation",
    "automation testing",
    "javascript",
    "selenium",
    "c#",
    "xml",
    "management",
    "data storage",
    "soapui",
    "enterprise",
    "git",
    "svn",
    "analysis",
    "maintenance",
    "sql",
    "software development",
    "testing",
    "database",
    "process development",
    "jenkins",
    "data management",
    "python",
    "private key",
    "sftp",
    "html"
  ],
  "fulltext": "TRI MINH XI Curriculum Vitae Major in Information Technology Personal details Full Name : Tri Minh Xi Gender : Male Date of Birth : 19th September 1992 Nationality : Vietnam Marital Status : Single Background summary Software engineer with 4 years of experience in software development for Enterprise Solution. Having skill of programming, knowledge on software development process. Ability to work in high pressure environment. Good at English, Chinese (Cantonese) and beginner level of Japanese. Education 2010 2014: Ho Chi Minh City University of Foreign Languages ​​Information Technology (HUFLIT) Ho Chi Minh City, Vietnam Bachelor of Information Technology 2007 2010: Nguyen Khuyen High School Ho Chi Minh City, Vietnam Work experiences August 2014 Present: Global CyberSoft (Vietnam) ) JSC Ho Chi Minh City, Vietnam Position: Software Engineer August 2014 - Present Career history and experiences Page 1 of 5 July 2018 January 2019 Developer Automatic factory data management Create screen layout by work flows of the process builder and help user to control, manage the production Responsibilities: Create layout for user Maintenance Technologies used in project: C#, VB.NET, WPF Javascript Python Achievements: Understand the data model of Viskase process Use process builder to create screen and work flow for each screen Nov 2016 June 2018 Developer Automation factory data management Create screen layout by work flows of the process builder and help user to control, manage the production Responsibilities: Create layout for user Maintenance Technologies used in project: HTML Javascript Viskase FlexNet Web Services MS SQL Achievements: Understand the data model of Viskase process Use process builder to create screen and work flow for each screen Page 2 of 5 July 2017 Nov 2017 Developer Waste Water Management To get real time data from waste water and analyze the compositions of water Responsibilities: Coding Testing Technologies used in project: C# . NET Javascript HTML Web Services API OPC SCADA Achievements: Create form to link with real time data Create chart to show real time data Send data to external by Web API Sep 2016 Oct 2016 Developer Test program package Worldwide central test program management system Responsibilities: Implement test case Automation testing Technologies used in project: Java Jenkins Server v2.7.1 Tuleap 8.16 GIT/SVN Web Service Selenium SoapUI Achievements: Selenium test Transfer file SFTP + private key with pass phrase Page 3 of 5 Mar 2016 Sep 2016 Developer Automobile factory data management A software package that supports the automobile manufacturing process as a core system aiming to ensure quality, delivery date observance and cost reduction the basics of creative manufacturing. Layout design Coding Testing Technologies used in project: NXAUTO Framework .NET Framework 4.5.2 or higher Windows form VB.NET IIS Windows Service SQL Server 2012 or 2014 MS MQ Web Service Socket OPC Dot Test MAULA Achievements: Understand Automotive domain Use Windows Service to communicate between forms Use MAULA tool to test coverage Nov 2015 Feb 2016 Developer Data collecting and chart displaying The purpose of this system is to support collecting data from PLC system, converting, displaying data in real time chart and storing data into local database and into equipment data storage server via HTTP. Responsibilities: Requirement analysis Coding Testing Onsite deployment Page 4 of 5 Technologies used in project: .NET, C# PostgresSQL SoapUI XML Achievements: Improving PostgresSQL using skill Testing PLC system and chart displaying Experience of working onsite Aug 2015 Oct 2015 Developer Crane Operation Handing system This windows form application is used to manage coils in warehouse Responsibilities: Coding Testing Technologies used in project: VB.NET Achievements: Convert project from VB 6.0 to VB.NET Aug 2014 Feb 2015 Developer Steel pipe production management This windows form application is used to track and manage the steel pipe during the process of production Responsibilities: Coding Testing Technologies used in project: .NET C# MS SQL Label Gallery Sato Achievements: Understand the domain of steel pipe management Create label and print out Page 5 of 5",
  "educations": [
    {
      "id": 5221,
      "gpa": null,
      "major": "Information technology",
      "school": "Ho Chi Minh City University of Foreign Languages ​​- Information Technology (HUFLIT)",
      "diploma": "Bachelors",
      "end_time": "2014-01-01T00:00:00Z",
      "conf_score": 0.7851615749618549,
      "start_time": "2010-01-01T00:00:00Z",
      "picklist_major": "IT - Hardware/Networking",
      "major categories": "Computer and information technology",
      "major_categories_detail": "Information technology"
    },
    {
      "id": 5222,
      "gpa": null,
      "major": null,
      "school": "Nguyen Khuyen High School",
      "diploma": "Other",
      "end_time": "2010-01-01T00:00:00Z",
      "conf_score": 0.7275132206498556,
      "start_time": "2007-01-01T00:00:00Z",
      "picklist_major": "Other",
      "major categories": "",
      "major_categories_detail": ""
    }
  ],
  "experiences": [
    {
      "id": 17462,
      "detail": "",
      "company": "Global CyberSoft (Vietnam) JSC",
      "end_time": "2023-04-13T00:00:00Z",
      "industry": "High Technology",
      "position": null,
      "conf_score": 0.7532646542832604,
      "start_time": "2014-08-01T00:00:00Z"
    },
    {
      "id": 17463,
      "detail": "Automatic factory data managementCreate screen layout by work flows of the process builder and help user to control, manage the production Responsibilities: Create layout for user Maintenance Technologies used in project: C#, VB.NET, WPF Javascript Python Achievements: Understand the data model of Viskase process Use process builder to create screen and work flow for each screen",
      "company": null,
      "end_time": "2019-01-31T00:00:00Z",
      "industry": "Other",
      "position": "Developer",
      "conf_score": 0.6981244904084882,
      "start_time": "2018-07-01T00:00:00Z"
    },
    {
      "id": 17464,
      "detail": "data managementA software package that supports the automobile manufacturing process as a core system aiming to ensure quality, delivery date observance and cost reduction - the basics of creative manufacturing.A software package that supports the automobile manufacturing process as a core system to ensure quality, delivery date observance and cost reduction - the basics of creative manufacturing. Layout design Coding Testing Technologies used in project: NXAUTO Framework .NET Framework 4.5.2 or higher Windows form VB.NET IIS Windows Service SQL Server 2012 or 2014 MS MQ Web Service Socket OPC Dot Test MAULA Achievements: Understand Automotive domain Use Windows Service to communicate between forms Use MAULA tool to test coverage",
      "company": "Automobile factory",
      "end_time": "2016-09-30T00:00:00Z",
      "industry": "Other",
      "position": "Developer",
      "conf_score": 0.7930238043945285,
      "start_time": "2016-03-01T00:00:00Z"
    },
    {
      "id": 17465,
      "detail": "This windows form application is used to manage coils in warehouse Responsibilities: Coding Testing Technologies used in project: VB.NET Achievements: Convert project from VB 6.0 to VB.NET",
      "company": "Crane Operation Handling system",
      "end_time": "2015-10-31T00:00:00Z",
      "industry": "Other",
      "position": "Developer",
      "conf_score": 0.7930238043945285,
      "start_time": "2015-08-01T00:00:00Z"
    },
    {
      "id": 17466,
      "detail": "pipe production managementThis windows form application is used to track and manage the steel pipe during the process of production Responsibilities: Coding Testing Technologies used in project: .NET C# MS SQL Label Gallery Sato Achievements: Understand the domain of steel pipe management Create label and print out",
      "company": "Steel",
      "end_time": "2015-02-28T00:00:00Z",
      "industry": "Other",
      "position": "Developer",
      "conf_score": 0.7930238043945285,
      "start_time": "2014-08-01T00:00:00Z"
    }
  ],
  "address": null
}