{
  "skills": [
    "warehousing",
    "studio",
    "management",
    "css",
    "microservices",
    "git",
    "github",
    "api gateway",
    "jira",
    "desktop",
    "microsoft sql server",
    "reactjs",
    "html",
    "design patterns",
    "azure",
    "es6",
    "entity framework",
    "redux",
    "javascript framework",
    "rxjs",
    "project management",
    "jquery",
    "angular",
    "nosql",
    "sql",
    "azure devops",
    "microsoft",
    "accounting",
    "making decision",
    "unit test",
    "sql",
    "visual studio",
    "sales",
    "c#",
    "javascript",
    "devops",
    "nativescript",
    "website development",
    "database",
    "mvvm",
    "xamarin",
    "reusable components",
    "wcf",
    "mvc",
    "data binding",
    "enterprise",
    "frontend development",
    "software development",
    "android",
    "angularjs",
    "Azure storage",
    "linq",
    "vuejs",
    "maintenance",
    "postgresql",
    "orm",
    "sequelize",
    "asp",
    "communication skills",
    "problem solving"
  ],
  "fulltext": "TRUNG NGUYEN Birthday: 24th Sep 1987 Email: ttrung2409@gmail.com Github: https://github.com/ttrung2409 Phone: +84 933 096 626 OVERVIEW Developer with 10 year experience in .NET, NodeJS, Javascript, Sql programming, front -end technologies, and strong background of architectural / design patterns. I have gained experiences from windows, web and mobile development. There were large apps requiring decent architecture and well-organized code in order to be sustainably developed and maintained. Communication skill, determination and commitment are what allow me to successfully fulfill my responsibilities and produce results at high quality. SKILLS Web Development Languages ​​C#, ASP.NET MVC, WCF, LINQ, Entity Framework, Web API Javascript, Angular, VueJS, ReactJS, RxJS, jQuery, HTML, CSS NodeJS, Express, Sequelize Mobile Development Languages ​​Android native, Xamarin, Nativescript Architectural / design patterns MVC, MVVM, CQRS, Event Sourcing, Gang of Four, Redux Development principles SOLID, DDD, SOA, Microservices Database MSSQL, PostgreSQL Development Tools Visual Studio, Android Studio, Git, Azure DevOps, JIRA Others ERP EXPERIENCE Senior developer Augen Software Group, HCMC, Vietnam Apr 2017 Present (2 years) The product was a SPA web app for a car rental company. It adopted Vue / Vuex as the front-end framework and the team was happy for that decision. We were able to utilize it as a component-based framework, its flexibility in template binding, its capability of composing a new component by mixing smaller components together, and finally ES6. The back end was built as separate services with an API gateway, though it was still in a monolithic manner, it was maintainable and scalable. My responsibilities: - Involved in the architectural decision making as the project kicked off - Was responsible for framework development and maintenance - Code review, code refactoring - Developed features as per requirements - Wrote unit tests for critical areas Technologies involved: C#, Web API, Vue / Vuex, Azure Storage Development Team Lead Brand Developers Limited, HCMC, Vietnam November 2012 November 2015 (3 years) The product was a Warehouse Management SPA web app helping user record their activities in warehouse, i.e. purchase order, receiving, shipping, cycle count... It adopted Angular JS (aka Angular 1) which was an emerging innovative Javascript framework back then, Angulars powerful two-way binding and the capability of writing reusable components allowed the team to build a solid front-end framework, thus accelerating the development pace. On the back end, it adopted DDD as the development methodology, so that multiple teams could work independently within different bounded contexts. It used Greg Young Event Store as the Event Sourcing technique, also as a message bus to communicate between aggregates. It used CQRS to separate read & write, so that a NoSQL database could be leveraged for read optimization. My responsibilities: - Managed a small development team in VN to collaborate with NZ team in backlog refinement and problem solving - Was accountable for front-end framework development and maintenance - Developed features as per requirements Technologies involved: C#, Raven, AngularJS, DDD, CQRS, Event Sourcing Software Developer BYS Joint Stock Company, HCMC, Vietnam Sep 2009 November 2012 (3 year 2 months) The product was an ERP desktop app for local enterprises including multiple modules, each module represents a group of activities of the enterprise, i.e. sale, purchase, warehousing, accounting. It had a robust framework which allowed to develop features quickly and efficiently. It built a lightweight ORM layer on its own with the intent of getting a full control over data access. It solely relies on Stored Procedure to deal with complicated queries and commands. It used DevExpress for the UI to take advantage of its two-way data binding. My responsibilities: - Consult customers for their demands, and turned them into software requirements. - Was accountable for the framework development and maintenance - Developed features as per requirements - Tailored demos to new projects Technologies involved: C#, Microsoft SQL Server, T-SQL, DevExpress QUALIFICATIONS University of Natural Sciences Bachelor of Science, Computer Software Engineering 2009 Studies focused on software development, IT project management and information system. INTERESTS Music Instrumental, rock Sport Basketball, swimming",
  "educations": [
    {
      "id": 5242,
      "gpa": null,
      "major": "Western musical instrument performance",
      "school": "Vietnam University of Natural Sciences",
      "diploma": "Bachelors",
      "end_time": "2009-01-01T00:00:00Z",
      "conf_score": 0.8970316950375007,
      "start_time": "2005-01-01T00:00:00Z",
      "picklist_major": "Art/Design",
      "major categories": "Art",
      "major_categories_detail": "Performing Arts"
    }
  ],
  "experiences": [
    {
      "id": 17541,
      "detail": ") The product was a SPA web app for a car rental company. It adopted Vue / Vuex as the front-end framework and the team was happy for that decision. We were able to utilize it as a component-based framework, its flexibility in template binding, its capability of composing a new component by mixing smaller components together, and finally ES6. The back end was built as separate services with an API gateway, though it was still in a monolithic manner, it was maintainable and scalable.My responsibilities:- Involved in the architectural decision making as the project kicked off- Was responsible for framework development and maintenance- Code review, code refactoring- Developed features as per requirements- Wrote unit tests for critical areasTechnologies involved: C#, Web API, Vue / Vuex, Azure Storage",
      "company": "Augen Software Group",
      "end_time": "2023-04-13T00:00:00Z",
      "industry": "High Technology",
      "position": "Senior developer",
      "conf_score": 0.793670456519237,
      "start_time": "2017-04-01T00:00:00Z"
    },
    {
      "id": 17543,
      "detail": "(3 years)The product was a Warehouse Management SPA web app helping user record their activities in warehouse, i.e. purchase order, receiving, shipping, cycle count... It adopted Angular JS (aka Angular 1) which was an emerging innovative Javascript framework back then, Angulars powerful two-way binding and the capability of writing reusable components allowed the team to build a solid front-end framework, thus accelerating the development pace. On the back end, it adopted DDD as the development methodology, so that multiple teams could work independently within different bounded contexts. It used Greg Young Event Store as the Event Sourcing technique, also as a message bus to communicate between aggregates.It used CQRS to separate read & write, so that a NoSQL database could be leveraged for read optimization.My responsibilities:- Managed a small development team in VN to collaborate with NZ team in backlog refinement and problem solving- Was accountable for front-end framework development and maintenance- Developed features as per requirementsTechnologies involved: C#, Raven, AngularJS, DDD, CQRS, Event Sourcing",
      "company": "Brand Developers Limited",
      "end_time": "2015-11-30T00:00:00Z",
      "industry": "Other",
      "position": "Development Team Lead",
      "conf_score": 0.9174648511369632,
      "start_time": "2012-11-01T00:00:00Z"
    },
    {
      "id": 17545,
      "detail": "(3 year 2 months)The product was an ERP desktop app for local enterprises consisting of multiple modules, each module represents a group of activities of the enterprise, i.e. sale, purchase, warehousing, accounting. It had a robust framework which allowed to develop features quickly and efficiently. It built a lightweight ORM layer on its own with the intent of getting a full control over data access. It solely relies on Stored Procedure to deal with complicated queries and commands. It DevExpress for the UI to take advantage of its two-way data binding.My responsibilities:- Consulted customers for their demands, and turned them into software requirements.- Was accountable for the framework development and maintenance- developed features as per requirements- Tailored demos to new projectsTechnologies involved: C#, Microsoft SQL Server, T-SQL, DevExpress",
      "company": "BYS Joint Stock Company",
      "end_time": "2012-11-30T00:00:00Z",
      "industry": "Other",
      "position": "Software Developer",
      "conf_score": 0.9256580526889115,
      "start_time": "2009-09-01T00:00:00Z"
    }
  ],
  "address": null
}