{
  "skills": [
    "css3",
    "php",
    "git",
    "wing",
    "html5",
    "bootstrap",
    "cams",
    "laravel"
  ],
  "fulltext": "Date of Birth: 06/07/1998 Email: tp.nguyenthanhphong@gmail.com Tel: 0344842345 Address: 140 Bui Thi Xuan - Ward 2 - Tan Binh District INVESTMENT OBJECTIVES Looking for opportunities to work and study to develop develop yourself. I hope to contribute my ability and knowledge to work with your company's guidance and help to complete the job well. EDUCATION FPT POLYTECHNIC Practical College (August 2016 > Until now) Major: Thit k WEB Studying HK 7/7 WORK EXPERIENCE VIC Intern at Canh Cam Company (05/2018 > 10/2018) Front- end Cut the interface from Photoshop file Intern with Winhome Company (11/2018 > 02/2019) Back-End Learn PHP and FrameWork Laravel Intern with TESO Company (03/2019 > 05/2019) Back-End PHP and FrameWork Laravel SKILLS + HTML5 & CSS3 + Bootstrap + PHP & Laravel + HOT GIT Joining Hot Blood Donation Campaigns (September 20, 2016 > To date) Volunteers Participate in blood donation campaigns held at schools in Ho Chi Minh City. MORE INFORMATION + Love to learn, explore, discover. + Ability to work in a team as well as independently. + Fun sociable personality + Love football, Like to play football.",
  "educations": [
    {
      "id": 5232,
      "gpa": null,
      "major": null,
      "school": "Practical College FPT POLYTECHNIC",
      "diploma": "Colleges",
      "end_time": "2023-04-01T00:00:00Z",
      "conf_score": 0.7411424838253973,
      "start_time": "2016-08-01T00:00:00Z",
      "picklist_major": "Other",
      "major categories": "",
      "major_categories_detail": ""
    }
  ],
  "experiences": [
    {
      "id": 17491,
      "detail": "Participate in blood donation campaigns held at schools in Ho Chi Minh City.",
      "company": "HOT SUMMER",
      "end_time": "2023-04-13T00:00:00Z",
      "industry": "Other",
      "position": "Volunteers",
      "conf_score": 0.8482863380139747,
      "start_time": "2016-09-20T00:00:00Z"
    },
    {
      "id": 17492,
      "detail": ") Back-End PHP and FrameWork Laravel",
      "company": "Company TESO",
      "end_time": "2019-05-31T00:00:00Z",
      "industry": "Other",
      "position": "Internship",
      "conf_score": 0.9164848862000111,
      "start_time": "2019-03-01T00:00:00Z"
    },
    {
      "id": 17493,
      "detail": ") Back-End Learn PHP and FrameWork Laravel",
      "company": "Winhome Company",
      "end_time": "2019-02-28T00:00:00Z",
      "industry": "Other",
      "position": "Internship",
      "conf_score": 0.9204168015861606,
      "start_time": "2018-11-01T00:00:00Z"
    },
    {
      "id": 17494,
      "detail": "Front-end Cut interface from Photoshop file",
      "company": "Canh Cam Company",
      "end_time": "2018-10-31T00:00:00Z",
      "industry": "Other",
      "position": "Internship",
      "conf_score": 0.9181269048441778,
      "start_time": "2018-05-01T00:00:00Z"
    }
  ],
  "address": "140 Bui Thi Xuan - Ward 2 - Tan Binh District"
}