{
  "skills": [
    "arbitration",
    "payment",
    "telecommunication equipment",
    "investments",
    "structure",
    "streaming",
    "investment banking",
    "equity",
    "security",
    "banking",
    "medium",
    "live streaming",
    "security issue"
  ],
  "fulltext": "Professional Profile Vu Hong Nhung Ho Chi Minh City, Vietnam Email: velvetvu3792@gmail.com Tel: 0812258220 Qualifications Bachelor of Law, Commercial Law 2014 Ho Chi Minh City University of Law, Ho Chi Minh City, Vietnam Certificate of Lawyer Training 2017 Ho Chi Minh City Judicial Academy, Ho Chi Minh City, Vietnam Practice I have been practicing law in Vietnam since 2014. My areas of expertise include corporate, foreign investment, banking, real estate, construction, employment and social media. I have litigated and arbitrated several commercial and labor contracts. Most recently, I have been working as an in-house legal consultant for an international corporation featuring live-streaming platforms. Notable Engagements in Vietnam Advised a foreign investment sub-contractor (a leading company in construction and construction materials) on issues regarding a building construction project with a value of USD 400 million. Advised a local authority on issues regarding an ODA waste-water treatment project. Advised and prepared negotiations on distributing telecommunications equipment between a leading global manufacturer and a local distributor with the estimated transaction value of VND 20 billion a year. Advised a foreign investment company (a leading mining company) regarding equity structure and foreign loans with a total transaction value of over USD 2 million. Advised a foreign investment company (a leading Vietnamese telecommunication services company) on M&A and BCC transactions. 2 Advised a foreign investment bank on legal aspects of their business in Vietnam, prepared the training program and participated in training the banks staffs in the field of law. Advised a foreign investment company (a construction material distributor) in a dispute with a provincial tax authority relating to tax incentives. Advised a foreign investment company in a Contract for Construction for Building and Engineering Works (the size of the transaction was USD 18 million). Advised a publicly listed company on securities issues and internal compliance. Advised a transfer of land lease in an industrial zone with a total transaction value of VND30 billion. Represented a state owned company before a competent court in connection with a claim of over VND200 billion arising out of a good purchase agreement with other local companies. Represented a foreign investment company (a global leader in construction materials) before the Vietnam International Arbitration Center (VIAC) in connection with a claim on payment of construction materials. Represented several employees before a competent court dealing with their employer (a transnational construction company) with a total claim of VND 4.5 billion. Positions Held Legal Consultant Avenir Legal, a Law Firm incorporated in Vietnam (2014 2017) Practicing Lawyer Avenir Legal (2017 2018) Legal Consultant Huya Limited (Nimo TV), an international corporation featuring live-streaming (2018 2019) Languages ​​English and Vietnamese",
  "educations": [
    {
      "id": 5236,
      "gpa": null,
      "major": "The law",
      "school": "Ho Chi Minh City University of Law",
      "diploma": "Bachelors",
      "end_time": "2014-01-01T00:00:00Z",
      "conf_score": 0.7551834254203837,
      "start_time": null,
      "picklist_major": "Legal",
      "major categories": "Law",
      "major_categories_detail": "The law"
    }
  ],
  "experiences": [
    {
      "id": 17521,
      "detail": "an international corporation featuring live-streaming (20 .)",
      "company": "Huya Limited (Nimo TV),",
      "end_time": "2019-01-31T00:00:00Z",
      "industry": "Other",
      "position": "Legal Consultant",
      "conf_score": 0.7897513794629749,
      "start_time": "2018-01-01T00:00:00Z"
    },
    {
      "id": 17522,
      "detail": "",
      "company": "Avenir Legal",
      "end_time": "2018-01-31T00:00:00Z",
      "industry": "Other",
      "position": "Practicing Lawyer",
      "conf_score": 0.7982161229421119,
      "start_time": "2017-01-01T00:00:00Z"
    },
    {
      "id": 17523,
      "detail": "",
      "company": "Avenir Legal, a Law Firm incorporated in Vietnam",
      "end_time": "2017-01-31T00:00:00Z",
      "industry": "Other",
      "position": "Legal Consultant",
      "conf_score": 0.7982161229421119,
      "start_time": "2014-01-01T00:00:00Z"
    }
  ],
  "address": "Ho Chi Minh City, Vietnam"
}