{
  "skills": [
    "search",
    "testing",
    "database management",
    "roof",
    "compensation and benefits",
    "insurance",
    "tpm",
    "accounting",
    "external audit",
    "payment",
    "make decision",
    "database",
    "union",
    "process data",
    "iso",
    "recruitment",
    "maintenance",
    "management"
  ],
  "fulltext": "Dang Thi Mai Lan Senior HR Birthday 1990 CAREER GOALS Want to develop in professional, active environment & suitable with working experience. WORKING EXPERIENCE URSIN CO.,LTD (NORWEGIAN COMPANY) 03/2019 - NOW HR GENERALIST Scope of works: * Payroll Process - Process employee data (new hires, labor contract, changes, transfer, etc.) - Process time-sheet data - Process benefits: monthly allowances, bonus, incentive, meal, and other benefits. - Process payroll on time, accurately, and compliantly - Make monthly payroll reports (OT, AL, SHUI, etc.) - Provide and consolidate data about annual salary survey * PIT Code & Dependent Registration - Register for PIT code for all employees - Register PIT dependent for employees - Update new regulations according to Tax Departments, * Social Insurance - Register social, health and unemployment insurance (SHUI) contribution for new comers. - Make request for payment of SHUI monthly - Make claims for social insurance benefits for employees (sick leave, maternity leave, etc) and follow up payment for employees. - Work with Social Insurance Agency on providing social insurance book and health care card for employees as per regulations - Complete the transferrin procedure of Social Insurance Book for leaving staffs - In charge of premium health care cards, sport cards for team leaders and above. * The employee database management - Make annex to labor contract, contract renewal, termination - Ensure labor contract, renewal contract and annex to labor contract are given to employees on time. - Set up records and personnel file for new employees. - Maintain employees records in personnel file. * Policies, procedures & processes. - Follow all compensation and benefit policy, rules and regulations. - Observe and follow up improvements on processes & systems to ensure they are implemented timely & properly - Update Vietnam laws to ensure company policy, regulation compliance to Vietnam law. - Key contact for HR Audit from internal or external audit parties- HR information system administrator: - Labor report * Recruitment: - Employee turnover rate report - Set up start, change, termination procedure - Coordinate recruitment activities - Maintain an active and organized candidate database for various positions. * Others Other tasks or responsibilities as assigned by General Manager. KOREA-VIETNAM FERTILIZER CO.,LTD (KOREAN COMPANY) 03/2017 - 02/2019 SENIOR HR Scope of works: * C&B - Check attendance, annual leave & calculate monthly payroll, social insurance. - Register tax code and dependent for staff - Declare, report, payment for social insurance of employee in software & hard copy timely and exactly. - Prepare and manage legal documents for new staff and leaving staff, - Follow up labor contract and make decision for the changes of salary, bonus, position * Recruitment & Admin - Recruit new employees: planning, job posting, search CV, testing, interview , announce interview result, sending offer letter. - Welcome new comer and introduce to everybody. - Coordinate with Managers and other relevant personnel of the company to make, plan and organize internal and external training courses from time to time. - Organize and execute training plan for employee. - Support HR Manager to set up company forms, procedures, employee relations. cleaning, driver, uniform, manpower for production. - Meeting room arrangement. - Report on periodic labor situation. - Labor, work shift weekly report to BOD. - Translate all kind of document into Eng - Vie, Vie - Eng. - Report working plan to Manager and BOD and assigned works timely - Joining internal training course for ISO 9001:2015 - Knowledge about TPM (Total Productive Maintenance)- Record documents in tidy and easy to find. - Other works as assigned by Manager from time to time. ISENTIA VIETNAM CO.,LTD AUSTRALIAN COMPANY) 02/2012 - 02/2017 HR EXECUTIVE Scope of works: - Check timekeeping, payroll, annual leave. - Care for Union team.. - Control social insurance, health insurance, unemployment insurance - Compare the cost with Social Government monthly. - Making labor contract.- Recruit new employee as Manager's requirement - Manage employee's personal document. - Register tax code - Contact to head Company when have requirement. - Set up training schedule for new staff. - Popular Company's rules to employee. EDUCATION COLLEGE OF TECHNOLOGY & INDUSTRIAL MANAGEMENT 2008 - 2011 DEGREE: Bachelor of College Major: Business English UNIVERCITY OF HCM ECONOMIC 3 MONTHS CERTIFICATE: PRACTICAL FINANCIAL ACCOUNTING CHARACTER - Accessible, funny, enthusiastic, active - Careful, details REFERENCES Ms Kieu Position: . Phone: topcv.vn",
  "educations": [
    {
      "id": 5243,
      "gpa": null,
      "major": "Business English",
      "school": "COLLEGE OF TECHNOLOGY & INDUSTRIAL MANAGEMENT",
      "diploma": "Bachelors",
      "end_time": "2011-01-01T00:00:00Z",
      "conf_score": 0.7982161229421119,
      "start_time": "2008-01-01T00:00:00Z",
      "picklist_major": "Other",
      "major categories": "",
      "major_categories_detail": ""
    }
  ],
  "experiences": [
    {
      "id": 17540,
      "detail": "Scope of works:* Payroll Process - Process employee data (new hires, labor contract, changes, transfer, etc.)- Process time-sheet data- Process benefits: allowances, bonus, monthly incentive, meal, and other benefits.- Process Timely, accurate, and compliant payrollly- Make monthly payroll reports (OT, AL, SHUI, etc.)- Provide and consolidate data about annual salary survey* PIT Code & Dependent Registration - Register for PIT code for all employees- Register PIT dependent for Update new regulations according to Tax Departments, * Social Insurance - Register social, health and unemployment insurance (SHUI) contribution for new comers.- Make request for payment of SHUI monthly- Make claims for social insurance employees benefits for employees (sick leave, maternity leave, etc) and follow up payment for employees.- Work with Social Insurance Agency on providing social insurance book and health care card for employees as per regulations- Complete the transferrative procedure of Social Insurance Book for leaving staffs- In charge of premium health care cards, sport cards for team leaders and above.* The employee database management- Make annex to labor contract, contract renewal, termination- Ensure labor contract, renewal contract and annex to labor contract are given to employees on time.- Set up records and personnel file for new employees.- Maintain employees records in personnel file.* Policies, procedures & processes.- Follow all compensation and benefit policy, rules and regulations.- Observe and follow up improvements on processes & systems to ensure they are implemented timely & properly- Update Vietnam laws to ensure company policy, regulation compliance to Vietnam law.- Key contact for HR Audit from internal or external audit parties-HR information system administrator:- Labor report* Recruitment: - Employee turnover rate report- Set up start , change, termination procedure- Coordinate recruitment activities- Maintain an active and organized candidate database for various positions.* Others Other tasks or responsibilities as assigned by General Manager.",
      "company": "URSIN CO.,LTD (NORWEGIAN COMPANY)",
      "end_time": "2023-04-13T00:00:00Z",
      "industry": "Other",
      "position": "HR GENERALIST",
      "conf_score": 0.9142206543796373,
      "start_time": "2019-03-01T00:00:00Z"
    },
    {
      "id": 17542,
      "detail": "cope of works:* C&B - Check attendance, annual leave & calculate monthly payroll, social insurance.- Register tax code and dependent for staff- Declare, report, payment for social insurance of employee in software & hard copy timely and exactly.- Prepare and manage legal documents for new staff and leaving staff,- Follow up labor contract and make decision for the changes of salary, bonus, position...* Recruitment & Admin - Recruit new employees: planning, job posting, search CV, testing, interview, announce interview result, sending offer letter.- Welcome new comer and introduce to everybody.- Coordinate with Managers and other relevant personnel of the company to make, plan and organize internal and external training courses from time to time.- Organize and execute training plan for employee.- Support HR Manager to set up company forms, procedures, employee relations. cleaning, driver, uniform, manpower for production.- Meeting room arrangement.- Report on periodic labor situation.- Labor, work shift weekly report to BOD. - Translate all kind of document into Eng - Vie, Vie - Eng. - Report working plan to Manager and BOD and assigned works timely- Joining internal training course for ISO 9001:2015 - Knowledge about TPM (Total Productive Maintenance)- Record documents in tidy and easy to find.- Other works as assigned by Manager from time to time.",
      "company": "KOREA - VIETNAM FERTILIZER CO.,LTD (KOREAN COMPANY)",
      "end_time": "2019-02-28T00:00:00Z",
      "industry": "Other",
      "position": "SENIOR HR",
      "conf_score": 0.9142206543796373,
      "start_time": "2017-03-01T00:00:00Z"
    },
    {
      "id": 17544,
      "detail": "Scope of works:- Check timekeeping, payroll, annual leave.- Care for Union team..- Control social insurance, health insurance, unemployment insurance- Compare the cost with Social Government monthly.- Making labor contract.- Recruit new employee as Manager's requirement- Manage employee's personal document.- Register tax code- Contact to head Company when have requirement.- Set up training schedule for new staff.- Popular Company's rules to employee.",
      "company": "ISENTIA VIETNAM CO.,LTD AUSTRALIAN COMPANY)",
      "end_time": "2017-02-28T00:00:00Z",
      "industry": "Other",
      "position": "HR EXECUTIVE",
      "conf_score": 0.9125776658202421,
      "start_time": "2012-02-01T00:00:00Z"
    }
  ],
  "address": null
}