{
  "skills": [
    "css3",
    "responsive",
    "javascript",
    "ams",
    "c#",
    "redux",
    "unit test",
    "object oriented",
    "jquery",
    "git",
    "html5",
    "analysis",
    "bem",
    "insurance",
    "asp",
    "rss",
    "sql",
    "css",
    "jira",
    "sailsjs",
    "software development",
    "reactjs",
    "communication skills",
    "software frameworks",
    "bootstrap",
    "agile",
    "html"
  ],
  "fulltext": "Huyen Chau Nguyen Ho Chi Minh City, Vietnam nguyenchauhuyen@gmail.com / 0907905956 Consultants candidate reviews: - Graduated from University of Natural Sciences - About 4 years experience with ReactJS, Redux. - Senior Front-end at DXC Technology - a big product company, where he improved his English skills and experience from big projects. - Fluent in English communication skills. - Nice, friendly, hard and willing to learn - He is good at solving technical problems and has good attitude - Salary expectation: above $2500 net P R O F I L E Total Experience (Years and 11 years Month ) Current Job Title Senior Frontend Engineer Time in Current 4 years Role 11 years of experience in software design, developing and programming for multiple platforms. Has strong knowledge and experience on Web Front-End and Mobile. Has strong knowledge of Object-Oriented Analysis, Design and Programming, Design Patterns and Software Frameworks, Unit Test. Able to learn new technologies quickly through self-study/research. Currently I am working for FayFay.com, an online travel booking platform. The current project, I play the role as a frontend expert, responsible for the UI/UX of the web sites, consistent with Customers quality and branding guidelines, implement new sections/features/content for new and existing web sites, attend daily stand- up meetings, estimate the effort to implement user stories and develop to achieve sprint goals. SKILLS Top Skills (Technical / Non-Technical skills) React/Redux(4 years) HTML5 CSS3(6 years) Jira Agile (4 years) NodeJS (4 years) C# .NET (6 years) SQL (6 years) JavaScript (6 years) years) Bootstrap/BEM (4 years)Key Roles Performed Revision Date: October 18 2017.NET Software Developer 6 years Frontend Developer 4 yearsIndustry Experience E-Commerce 3 years Insurance 2 years Airline 1 year Online Travel Booking 2 yearsCERTI FIC ATIONS (Professional Activities) , Certifications, and Training Attended) MCSD 2014 TOEIC 750PROFESSION AL W ORK EX PERIENCE FAYFAY.COM (VIETNAM) LIMITED Jan 2018 until now Title: Senior Software Engineer Technical environment: React/Redux, Git, EJS, jQuery, JavaScript, Node, SASS , HTML5, CSS3 Roles performed: Build large, high-volume and responsive ecommerce web application. Work with business and technology colleagues in self-directed high-ownership teams. Develop high quality, scalable, and maintainable code.DXC TECHNOLOGY (IT Service company) Sep 2011 Jan 2018 Project: R2P UK (a DXC client) Title: .NET Software Engineer Technical environment: ASP.NET, SQL, JQuery, HTML, CSS Roles performed: Revision Date: October 18 201Implement design/development tasks in web accessibility and frameworks. Coordinate between onshore-offshore team Transfer knowledge to other client teamsProject: Emirates Airline (a DXC client) Sep 2015 Technical Environments: ASP.NET, SQL, JavaScript, JQuery, HTML, CSS Roles performed: Implement design/development tasks in web accessibility and frameworks. Coordinate between onshore-offshore team Transfer knowledge to other client teamsProject: AXA Insurance Hong Kong (a DXC client) May 2016 Title: Senior Frontend Engineer Technical Environment: React/Redux, SailsJS, SASS, HTML5, CSS3 Roles performed: Work on backend / frontend and Middleware layer to develop AXA internal and external web sites and solutions, consistent with Customers quality and branding guidelines. Implement new sections/features/content for new and existing web sites. Develop and optimize existing features, as well as prototype and implement new features. Adhere to AXA Group web standards, usability and best practices defined and maintained by Digital Team of AXA. Interpret existing site design and style guides by creating pixel perfect web pages from Photoshop files. Attend daily stand-up meetings, estimate the effort to implement user stories and develop to achieve sprint goals. EZIT SOLUTIONS (IT service company) Aug 2008 Aug 2011 Title: Software Developer Technical Environment: .NET C#, SQL, Window Application, Window Service Roles performed: Implement design/development tasks in various technologies and frameworksEDUC ATIO N University of Natural Sciences Vietnam Bachelor L ANG U AG ES English - Professional",
  "educations": [
    {
      "id": 5237,
      "gpa": null,
      "major": null,
      "school": "University of Natural Sciences",
      "diploma": "Bachelors",
      "end_time": null,
      "conf_score": 0.8086621310791741,
      "start_time": null,
      "picklist_major": "Other",
      "major categories": "",
      "major_categories_detail": ""
    }
  ],
  "experiences": [
    {
      "id": 17524,
      "detail": "Time in Current 4 yearsRole 11 years of experience in software design, developing and programming for multiple platforms. Has strong knowledge and experience on Web Front-End and Mobile. Has strong knowledge of Object-Oriented Analysis, Design and Programming, Design Patterns and Software Frameworks, Unit Test. Able to learn new technologies quickly through self-study/research.Curren",
      "company": "FayFay.com",
      "end_time": "2023-12-31T00:00:00Z",
      "industry": "Other",
      "position": "Senior Frontend Engineer",
      "conf_score": 0.9185003665899493,
      "start_time": "2023-04-01T00:00:00Z"
    },
    {
      "id": 17525,
      "detail": "Technical environment: React/Redux, Git, EJS, jQuery, JavaScript, Node, SASS, HTML5, CSS3 Roles performed:Build large, high-volume and responsive ecommerce web application.Work with business and technology colleagues in self-directed high-ownership teams.",
      "company": "FAYFAY.COM (VIETNAM) LIMITED",
      "end_time": "2023-04-13T00:00:00Z",
      "industry": "Other",
      "position": "Senior Software Engineer",
      "conf_score": 0.9174648511369632,
      "start_time": "2018-01-01T00:00:00Z"
    },
    {
      "id": 17526,
      "detail": "Technical environment: ASP.NET, SQL, JQuery, HTML, CSS Roles performed:Revision Date: October 18 201Implement design/development tasks in web accessibility and frameworks.Coordinate between onshore-offshore teamTransfer knowledge to other client teams",
      "company": "DXC TECHNOLOGY (IT Service company)",
      "end_time": "2018-01-31T00:00:00Z",
      "industry": "High Technology",
      "position": ".NET Software Engineer",
      "conf_score": 0.9203476638945054,
      "start_time": "2011-09-01T00:00:00Z"
    },
    {
      "id": 17527,
      "detail": "site design and style guides by creating pixel perfect web pages fromPhotoshop files.Attend daily stand-up meetings, estimate the effort to implement user stories and develop to achieve sprint goals.",
      "company": "AXA Insurance Hong Kong",
      "end_time": "2016-12-31T00:00:00Z",
      "industry": "Insurance",
      "position": "Senior Frontend Engineer",
      "conf_score": 0.7511523317313497,
      "start_time": "2016-05-01T00:00:00Z"
    },
    {
      "id": 17528,
      "detail": "ay 2016 Title: Senior Frontend Engineer Technical Environment: React/Redux, SailsJS, SASS, HTML5, CSS3 Roles performed: Work on backend / frontend and Middleware layer to develop AXA internal and external web sites and solutions, consistent with",
      "company": "Emirates Airlines",
      "end_time": "2015-12-31T00:00:00Z",
      "industry": "Other",
      "position": null,
      "conf_score": 0.6905021871308187,
      "start_time": "2015-09-01T00:00:00Z"
    },
    {
      "id": 17529,
      "detail": "Technical Environment: .NET C#, SQL, Window Application, Window Service Roles performed:Implement design/development tasks in various technologies and frameworks",
      "company": "EZIT SOLUTIONS (IT service company)",
      "end_time": "2011-08-31T00:00:00Z",
      "industry": "High Technology",
      "position": "Software Developer",
      "conf_score": 0.9260889292191576,
      "start_time": "2008-08-01T00:00:00Z"
    }
  ],
  "address": "Ho Chi Minh City, Vietnam"
}