{
  "skills": [
    "linux",
    "spirateam",
    "java",
    "automation",
    "automation testing",
    "implementation",
    "selenium",
    "c#",
    "management",
    "studio",
    "io",
    "postgresql",
    "automation testing",
    "analysis",
    "acceptance testing",
    "index",
    "operating system",
    "roof",
    "e-learning",
    "power designer",
    "android",
    "business analyst",
    "multitasking",
    "sql",
    "jira",
    "visual studio",
    "testing",
    "process model",
    "uml",
    "system design",
    "test data",
    "python",
    "analyst",
    "manual testing",
    "problem solving",
    "srs",
    "agile",
    "html",
    "index system"
  ],
  "fulltext": "SKILL Operating Systems Window, **** Linux, Mac, IOS, Android *** Integrated development environment Visual Studio 2015, IntelliJ *** Analysis & Design Tools Paint, Snagit Capture, UML, **** MS Visio, Power Designer , MindJet Manager PHAM EXPERIENCE Senior QA Engineer TCIS Nov 2018 to Now Design test case / checklist and test data Execute manual testing Cover bugs, post bugs, follow bugs Assists in the training/mentoring of new members Projects: Topo, Eport ( System for management sea -port operation services) Senior QA Engineer HOSE May 2017 to Nov 2018 Support Business Users for gathering requirements Participate in formal review sessions (Deliverables in Software design Specification) Develop test strategies: Test Plan, Test Design Specification Training test design techniques for Business Users Design test scenarios, test cases for acceptance testing Review test cases from Business Users Projects: ITSA VietNam Financial Market System. This is a general solution for Financial Market. It includes 8 sub-systems : Market Suveillance, Trading, Reference Data Service, Market Data And Distribution Service, Market Data Distribution and Information Service, Depository and Registration Service, Clearing and Settlement System, Index System Information Birthday: 21/03/1983 Contact nuahatde@gmail.com 0373206171 nuahatde HoChiMinh, Vietnam Databases SQL server **** My SQL, PostgreSQL *** Programming languages ​​C#, Java, HTML methodologies *** Python- Plan to learning Testing types and White box, Black box, * **** Functional, Non-functional and Experience-based testing Automation test tools Selenium *** Test Architect, TA4VS **** Defect Tracking tools SpiraTeam, Jira ***** Expected Salary Negotiate TE4- QA Engineer LogiGear February 2014 to November 2016 Design test cases, test scenarios. Set executing plan, build environment Implement Harness Actions Analyze automation test result Cover bugs, post bugs, follow bugs Projects: TA4VS (Test architect for Visual studio), TA (Test architect) tool. Test automation toolset at the center of a complete test automation framework Senior QA Engineer Mobile World Co, LTD August 2010 to December 2013 Get requirements Analysis and Design system Design test cases, test scenarios Execute test cases, manage bugs, report daily, weekly test result Projects: ELearning, Payroll, ERP (Purchasing Management), E-Office Business Analyst, Developer Mobile World Co, LTD June 2008 to June 2010 Get requirements Analysis and Design system Coding Projects: HRMS, Online Survey Tool Business Analyst, Developer HPT Vietnam Corporation , Ho Chi Minh City, Vietnam. 2005 to 2008 Get requirements Analysis and Design system Coding Projects: HRMS, System management warranty repair center, System management HCM City Department of Industry and Trade, ... REFERENCE Aticah QA Sr.team Leader LogiGear Co., Ltd Phone: 0909,717.288 Relationship: Colleague About Me More than 10 years+ experience in software industry with roles as Developer, BA, QA/QC. Good knowledge about Scrum Agile and V model process. Good knowledge in Test Plan and Control, Test Analysis and Design, Test Implementation and Execution, and Reporting. Passionate about software testing including manual and automation testing. Strong multitasking, organizational skills and quickly problem solving. Education Certificate ISTQB CTFL Certificate on 08/2014 Bachelor University of Economics Ho Chi Minh City - Faculty of informatics for management Associate University of Agriculture and Forestry 2000 to 2004 Faculty of information technology",
  "educations": [
    {
      "id": 5241,
      "gpa": null,
      "major": "Information technology",
      "school": "University of Agriculture and Forestry",
      "diploma": "Bachelors",
      "end_time": "2004-01-01T00:00:00Z",
      "conf_score": 0.9384590944048175,
      "start_time": "2000-01-01T00:00:00Z",
      "picklist_major": "IT - Hardware/Networking",
      "major categories": "Computer and information technology",
      "major_categories_detail": "Information technology"
    },
    {
      "id": 5240,
      "gpa": null,
      "major": "Management information systems",
      "school": "University of Economics Ho Chi Minh City",
      "diploma": "Bachelors",
      "end_time": "2014-08-01T00:00:00Z",
      "conf_score": 0.9150882674777956,
      "start_time": null,
      "picklist_major": "Administrative/Clerical",
      "major categories": "Business and management",
      "major_categories_detail": "Management Management"
    }
  ],
  "experiences": [
    {
      "id": 17531,
      "detail": "Design test case / checklist and test dataExecute manual testingCover bugs, post bugs, follow bugsAssists in the training/mentoring of new membersProjects: Topo, Eport (System for management sea -port operation services)",
      "company": "TCIS",
      "end_time": "2023-04-13T00:00:00Z",
      "industry": "Other",
      "position": "Senior QA Engineer",
      "conf_score": 0.9219483572670066,
      "start_time": "2018-11-01T00:00:00Z"
    },
    {
      "id": 17533,
      "detail": "Support Business Users for gathering requirementsParticipate in formal review sessions (Deliverables in Software design Specification) Develop test strategies: Test Plan, Test Design Specification Training test design techniques for Business Users Design test scenarios, test cases for acceptance testingReview test cases from Business Users Projects: ITSA - Vietnam Financial Market System. This is a general solution for Financial Market. It includes 8 sub-systems : Market Suveillance, Trading, Reference Data Service, Market Data And Distribution Service, Market Data Distribution and Information Service, Depository andRegistration Service, Clearing and Settlement System, Index System",
      "company": "HOSE",
      "end_time": "2018-11-30T00:00:00Z",
      "industry": "Other",
      "position": "Senior QA Engineer",
      "conf_score": 0.9105968632749996,
      "start_time": "2017-05-01T00:00:00Z"
    },
    {
      "id": 17535,
      "detail": "Design test cases, test scenarios.Set executing plan, build environmentImplement Harness Actions Analyze automation test resultCover bugs, post bugs, follow bugsProjects: TA4VS (Test architect for Visual studio), TA (Test architect) tool.Test automation toolset at the center of a complete test automation framework",
      "company": "LogiGear",
      "end_time": "2016-11-30T00:00:00Z",
      "industry": "Other",
      "position": "QA Engineer",
      "conf_score": 0.8392074869126895,
      "start_time": "2014-02-01T00:00:00Z"
    },
    {
      "id": 17537,
      "detail": "Get requirementsAnalysis and Design systemDesign test cases, test scenariosExecute test cases, manage bugs, report daily, weekly test resultProjects: ELearning, Payroll, ERP (Purchasing Management), E-Office",
      "company": "Mobile World Co, LTD",
      "end_time": "2013-12-31T00:00:00Z",
      "industry": "Other",
      "position": "Senior QA Engineer",
      "conf_score": 0.9089868123963978,
      "start_time": "2010-08-01T00:00:00Z"
    },
    {
      "id": 17538,
      "detail": "Get requirementsAnalysis and Design systemCoding Projects: HRMS, Online Survey Tool",
      "company": "Mobile World Co, LTD",
      "end_time": "2010-06-30T00:00:00Z",
      "industry": "Other",
      "position": "Business Analyst, Developer",
      "conf_score": 0.9313091050096047,
      "start_time": "2008-06-01T00:00:00Z"
    },
    {
      "id": 17539,
      "detail": "Get requirementsAnalysis and Design systemCoding Projects: HRMS, System management warranty repair center, System management HCM City Department of Industry and Trade, ...",
      "company": "HPT Vietnam Corporation",
      "end_time": "2008-01-31T00:00:00Z",
      "industry": "High Technology",
      "position": "Business Analyst, Developer",
      "conf_score": 0.9313091050096047,
      "start_time": "2005-01-01T00:00:00Z"
    }
  ],
  "address": "Ho Chi Minh City, Vietnam"
}