{
  "skills": [
    "studio",
    "java",
    "css",
    "git",
    "c++",
    "algorithm",
    "analytical thinking",
    "structure",
    "html",
    "rxjava",
    "c#",
    "oop",
    "blockchain",
    "mvvm",
    "constraint layout",
    "data binding",
    "glide",
    "android",
    "retrofit",
    "data structure",
    "kotlin"
  ],
  "fulltext": "EDUCATION2014 - 2018University of ScienceInfomation TechnologyCollegeSKILLS AND EXPERIENCE2018 - 2019work- Good at team work and individually.- Reading English Document and English communicationrather good.- Basic Knowledge about programming language: C/C++,C#, VB , HTML, CSS. - Listenable and work hard, logical thinking, analyticalability well.- Knowlegde about OOP, Data Structures, Algorithms,Programming Techniques.- Responsible and good attitude at work.- use Android Studio, Smart-Git to clone and buildproject.- Projects in Dirox company: + Dirox presentation app (Tablet): - Create left side menu, each tab is a fragment. - Intent and passing data between activity and fragment - Use Retrofit to call data from API service. - Create some animation and load image with Glide. - Use fluently Linear, Relative,... and Constraint Layout. + Unikey app (about Blockchain): - Use design partern MVVM with data binding. - Create many layouts in app flow. - Use gif images. + Chairity For Point app: - Use MVVM with RxJava. - Create login, sign-in, sign up layout,... - Use Retrofit2 to call data from API. - Take a photo or import from gallery to show in app. + Research to learn new library, new feature fromandroid.Giang Thanh TinJunior Android DeveloperCONTACT INFORMATION18/08/1996 Male 0363625752 thanhtingiang@gmail.com HoChiMinh, VietnamOBJECTIVE- become Android Developer in Company .SKILLSJava, KotlinINTERESTS- cinema, play guitar,travel,. ..WORK EXPERIENCE8/2018 - 8/2019Dirox Company ( outsourcing company )Android Developer- Join with mobile team to complete some project andrequirement from client.- Complete task assign from PM, and Team Lead. topcv.vn",
  "educations": [
    {
      "id": 5245,
      "gpa": null,
      "major": "Communication technology",
      "school": "University of Science",
      "diploma": "Bachelors",
      "end_time": "2018-01-01T00:00:00Z",
      "conf_score": 0.8728927738906489,
      "start_time": "2014-01-01T00:00:00Z",
      "picklist_major": "Advertising/Promotion/PR",
      "major categories": "Press and information",
      "major_categories_detail": "Press and media"
    }
  ],
  "experiences": [
    {
      "id": 17559,
      "detail": "- Join with mobile team to complete some project and requirement from client.- Complete task assign from PM, and Team Lead.",
      "company": "Dirox Company",
      "end_time": "2019-08-31T00:00:00Z",
      "industry": "Other",
      "position": "Android Developer",
      "conf_score": 0.926025711211617,
      "start_time": "2018-08-01T00:00:00Z"
    }
  ],
  "address": "Ho Chi Minh City, Vietnam"
}