{
  "skills": [
    "networking",
    "teamwork",
    "testing",
    "marketing",
    "class",
    "spring",
    "medium",
    "sales"
  ],
  "fulltext": "HUNG QUOC PHUNG 113/14 Street 7, Ward 16, Go Vap District, HCM City, Vietnam +84903 972 962 (zalo, WhatsApp) phuongjone@gmail.com Education 2014 2016 Bachelor of English HUFLIT Ho Chi Minh City University of Foreign Language Information technology 155 Su Van Hanh Street, ward 13, district 10, HCM City 2010 2013 College of English HUFLIT Ho Chi Minh City University of Foreign Language Information technology 155 Su Van Hanh Street, ward 13, district 10, HCM City Work Experience 2017 2019 Wecheer SA & HIKAMI DIGITAL AG Top 100 Swiss Start up 2018 Relationship Manager Convince bar owner and manager to allow testing the smart opener on the bar. Keep the relationship between company and user Pilot first 30 locations that using the product, research, testing, receive feedback to improve the product and service First marketing of the company (Facebook page, and website) Acquisition Cluster Rolling out with all 800 PBA of Beer Company, National widen in big city (Ha Noi, Da Nang, Nha Trang, Can Tho) Demo new campaign with all staff in Drinking Location Rolling out with more than 1000 bartenders in Vietnam (almost in HCM City) First Customer service of the company Support and motivate New Market in Mexico in 3 weeks Community Engagement Leader of program Gold Member who be a top user. (certificate, reward, training and offline activities, events) HUNG QUOC PHUNG Resume 2015 - 2017 Freelancer of Event Organization Nhat Ha Communication Project leader Playdohs creative day Playdohs Birthday 60 years TV commercial product Organizing Playdoh contest for kids in Crescent Mall, Aeon Mall, Pakson, Vivo City.. CHANGE Center of Hands-on Actions and Networking for Growth and Environment Ticket to the wild (Tainasago, District 7) Live Simple (Vinh Nghiem pagoda) SILVER HAT Team building & Gala dinner for Pfizer (Pullman, Da Nang ) CRESCENT MALL Mother day #dearmomiloveyou LAINEIGE (office present giving tour) SKYLARK COMUNICATION Press conference and activation for Oishi Martys Jun 2014 Dec 2014 Internal Communication (full time partner) VNG Corporation Writing and taking photo for the internal website Idea and run for Companys event , specially 10years birth of VNG Contact with team leaders to get their teams information, activities Supervisor of Photography class. Nov 2013 May 2014 Sale & Marketing TAI NGUYEN Seafood Co., LTD TMTM Company Introducer & Deliver products in HCM City Logistic for export Seafood and Instant noodle (Cat Lai Port) Set up tea break for business conference Supporting set up new show room in Saigon Pearl Create the communities of KUBIer in HCM City (120 Member) support in content, keep active relationship with users on social media, HUNG QUOC PHUNG Resume 2010 2013 Vice president of HUFLITs association of student . Many social activities like: Green Summer, Volunteer Spring, Blood Donation Also sport, art events: HCM City volleyball, table tennis, soccer competition. 4th prize Tug of War in The HCM City student Championship 3 bronze medal of volleyball in HCM City Young Event Other Skill TEAMWORK LEADERSHIP MOTIVATION CREATING NETWORKING SING SPORT MC PHOTOGRAPH CONTENT",
  "educations": [
    {
      "id": 5255,
      "gpa": null,
      "major": "English",
      "school": "HUFLIT - Ho Chi Minh City University of Foreign Language - Information technology",
      "diploma": "Bachelors",
      "end_time": "2016-01-01T00:00:00Z",
      "conf_score": 0.8413267261986577,
      "start_time": "2014-01-01T00:00:00Z",
      "picklist_major": "Other",
      "major categories": "",
      "major_categories_detail": ""
    }
  ],
  "experiences": [
    {
      "id": 17579,
      "detail": "Convince bar owner and manager to allow testing the smart opener on the bar.Keep the relationship between company and userPilot first 30 locations that using the product, research, testing, receive feedback to improve the product and serviceFirst marketing of the company (Facebook page, and website)Acquisition Cluster Rolling out with all 800 PBA of Beer Company, National widen in big city (Ha Noi, Da Nang, Nha Trang, Can Tho) Demo new campaign with all staff in Drinking Location Rolling out with more than 1000 bartenders in Vietnam (almost in HCM City) First Customer service of the companySupport and motivate New Market in Mexico in 3 weeksCommunity Engagement Leader of program Gold Member who be a top user. (certificate, reward, training and offline activities, events)Create the communities of KUBIer in HCM City (120 Member) - support in content, keep active relationship with users on social media,",
      "company": "Wecheer SA & HIKAMI DIGITAL AG",
      "end_time": "2019-01-31T00:00:00Z",
      "industry": "High Technology",
      "position": "Relationship Manager",
      "conf_score": 0.9055166696416969,
      "start_time": "2017-01-01T00:00:00Z"
    },
    {
      "id": 17581,
      "detail": "Playdohs creative day - Playdohs Birthday 60 yearsTV commercial productOrganizing Playdoh contest for kids in Crescent Mall, Aeon Mall, Pakson, Vivo City.. CHANGE - Center of Hands-on Actions and Networking for Growth and Environment Ticket to the wild (Tainasago, District 7 ) Live Simple (Vinh Nghiem pagoda)SILVER HAT Team building & Gala dinner for Pfizer (Pullman, Da Nang) CRESCENT MALL - Mother day #dearmomiloveyouLAINEIGE - (office present giving tour)SKYLARK COMUNICATION Press conference and activation for Oishi Martys",
      "company": "Nhat Ha Communication",
      "end_time": "2017-01-31T00:00:00Z",
      "industry": "Other",
      "position": "Project leader",
      "conf_score": 0.7800434575764302,
      "start_time": "2015-01-01T00:00:00Z"
    },
    {
      "id": 17583,
      "detail": "Writing and taking photo for the internal websiteIdea and run for Companys event, specially 10years birth of VNG Contact with team leaders to get their teams information, activitiesSupervisor of Photography class.",
      "company": "VNG Corporation",
      "end_time": "2014-12-31T00:00:00Z",
      "industry": "High Technology",
      "position": "Internal Communication",
      "conf_score": 0.9143805267685811,
      "start_time": "2014-06-01T00:00:00Z"
    },
    {
      "id": 17585,
      "detail": "Introducer & Deliver products in HCM City Logistic for export Seafood and Instant noodle (Cat Lai Port) Set up tea break for business conferenceSupporting set up new show room in Saigon Pearl HUNG QUOC PHUNG - Resume",
      "company": "TAI NGUYEN Seafood Co., LTD TMTM Company",
      "end_time": "2014-05-31T00:00:00Z",
      "industry": "FMCG",
      "position": "Sales & Marketing",
      "conf_score": 0.9068400942483655,
      "start_time": "2013-11-01T00:00:00Z"
    },
    {
      "id": 17587,
      "detail": ". Many social activities like: Green Summer, Volunteer Spring, Blood Donation Also sport, art events: HCM City volleyball, table tennis, soccer competition. 4th prize Tug of War in The HCM City student Championship 3 bronze medal of volleyball in HCM City Young Event",
      "company": "HUFLITs association of students",
      "end_time": "2013-01-31T00:00:00Z",
      "industry": "Other",
      "position": "Vice president",
      "conf_score": 0.9217421334502777,
      "start_time": "2010-01-01T00:00:00Z"
    }
  ],
  "address": "113/14 Street 7, Ward 16, Go Vap District, Hcm City, Vietnam"
}