{
  "skills": [
    "roof",
    "payment",
    "fund management",
    "commodities",
    "liaising",
    "analysis",
    "excel",
    "accounting",
    "eye for detail"
  ],
  "fulltext": "CANDIDATE INFORMATION PERSONAL INFORMATION Full name (in capitals): TRAN THI THM Date of birth: 16/05/1991 Place of birth: Ha Giang Contact address: No. 37c, Ngo 20 Ho Tung Mau, Ward Mai Translation, Cau Giay District, City. Ha Noi Email: Thambebg@gmail.com Tel: 0989.410.090 Position: Accountant Personality: Strengths: Cons: Honest Careful Hardworking Skilled in analyzing and synthesizing data quickly Requirement high accuracy in work 2. POSITION, HONOR POSITION RECRUITMENT Position, title vacancy: Accountant Province want to work: Ha Noi Desired working time: Office hours 3. TRAINING PROCESS Time start time End time School name/Training unit Specialization Type of training Rating 2009 2011 Ha Giang Technical and Economics Intermediate Accounting Intermediate 2012 2015 Dien Luc University of Accounting Bachelor of Science Good * Foreign languages: Communication * Informatics: Proficient in computer literacy (Word, Excel, PowerPoint). * Proficient in accounting software 4. WORK EXPERIENCE Start time - end Name of working unit Title From 11/2012 to 10/2014 Co. Work done: - Distributing payment for arising cases, checking the reasonableness and validity, writing receipts and payments. Cash fund management.. - Write invoices for customers - Check import and export of goods - Manage import and export data of warehouses Start time - end Name of working unit Title From January 2015 to December/ 2016 Dong Nam Technology Development Joint Stock Company Debt Accounting Brief description of work done: - Calling consultants and placing orders for customers - Entering orders and arranging goods for delivery to customers - Tracking debts Customer Start time - end Name of working unit Title From February 2017 to present Travel and Service Trading Co., Ltd. General Accounting Brief description of work done: - Making tax reports monthly, quarterly, yearly - Updating accounting vouchers. - Manage invoice documents. - Write VAT invoices - According to customers' debts, manage import and export data of warehouses. - Summarize revenue and expenses. Daily and monthly potty report. 6. ADDITIONAL INFORMATION Reasons why I want to work at the Company: - I want to work in a dynamic and professional environment. - Processing corn with good laborers. My plans in the next 3 years are: - I will constantly study and improve other skills such as: Communication skills, foreign language skills and computer skills. 7. FAMILY COMPOSITION Quan he Full name Occupation and address Bo Tran Van Thao Business Me Bui Thi Thanh Business Brother Tran Quang Trung Business Tran Quynh An I hereby declare that the above contents are true. and is solely responsible for providing this information.",
  "educations": [
    {
      "id": 5276,
      "gpa": null,
      "major": "Accountant",
      "school": "Power University",
      "diploma": "Bachelors",
      "end_time": "2015-01-01T00:00:00Z",
      "conf_score": 0.8263227818945743,
      "start_time": "2012-01-01T00:00:00Z",
      "picklist_major": "Accounting",
      "major categories": "Business and management",
      "major_categories_detail": "Finance Bank Insurance"
    },
    {
      "id": 5275,
      "gpa": null,
      "major": "Accountant",
      "school": "Ha Giang Technical and Economics Intermediate School",
      "diploma": "Colleges",
      "end_time": "2011-01-01T00:00:00Z",
      "conf_score": 0.9162385206282713,
      "start_time": "2009-01-01T00:00:00Z",
      "picklist_major": "Accounting",
      "major categories": "Business and management",
      "major_categories_detail": "Finance Bank Insurance"
    }
  ],
  "experiences": [
    {
      "id": 17664,
      "detail": "Starting - ending timeName of working unitTitle from T Brief description of work done:- Making monthly, quarterly and yearly tax reports- Updating accounting vouchers.- Managing invoice documents .- Write VAT invoices - Track customer debts, manage inventory import and export data.- Summarize revenue and expenses. Daily and monthly internal reports.",
      "company": "Trading Service And Travel Company Limited",
      "end_time": "2023-04-13T00:00:00Z",
      "industry": "Other",
      "position": "General Accounting",
      "conf_score": 0.9089868123963978,
      "start_time": "2017-02-01T00:00:00Z"
    },
    {
      "id": 17666,
      "detail": "Briefly describe the work done: - Call for advice and close orders for customers - Type orders and arrange goods for delivery to customers - Follow up customer debts",
      "company": "Dong Nam Technology Development Joint Stock Company",
      "end_time": "2016-12-31T00:00:00Z",
      "industry": "Other",
      "position": "Accounting liabilities",
      "conf_score": 0.7897513794629749,
      "start_time": "2015-01-01T00:00:00Z"
    },
    {
      "id": 17668,
      "detail": "Briefly describe the work done:- Payment of arising cases, checking the reasonableness and validity, writing receipts and payments. Cash fund management..- Write invoices for customers- Check goods import and export- Manage inventory input and output data",
      "company": "Phuc Vien Joint Stock Company",
      "end_time": "2014-10-31T00:00:00Z",
      "industry": "Other",
      "position": "Accounting payment",
      "conf_score": 0.8835807818875816,
      "start_time": "2012-11-01T00:00:00Z"
    }
  ],
  "address": "House number 37c, lane 20 Ho Tung Mau, Mai Dich Ward, Cau Giay District, City. Hanoi"
}