{
  "skills": [
    "bidding",
    "stack",
    "radio resources",
    "java",
    "c++",
    "futures",
    "tcp",
    "lte",
    "java language",
    "management",
    "search engine",
    "git",
    "structure",
    "rail",
    "redis",
    "ruby",
    "tokenization",
    "search",
    "rtmp",
    "scheduling",
    "data structure",
    "debian",
    "algorithm",
    "django",
    "base station",
    "mvc",
    "database",
    "encoding",
    "python",
    "streaming"
  ],
  "fulltext": "Hung Vo Anh anhhung1303@gmail.com anhhung1303 +84 969 031 303EDUCATIONVietnam National University, HanoiGPA: 3.27/4Bachelor of Computer ScienceSep 2011 - June 2015KEY SKILLSC++, Python, Data Structure and Algorithm, Shell script, Git, Vim.WORK EXPERIENCECoc Coc Advertising EngineHanoi , VietnamC++ DeveloperMay 2017 - Present Take part in develop Advertising Engine, which do thousands of realtime bidding auctions per second. Develop keyword matching algorithm that match users query with adverts keywords. Research and develop click-through rate prediction, which is probability of ad click. This one should be important as it is one of main factor decide which position an ad should be placed. Implement ranking algorithm for contextual adverts - which are displayed on top of search engine resultpage. Develop and maintain adverts spending distribution service, which calculate/distribute user budget inrealtime. Including ad delivery spending mechanism, predict future spending, fast stop in case campaignnearly running out of budget, etc. Develop and maintain keyword provider service, which do tokenization and provides keywords tokens foradverts. Implementing statistics handling and storage using clickhouse database. Usage technologies: C++14, Debian package, Clickhouse, Redis, TCP socket, etc.Viettel GroupHanoi, VietnamSoftware EngineerMar 2016 - Apr 2017 Take part in develop Viettel 4G LTE Base Station. Develop OAM module, that manage a whole station, communicate with other LTE stack layer, e.g L2, L3 tomake eNodeB work functionaly, and to congure LTE parameters. Operation Remote Radio Unit, allow operator to set LTE bandwidth, output power, Antenna tilt. Realtime monitoring Radio Resource using TCP socket. Develop an agent module allow OAM modulecommunicate with EMS (Element Management System), which manage many eNodeBs. Main laguage: C.Sun*Hanoi, VietnamRuby on Rails DeveloperSep 2014 - Sep 2015 Develop web applications using Ruby on Rails framework.ACADEMIC PROJECTSStudent Scientic Research and Thesis2013 - 2015 Research the mechanism of Preemption delay to the process set response time in hard realtime system . Research algorithm to optimize CPU scheduling in oating deferred preemption model.3D Billiards Game2013 Creating 3D billiards Game using OpenGL. Write handlers when transform camera through space. Write handlers that handle balls collisions. Programming Language: OpenGL, C++.3D image processing2013 Process 3D image to make it better display on 3D viewer. Implement ghost reduction algorithm to make 3D image display on viewer like real. Language: Python.Lecture Management2014 Write a web application to manage Lectures and Quizzes. Implement web app using MVC model. Progamming Language: Python, Django framework.Teris Game2014 Write a small game called Tetris. Write an AI tool that auto play Game with the highest score. Programming Language: Java.Adaptive Bitrate Streaming2015 Building a streaming server that automatically adjust video resolution based on user network. Write code to detect user network changes. Develop algorithm to optimize video compression ratio based on diesel kinds of videos. Writing tool auto-encode original video into other resolutions using H264, Avisynth, mpeg. Writing tool to download video from rtmp server using rtmp dump. Programming Language: C++, Avisynth script, Action Script. Having experience with video encoding.AWARDS AND ACHIEVEMENTS VietSeeds Foundation Schoolarship. Academic Encourage Scholarships, given by University of Engineering and Technology, Vietnam NationalUniversity Hanoi.",
  "educations": [
    {
      "id": 5274,
      "gpa": "3.27",
      "major": "Computer science",
      "school": "Vietnam National University, Hanoi",
      "diploma": "Bachelors",
      "end_time": "2015-06-01T00:00:00Z",
      "conf_score": 0.8169468421241411,
      "start_time": "2011-09-01T00:00:00Z",
      "picklist_major": "IT - Hardware/Networking",
      "major categories": "Computer and information technology",
      "major_categories_detail": "Computer"
    }
  ],
  "experiences": [
    {
      "id": 17655,
      "detail": "Take part in develop Advertising Engine, which do thousands of realtime bidding auctions per second. Develop keyword matching algorithm that match users query with adverts keywords. Research and develop click-through rate prediction, which is probability of ad click. This one should be important as it is one of main factor decide which position an ad should be placed. Implement ranking algorithm for contextual adverts - which are displayed on top of search engine result page. Develop and maintain adverts spending distribution service, which calculate/distribute user budget in realtime. Including ad delivery spending mechanism, predict future spending, fast stop in case campaign nearly running out of budget, etc. Develop and maintain keyword provider service, which do tokenization and provides keywords tokens for adverts. Implementing statistics handling and storage using clickhouse database. Usage technologies: C++14, Debian package, Clickhouse, Redis, TCP socket, etc.",
      "company": "Coc Coc Advertising Engine",
      "end_time": "2023-04-13T00:00:00Z",
      "industry": "Other",
      "position": "C++ Developer",
      "conf_score": 0.9509287060536842,
      "start_time": "2017-05-01T00:00:00Z"
    },
    {
      "id": 17657,
      "detail": "Take part in develop Viettel 4G LTE Base Station. Develop OAM module, that manage a whole station, communicate with other LTE stack layer, e.g L2, L3 to make eNodeB work functionaly, and to configure LTE parameters. Operation Remote Radio Unit, allow operator to set LTE bandwidth, output power, Antenna tilt. Realtime monitoring Radio Resource using TCP socket. Develop an agent module allow OAM module communicate with EMS (Element Management System), which manage many eNodeBs. Main lag: C.",
      "company": "Viettel Group",
      "end_time": "2017-04-30T00:00:00Z",
      "industry": "Other",
      "position": "Software Engineer",
      "conf_score": 0.9095433078303325,
      "start_time": "2016-03-01T00:00:00Z"
    },
    {
      "id": 17659,
      "detail": "Develop web applications using Ruby on Rails framework.",
      "company": "Sun*",
      "end_time": "2015-09-30T00:00:00Z",
      "industry": "High Technology",
      "position": "Ruby on Rails Developer",
      "conf_score": 0.9509287060536842,
      "start_time": "2014-09-01T00:00:00Z"
    },
    {
      "id": 17661,
      "detail": "Research the mechanism of Preemption delay to the process set response time in hard realtime system. Research algorithm to optimize CPU scheduling in floating deferred preemption model.",
      "company": null,
      "end_time": "2015-01-31T00:00:00Z",
      "industry": "Other",
      "position": "Student Scientific Research and Thesis",
      "conf_score": 0.8086621310791741,
      "start_time": "2013-01-01T00:00:00Z"
    },
    {
      "id": 17662,
      "detail": "Write a web application to manage Lectures and Quizzes. Implement web app using MVC model. Progamming Language: Python, Django framework.Teris Game 2014 Write a small game called Tetris. Write an AI tool that auto play Game with the highest score. Programming Language: Java. Adaptive Bitrate Streaming 2015 Building a streaming server that automatically adjust video resolution based on user network. Write code to detect user network changes. Develop algorithm to optimize video compression ratio based on different kinds of videos. Writing tool auto-encode original video into other resolutions using H264, Avisynth, ffmpeg. Writing tool to download video from rtmp server using rtmp dump. Programming Language: C++, Avisynth script, Action Script. Having experience with video encoding.",
      "company": null,
      "end_time": "2014-01-31T00:00:00Z",
      "industry": "Other",
      "position": "ture",
      "conf_score": 0.8086621310791741,
      "start_time": "2013-01-01T00:00:00Z"
    }
  ],
  "address": null
}