{
  "skills": [
    "linux",
    "marketing",
    "babe",
    "javascript",
    "graphql",
    "vuepress",
    "cli",
    "mongodb",
    "postgresql",
    "frontend development",
    "mongoose",
    "vuejs",
    "ubuntu",
    "sequelize",
    "typescript",
    "php",
    "css",
    "reactjs",
    "database",
    "leveldb",
    "apollo",
    "python",
    "sqlite",
    "mocha",
    "angularjs",
    "bootstrap",
    "jest",
    "mysql",
    "html"
  ],
  "fulltext": "Loc Duc AnEmail: ancmsvn@gmail.comMobile: +84 974 240 252Experience GugoJan. 2019 PresentPart-time Software Engineer Developing websites utilizes the Unocal Facebook API. Language/Technologies: Node.JS, React.JS, PKG, Javascript. GRAPVNApr. 2016 Dec. 2018Software Engineer Developing commercial website utilizes the Facebook Graph API. Managed over 50 Linux servers that help to balancing system. Developing a system for thousands of active users for marketing reasons. Managed a very large database, at least 500 million entries recorded. Building a system that providing workers to executing task coherently. Language/Technologies: Ubuntu, Node.JS, Vue.js, React.js, MongoDB, MySQL, Javascript, AngularJS. SAT CodingDec. 2014 Apr. 2016Frontend Developer Building interface of website. Language/Technologies: Bootstrap, Javascript, MySQL, CSS, AngularJS.Activities Administrator at ancms Live StreamJun. 2015 Apr. 2016 Provide a platform helps live stream to Facebook. Managing Live Stream Facebook Group for discussions with 70,000 members. Administrator at ancms Inbox ManagerFeb. 2015 Apr. 2016 A application helps to read messages FB via access token.Languages ​​And Technologies Languages: Procient in javascript 4 years, HTML, CSS. Familiar with Python, PHP, GraphQL, Typescript. Frameworks: VueJS, ReactJS, NodeJS, Sequelize, ExpressJS, Fastify, AngularJS, Mongoose, Apollo,TypeGraphQL, Flow. Known how to build a framework. Database systems: MongoDB, MySQL, PostgreSQL, SQLite, LevelDB. Technologies: Stackshare.Personal Projects Methor Framework A exible framework NodeJS helps fast create a backend. Inspired from FB API v1. Built at 2017 100k active users Languages ​​Technologies: Flow, Javascript, Lerna, Babel, Vuepress, Mocha (test). JustCLI Framework A replacement, global command line react-script. Extended with react-app-rewired. Languages ​​Technologies: Typescript, Jest (test). ancms Live StreamProject Provide a platform helps live stream to Facebook. Languages ​​Technologies: Javascript, Bootstrap, PHP.EducationQue Phong High School (2015 2018).",
  "educations": [
    {
      "id": 5277,
      "gpa": null,
      "major": null,
      "school": "Que Phong High School",
      "diploma": "Other",
      "end_time": "2018-01-01T00:00:00Z",
      "conf_score": 0.6981244904084882,
      "start_time": "2015-01-01T00:00:00Z",
      "picklist_major": "Other",
      "major categories": "",
      "major_categories_detail": ""
    }
  ],
  "experiences": [
    {
      "id": 17671,
      "detail": "Developing websites makes use of the Unoffical Facebook API. Language/Technologies: Node.JS, React.JS, PKG, Javascript.",
      "company": "Gugo",
      "end_time": "2023-04-13T00:00:00Z",
      "industry": "Other",
      "position": "Software Engineer",
      "conf_score": 0.9309791790920914,
      "start_time": "2019-01-01T00:00:00Z"
    },
    {
      "id": 17672,
      "detail": "Developing commercial website utilizes the Facebook Graph API. Managed over 50 Linux servers that help to balancing system. Developing a system for thousands of active users for marketing reasons. Managed a very large database, at least 500 million entries recorded. Building a system that providing workers to executing task coherently. Language/Technologies: Ubuntu, Node.JS, Vue.js, React.js, MongoDB, MySQL, Javascript, AngularJS.",
      "company": "GRAPHVN",
      "end_time": "2018-12-31T00:00:00Z",
      "industry": "Other",
      "position": "Software Engineer",
      "conf_score": 0.9264139694127339,
      "start_time": "2016-04-01T00:00:00Z"
    },
    {
      "id": 17673,
      "detail": "Building a system that providing workers to executing task coherently. Language/Technologies: Ubuntu, Node.JS, Vue.js, React.js, MongoDB, MySQL, Javascript, AngularJS.",
      "company": "SAT Coding",
      "end_time": "2016-04-30T00:00:00Z",
      "industry": "Other",
      "position": "Frontend Developer",
      "conf_score": 0.9219483572670066,
      "start_time": "2014-12-01T00:00:00Z"
    }
  ],
  "address": null
}