{
  "skills": [
    "budgeting",
    "networking",
    "risks",
    "project management",
    "print ads",
    "sales",
    "project risk management",
    "vendor negotiation",
    "event management",
    "public relations",
    "risk management",
    "relationship management",
    "csr",
    "maintenance",
    "management",
    "medium",
    "communication skills",
    "customer service orientation",
    "problem solving"
  ],
  "fulltext": "Pham Tran Phuong Thanh (Gina)Corporate Event SpecialistPassionate and highly-effective event specialist with demonstrated 5 year experience inmanaging all stages of innovative, branded and revenue-generating events. Having a strong customer service orientation and an active commitment to continuous improvement and quality standards. Excellent communication skills and comfortable working in a fast paced,hands-on, growth oriented work environment. Currently looking for a managerial position thatoffers the opportunity to advance career in event management.phthanhpt@gmail.com0963422554Ho Chi Minh City, Vietnamlinkedin.com/in/pthanhphamWORK EXPERIENCECorporate Event SpecialistDow Chemical Vietnam LLC05/2016 06/2019Dow Inc. headquarter in Midland, Michigan, United States is one of the largestmultinational chemical corporation in the world.Achievements/TasksPlanned and produced 150+ memorable, premium-quality functionswithin budget for corporate on-demand events, both internally andexternally, including: meetings & conferences, town halls, black-tiegalas, product seminars/workshops, press conferences, exhibitions, sale kickoffs, banquets, ceremonies, networking cocktails, teambuilding, year-end parties, CSR and incentive trips, etc.Managed logistics for Dow delegates attending sponsored VIPnational events : APEC Summit 2017 in Danang, World EconomicForum on ASEAN 2018 in Hanoi;Executed the biggest project of Dow Headquarter in Vietnam:Leadership in Action in Hanoi, September 2017, by 55corporate leaders from multiple countries/regions, with budget overUS$ 100,000 ;Developed and fostered strong relationships with media press, eventagencies, hotels and resorts, and other related partners.Event CoordinatorSociety of Petroleum Engineers (SPE Vietnam)01/2015 04/2016SPE is the largest non-profit association serving managers, engineers, scientistsand other professionals worldwide in the oil and gas industry.Achievements/TasksOrganised the annual biggest sport fundraising event in the Oil & Gasindustry - SPE Golf & Tennis Tournament 2015 in Vung Tau with1,500 participants. Total fundraising value: USD$ 0.5 million in 3days;Coordinated monthly technical workshops and continuing educationcourses with distinguished lecturers in the industry for SPE membersand non-members;Implemented charity projects including bicycle donation to 120 poorpupils in BVT, heart operations to 20 children, 03 book donationcampaigns, 01 kindergarten & 01 library sponsorship in Tra Vinh.SKILLSEvent Production & ManagementConference & Meeting PlanningBudgeting & Cost ControlProblem-solvingRisk ManagementProject ManagementStrategic & Contingency PlanningVendor NegotiationCorporate CommunicationRelationship ManagementVOLUNTEER EXPERIENCESite Leader of RISE (EmployeeResources Group for Fresher &J Chemical/201806 VietnamD 06/2019Event Coordinator for SPE Golf& Tennis TournamentSociety of Petroleum Engineers(SPE Vietnam)2016 2018HONOR AWARDS2Q2018 Best Employee of the QuarterDow Chemical Vietnam LLC3Q2017 Best Employee of the QuarterDow Chemical Vietnam LLCPage 1 of 2WORK EXPERIENCEMedia Buying SupervisorDentsu Media Vietnam07/2014 12/2014Dentsu Inc. is a Japanese international advertising and public relations joint stockcompany headquartered in Tokyo.Achievements/TasksSupervised and followed-up media buying contracts and invoices ofmultiple channels (TV, print, OOH, digital);Monitored print-ads by tracking deadlines and publicationspecifications:Managed the daily work flow of client campaigns, including proposaldevelopment, campaign activation maintenance, and post-campaignreporting;Organised the sport event Watch AFF Cup with Suzuki in November2014 for 16,000 participants at Military Zone 7 Stadium.LANGUAGESVietnameseNative or Bilingual ProficiencyEnglishFull Professional Chinese (Mandarin)Limited Working ProficiencyEDUCATIONBachelor of Science - International BusinessSaimaa University of Applied Sciences09/2009 05/2014Lappenrata, FinlandPage 2 of 2",
  "educations": [
    {
      "id": 5292,
      "gpa": null,
      "major": "International bussiness",
      "school": "Saimaa University of Applied Sciences",
      "diploma": "Bachelors",
      "end_time": "2014-05-01T00:00:00Z",
      "conf_score": 0.7851615749618549,
      "start_time": "2009-09-01T00:00:00Z",
      "picklist_major": "Economical",
      "major categories": "Business and management",
      "major_categories_detail": "Business"
    }
  ],
  "experiences": [
    {
      "id": 17721,
      "detail": "(Employee Resources Group for Fresher & Junior)",
      "company": "RISE",
      "end_time": "2019-06-30T00:00:00Z",
      "industry": "Other",
      "position": "Site Leader",
      "conf_score": 0.9392391644971597,
      "start_time": "2018-06-01T00:00:00Z"
    },
    {
      "id": 17723,
      "detail": "Dow Inc. Headquartered in Midland, Michigan, United States is one of the largest multinational chemical corporation in the world.Achievements/Tasks Planned and produced 150+ memorable, premium-quality functions within budget for corporate on-demand events, both internally and externally, including: meetings & conferences, town halls, black-tie galas, product seminars/workshops, press conferences, exhibitions, sale kickoffs, banquets, ceremonies, networking cocktails, team building, year-end parties, CSR and incentive trips, etc.Managed logistics for Dow delegates attending sponsored VIP national events: APEC Summit 2017 in Danang, World Economic Forum on ASEAN 2018 in Hanoi; Executed the biggest crucial project of Dow Headquarter in Vietnam: Leadership in Action in Hanoi, September 2017, participated by 55 corporate leaders from multiple countries/regions, with budget overUS$100,000; Developed and fostered strong relationships with media press, event agencies, hotels and resorts, and other related partners.",
      "company": "Dow Chemical Vietnam LLC",
      "end_time": "2019-06-30T00:00:00Z",
      "industry": "Other",
      "position": "Corporate Event Specialist",
      "conf_score": 0.9664944150740037,
      "start_time": "2016-05-01T00:00:00Z"
    },
    {
      "id": 17725,
      "detail": "",
      "company": "SPE Golf & Tennis TournamentSociety of Petroleum Engineers(SPE Vietnam)",
      "end_time": "2018-01-31T00:00:00Z",
      "industry": "Petroleum",
      "position": "Event Coordinator",
      "conf_score": 0.9318493695629307,
      "start_time": "2016-01-01T00:00:00Z"
    },
    {
      "id": 17726,
      "detail": "SPE is the largest non-profit association serving managers, engineers, scientists and other professionals worldwide in the oil and gas industry.Achievements/Tasks Organized the biggest annual sport fundraising event in the Oil & Gas industry - SPE Golf & Tennis Tournament 2015 in Vung Tau with1,500 participants. Total fundraising value: USD$ 0.5 million in 3 days;Coordinated monthly technical workshops and continuing education courses with distinguished lecturers in the industry courses for SPE members and non-members;Implemented charity projects including bicycle donation to 120 poor pupils in BVT, heart operations to 20 children, 03 book donation campaigns, 01 kindergarten & 01 library sponsorship in Tra Vinh.",
      "company": "Society of Petroleum Engineers (SPE Vietnam)",
      "end_time": "2016-04-30T00:00:00Z",
      "industry": "Petroleum",
      "position": "Event Coordinator",
      "conf_score": 0.9664944150740037,
      "start_time": "2015-01-01T00:00:00Z"
    },
    {
      "id": 17727,
      "detail": "Dentsu Inc. is a Japanese international advertising and public relations joint stock company headquartered in Tokyo. Achievements/Tasks Supervised and followed-up media buying contracts and invoices of multiple channels (TV, print, OOH, digital);Monitored print-ads by tracking deadlines and publication specifications:Managed the daily work flow of client campaigns, including proposal development, campaign activation maintenance, and post-campaign reporting;Organised the sport event Watch AFF Cup with Suzuki in November 2014 for 16,000 participants at Military Zone 7 Stadium.",
      "company": "Dentsu Media Vietnam",
      "end_time": "2014-12-31T00:00:00Z",
      "industry": "Other",
      "position": "Media Buying Supervisor",
      "conf_score": 0.9388197298451921,
      "start_time": "2014-07-01T00:00:00Z"
    }
  ],
  "address": "Ho Chi Minh City, Vietnam"
}