{
  "skills": [
    "payment",
    "futures",
    "front desk",
    "time service",
    "management",
    "housekeeping"
  ],
  "fulltext": "Contactwww.linkedin.com/in/duong- ly-3a21a6a5 (LinkedIn)Top SkillsCustomer ServiceHotel ManagementDuong LyTeam Leader of Butler Services at InterContinental Phu Quoc LongBeach ResortVietnamExperienceInterContinental Phu Quoc Long Beach ResortTeam Leader of Club IntercontinentalNovember 2018 - Present AMAN2 years 9 monthsResidence Butler SupervisorAugust 2017 - November 2018 (1 year 4 months)VietnamResidence Butler March 2016 - July 2017 (1 year 5 months)VietnamProvide all preparation and mise un place in the assigned Residence beforeservice timeProvide the correct and complete tools and equipment in the assignedResidence in order to provide the outstanding level of serviceInspect the room before guest arrival as well as during guest stayTake care of guests and coordinate with all concerned departments to fulfillguest needs and requests.Keep concerned departments informed about the guest allergies and foodpreferences.Update the hotel software with guest preference, likes and dislikes on to theguest profile section.Welcome and escorts the guests to their assigned Residence.Serves guest's dinning & checks in with guests to ensure satisfaction with eachfood course and/or beverages.Follow all the guest needs until they are completed to the total guestsatisfaction .Maintain the personal service to the guests by giving the details attention to theguestsTakes care of the guest's requests and liaise with respective departments:laundry, wake up call, spa bookings,concierge and any special requests etc.Page 1 of 3Able to perform software operations like check-ins / check-outs, update profile, room reservations, requests, apply payment, verify and adjust billing, processcheck-out etc. on the hotel software.Updates guest feedback and comments on to ManagerHelps monitoring the stock inventory and to follow up on pending issues with the tracking system and store requisition forms.Coordinate with Housekeeping to make sure the room always tiday & cleanFully conversant with accommodation features: lay -out, room type, location,decor, in room facilities and equipment.Serve the guests in a calm, discrete and courteous manner, respecting timingstandards.Assist guest for packing & unpacking serviceDo closing Residence procedure: return items to department concern, clean uppantry , by inventory record.VinpearlGuest Relations OfficerAugust 2015 - March 2016 (8 months)VietnamFrom greeting and checking-in to instruct the daily comfort of guests, a GuestRelation Officer maintains a constant presence at the front desk or lobby of ahotel and is available to handle all customer questions and concerns. Responding quickly and efficiently to guest satisfactionAssisting guests throughout the check-in processRelating information about amenities and other relevant information forincoming guestsContributing to the development of customer satisfaction programsHandle guest's complaint.Work closely with upper management to measure customer service, such asthrough surveys and questionnaires, and help to create programs that betteraddress the needs of guests to avoid potential issues in the future.Nhan tam eco-tourism, Khanh Hoa , VietnamSales ExecutiveJune 2014 - July 2015 (1 year 2 months)Nhan tam Eco-tourism, Khanh Hoa, VietnamDiamond Bay Condotel Nha Trangsales executiveDecember 2013 - 2014 (1 year 1 month)Page 2 of 3EducationHa Tinh UniversityBachelor's degree, English (2009 - 2012)Page 3 of 3",
  "educations": [
    {
      "id": 5290,
      "gpa": null,
      "major": "English",
      "school": "Ha Tinh University",
      "diploma": "Bachelors",
      "end_time": "2012-01-01T00:00:00Z",
      "conf_score": 0.8413267261986577,
      "start_time": "2009-01-01T00:00:00Z",
      "picklist_major": "Other",
      "major categories": "",
      "major_categories_detail": ""
    }
  ],
  "experiences": [
    {
      "id": 17714,
      "detail": "",
      "company": "InterContinental Phu Quoc Long Beach Resort",
      "end_time": "2023-04-13T00:00:00Z",
      "industry": "Other",
      "position": "Team Leader of Club Intercontinental",
      "conf_score": 0.9243558553099895,
      "start_time": "2018-11-01T00:00:00Z"
    },
    {
      "id": 17715,
      "detail": "",
      "company": "AMAN",
      "end_time": "2018-11-30T00:00:00Z",
      "industry": "Other",
      "position": "Residence Butler Supervisor",
      "conf_score": 0.912446606303612,
      "start_time": "2017-08-01T00:00:00Z"
    },
    {
      "id": 17716,
      "detail": "(1 year 5 months)Vietnam Provide all preparation and mise un -place in the assigned Residence before service timeProvide the correct and complete tools and equipment in the assignedResidence in order to provide the outstanding level of serviceInspect the room before guest arrival as well as during guest stayTake care of guests and coordinate with all departments concerned to fulfill guest needs and requests.Keep concerned departments informed about the guest allergies and food preferences.Update the hotel software with guest preference, likes and dislikes on to the guest profile section.Welcome and escorts the guests to their assigned Residence. Serves guest's dinning & checks in with guests to ensure satisfaction with each food course and/or beverages.Follow all the guest needs until they are completed to the total guest satisfaction.Maintain the personal service to the guests by giving the details attention to the guestsTakes care of the guest's requests and liaise with respective departments: laundry, wake up call, spa bookings,concierge and any special requests etc.Able to perform software operations like check-ins / check-outs, update profile, room reservations, requests, apply payment, verify and adjust billing, process check-out etc. on the hotel software.Updates guest feedback and comments on to Manager Helps monitor the stock inventory and to follow up on pending issues with the tracking system and store requisition forms.Coordinate with Housekeeping to make sure the room always tiday & cleanFully conversant with accommodation features : lay-out, room type, location, decor, in room facilities and equipment.Serve the guests in a calm, discrete and courteous manner, respecting timing standards.Assist guest for packing & unpacking serviceDo closing Residence procedure: return items to department concern , clean up pantry, do inventory record.",
      "company": "AMAN",
      "end_time": "2017-07-31T00:00:00Z",
      "industry": "Other",
      "position": "Residence Butler",
      "conf_score": 0.8086621310791741,
      "start_time": "2016-03-01T00:00:00Z"
    },
    {
      "id": 17717,
      "detail": "(8 months)Vietnam From greeting and checking-in to advise the daily comfort of guests, a Guest Relation Officer maintains a constant presence at the front desk or lobby of a hotel and is available to handle all customer questions and concerns.Responding quickly and efficient to guest concernsAssisting guests throughout the check-in processRelating information about amenities and other relevant information for incoming guestsContributing to the development of customer satisfaction programsHandle guest's complaint.Work closely with upper management to measure customer service, such as through surveys and questionnaires, and help to create programs that better address the needs of guests to avoid potential issues in the future.",
      "company": "Vinpearl",
      "end_time": "2016-03-31T00:00:00Z",
      "industry": "Other",
      "position": "Guest Relations Officer",
      "conf_score": 0.9542590739672067,
      "start_time": "2015-08-01T00:00:00Z"
    },
    {
      "id": 17718,
      "detail": "Khanh Hoa , Vietnam Sa",
      "company": "Nhan tam eco - tourism",
      "end_time": "2015-07-31T00:00:00Z",
      "industry": "Other",
      "position": "Sales Executive",
      "conf_score": 0.9371357429935756,
      "start_time": "2014-06-01T00:00:00Z"
    },
    {
      "id": 17719,
      "detail": "",
      "company": "Diamond Bay Condotel Nha Trang",
      "end_time": "2014-01-31T00:00:00Z",
      "industry": "Other",
      "position": "sales executive",
      "conf_score": 0.9338341297122752,
      "start_time": "2013-12-01T00:00:00Z"
    }
  ],
  "address": null
}