{
  "skills": [
    "sql development",
    "security problem",
    "networking",
    "investments",
    "json",
    "java",
    "microservices",
    "agile",
    "administration",
    "analysis",
    "objective c",
    "firebase",
    "desktop",
    "structure",
    "reactjs",
    "buyback",
    "iodine",
    "mysql",
    "scheduling",
    "redux",
    "security",
    "jquery",
    "business analysis",
    "sql",
    "microservices architecture",
    "sell",
    "c#",
    "responsive",
    "javascript",
    "payment",
    "query performance",
    "website development",
    "database",
    "nginx",
    "react native",
    "dynamodb",
    "cloudwatch",
    "jenkins",
    "database administration",
    "php",
    "tdd",
    "android",
    "c system",
    "management",
    "asp",
    "aws",
    "problem solving"
  ],
  "fulltext": "NGUYEN Nguyen (Mr.) Technical Product Manager TECHNICAL SKILLS Application/infrastructure performance monitoring tools (CloudWatch, JPMeter) Experience Agile and Scrum as organizing the daily meeting, retrospective and brain-storming meeting. The experience about analyze, troubleshoot issues and code review for team Experience in gathering, analyzing requirements and communicate to onsite team and client Strong knowledge about SOLID principle, TDD, Coding Standard, and clean code Deploy apps on to Google Play and Apple Connect Experience development with C#, ASP.NET Experience on web development with pure JavaScript, JQuery and ReactJS Database administration and programming: MS SQL, MySQL. Embed system: C language.EXPERIENCES DEVBLOCK VIETNAM HCMC, Vietnam Nov 2018 - Now Technical Product Manager TMA SOLUTION HCMC, Vietnam June 2014 Oct 2018 Tech lead CSC VIETNAM (now is DXC) HCMC, Vietnam Dec 2010 June 2014 Developer LAC VIET COMPUTING HCMC, VIETNAM Sep 2009 Dec 2010 Developer HONORS AND AWARDS Star performance TMA Solution Q3 - 2015 Best employee of the year TMA Solution 2016 1 LATEST PROJECTS APPZOCIAL (2018 - NOW) Technical Product Manager Powerful, intuitive tools help you create and customize a branded social networking app for your community. It helps to drive engagement, fundraising and communication among your organization's members through a custom branded, private social networking app. Manage a broad portfolio of technologies, platforms, and services Manage relationships with vendors, manage product development roadmaps Analyze and prioritize issues such as responsibilities as feature bugs, security problems, Making the plan to upgrade third-party utilities and framework PHP framework, MySQL Objective -C, Java for Android AWS services as EC2, RDSORIGINS CANNABIS (2018 - NOW) Technical Product Manager A solution for checker and guider in Cannabis retail store be able to check-in and order in real-time, reducing wait time. Integrate with some kinds of POS system as GAINT and Greenbits. Build mobile apps for customers and employees in the store. Responsibilities Technologies Assess, drive and support performant, secure, and resilient global infrastructure Manage the technical product roadmap Collaborate with the program manager to contribute/analyze requirements Arrange resource and guide members following Agile activities Prepare project plan and schedule delivery plan. NodeJS and MySQL React Native securities ReactJS and Redux AWS services as EC2, RDS DynamoDB, FirebaseMIGAIN (2016 - 2018) Technical product manager cum Project Manager Share portfolio management web application to tracking of investments historical investments in Australian exchange. Record relative actions as buy, sell, stock split, demerger, bonus, capital return, 2nd payment, buyback and then calculate profit/loss and tax send to accountants. The application is built on responsive web design that supports desktop (cross browsers as Chrome, Firefox, and Edge) and iPad (Safari) Responsibilities Manage the technical product roadmap Collaborate with the product owner to build requirements Making project plan and reports. Build product structure base on microservices architectureTechnologies Troubleshoot issues as importing huge data NodeJS, BookshelfJS React and Redux AWS services as EC2, RDS Jenkins, Nginx JSON Web TokensIWFA (2017 - 2018) Technical product manager cum Project Manager Workforce Management is an application to scheduling shifts for employees, tracking location assigned in shift and record them in timesheet. Including HR features as employee management, organization chart, contracts, and customer management, leave and overtime flow management. Analyze and discuss requirements with the product owner Guide team following Agile activities Analyze and troubleshoot issues as performance query, circular inject services and entities responsibilities Java, MySQL React, Redux and React Native Code review EDUCATION TON DUC THANG UNIVERSITY HCMC, Vietnam 2005 - 2009 Bachelor of Computer Sciences NIIT INSTIUTE HCMC, Vietnam 2006 - 2009 Diplomat of Software Engineering VIETNAMESE-GERMAN UNIVERSITY HCMC, Vietnam 2018 - 2020 Master of BIS TRAINING CSC HCMC, VIETNAM SharePoint 2010 training Problem Solving Techniques Business Analysis Interviewer MICROSOFT CERTIFIED TECHNOLOGY HCMC, VIETNAM SharePoint 2010 MCITP SharePoint 2010 MCPD IOT MAKER COURSE HCMC, VIETNAM Fundamentals IoT developmentACTIVITIES Organized DC trip 2017 for more than 100 people in Phan Thiet",
  "educations": [
    {
      "id": 5302,
      "gpa": null,
      "major": "Software technology",
      "school": "NIIT INSTITUTE",
      "diploma": "Other",
      "end_time": "2009-01-01T00:00:00Z",
      "conf_score": 0.8244845671362849,
      "start_time": "2006-01-01T00:00:00Z",
      "picklist_major": "IT - Hardware/Networking",
      "major categories": "Computer and information technology",
      "major_categories_detail": "Computer"
    },
    {
      "id": 5301,
      "gpa": null,
      "major": "Computer science",
      "school": "TON DUC THANG UNIVERSITY",
      "diploma": "Bachelors",
      "end_time": "2009-01-01T00:00:00Z",
      "conf_score": 0.8393965723300593,
      "start_time": "2005-01-01T00:00:00Z",
      "picklist_major": "IT - Hardware/Networking",
      "major categories": "Computer and information technology",
      "major_categories_detail": "Computer"
    },
    {
      "id": 5303,
      "gpa": null,
      "major": "BIS",
      "school": "VIETNAMESE - GERMAN UNIVERSITY",
      "diploma": "Masters",
      "end_time": "2020-01-01T00:00:00Z",
      "conf_score": 0.8244845671362849,
      "start_time": "2018-01-01T00:00:00Z",
      "picklist_major": "Other",
      "major categories": "",
      "major_categories_detail": ""
    }
  ],
  "experiences": [
    {
      "id": 17752,
      "detail": "",
      "company": "DEVBLOCK VIETNAM",
      "end_time": "2023-04-13T00:00:00Z",
      "industry": "Other",
      "position": "Technical Product Manager",
      "conf_score": 0.9253675824924982,
      "start_time": "2018-11-01T00:00:00Z"
    },
    {
      "id": 17754,
      "detail": "",
      "company": "TMA SOLUTION",
      "end_time": "2018-10-31T00:00:00Z",
      "industry": "High Technology",
      "position": "Tech lead",
      "conf_score": 0.9015919502229335,
      "start_time": "2014-06-01T00:00:00Z"
    },
    {
      "id": 17756,
      "detail": "Workforce Management is an application to scheduling shifts for employees, tracking location assigned in shift and record them in timesheet. Including HR features as employee management, organization chart, contracts, and customer management, leave and overtime flow management. Responsibilities Technologies Analyze and discuss requirements with the product ownerGuide team following Agile activitiesAnalyze and troubleshoot issues as performance query, circular inject services and entitiesJava, MySQL React, Redux and React Native Code review",
      "company": "IWFA",
      "end_time": "2018-01-31T00:00:00Z",
      "industry": "Other",
      "position": "Technical product manager cum Project Manager",
      "conf_score": 0.844963359021675,
      "start_time": "2017-01-01T00:00:00Z"
    },
    {
      "id": 17758,
      "detail": "",
      "company": "CSC VIETNAM (now is DXC)",
      "end_time": "2014-06-30T00:00:00Z",
      "industry": "Other",
      "position": "Tech lead",
      "conf_score": 0.7982161229421119,
      "start_time": "2010-12-01T00:00:00Z"
    },
    {
      "id": 17761,
      "detail": "",
      "company": "LAC VIET COMPUTING",
      "end_time": "2010-12-31T00:00:00Z",
      "industry": "Other",
      "position": "Developer",
      "conf_score": 0.9015919502229335,
      "start_time": "2009-09-01T00:00:00Z"
    }
  ],
  "address": null
}