{
  "skills": [
    "search",
    "visual studio",
    "linux",
    "studio",
    "operation system",
    "html",
    "mysql",
    "unity",
    "css",
    "php",
    "website development",
    "github",
    "tester",
    "excel",
    "sales",
    "c#"
  ],
  "fulltext": "INFORMATION TECHNOLOGY Engineer As an Information Technology engineer looking for Tester, QA, QC with the desire to work in a flexible career and dynamic environment to develop your career and apply your skills and knowledge to yourself. I believe I can become a prominent candidate. Information Technology Degree of engineer The product is a 2D game called Gold Miner built using C# language and Unity 2D tool. The game consists of four levels from easy to difficult, graphical interface fun, friendly, effects and sound fun, enticing players. This game built on PC with 4 screens play from easy to difficult with different objectives in each level and functions achieve as load scene by button, create effects for buttons, display the interface as you like, count down the time spent in each stage, add points when eating gold, create sound for the game. With funny images and sounds, the Game creates a space for players to search and conquer every treasure of different sizes with different scores. The player pulls more and more objects high value treasure the higher the score. Used to work with GitHub for storage. Language programming: C#. Tools: Unity, Visual Studio, Photoshop CS6, Illustrator. INFORMATION TECHNOLOGY Engineer Building sales website help to provide more informations to customers and convenient for shopping. Users can add, edit, delete and update products. Customers are allowed to view, search, add shopping carts and choose to buy products they want to buy. Design UI with photoshop. Cutting html and css from psd. Knowledge of web programming. Language programming: HTML, CSS, PHP, MySQL. Experience for editing photos, images and logo with basic knowledge for Photoshop, Illustrator and Proshow software. Making and designing Power Point for presentation. Setup and install Linux and Windows operation system.Knowledge for Word and Excel.",
  "educations": [
    {
      "id": 5316,
      "gpa": null,
      "major": "Information technology",
      "school": "Can Tho University",
      "diploma": "Engineer",
      "end_time": "2019-01-01T00:00:00Z",
      "conf_score": 0.8344195524159246,
      "start_time": "2014-01-01T00:00:00Z",
      "picklist_major": "IT - Hardware/Networking",
      "major categories": "Computer and information technology",
      "major_categories_detail": "Information technology"
    }
  ],
  "experiences": [
    {
      "id": 17810,
      "detail": "The product is a 2D game called Gold Miner built using C# language and Unity 2D tool. The game consists of four levels from easy to difficult, graphical interface fun, friendly, effects and sound fun, enticing players.This game built on PC with 4 screens play from easy to difficult with different objectives in each level and functions achieve as load scene by button, create effects for buttons, display the interface as you like, count down the time spent in each stage, add points when eating gold, create sound for the game.With funny images and sounds, the Game creates a space for players to search and conquer every treasure of different sizes with different scores. The player pulls more and more objects high value treasure the higher the score.Used to work with GitHub for storage.Language programming: C#. Tools: Unity, Visual Studio, Photoshop CS6, Illustrator.",
      "company": null,
      "end_time": "2018-12-31T00:00:00Z",
      "industry": "Other",
      "position": "Developing games",
      "conf_score": 0.6925429707670153,
      "start_time": "2018-08-01T00:00:00Z"
    },
    {
      "id": 17812,
      "detail": "Building sales website help to provide more informations to customers and convenient for shopping. Users can add, edit, delete and update products. Customers allowed to view, search, add shopping carts and choose to buy products they want to buy.Design UI with photoshop.Cutting html and css from psd.Knowledge of web programming.Language programming: HTML, CSS, PHP, MySQL. Making video and designing graphicsExperience for editing photos, images and logo with basic knowledge for Photoshop, Illustrator and Proshow software.Office Skills Making and designing Power Point for presentation.Setup and install Linux and Windows operation system.Knowledge for Word and Excel.",
      "company": null,
      "end_time": "2018-04-30T00:00:00Z",
      "industry": "Other",
      "position": "Building sales website",
      "conf_score": 0.7275132206498556,
      "start_time": "2017-12-01T00:00:00Z"
    }
  ],
  "address": "Dong Thap Province"
}