{
  "skills": [
    "frontend development",
    "flutter",
    "css3",
    "vuetify",
    "css",
    "networking",
    "teamwork",
    "futures",
    "html5",
    "javascript",
    "ams",
    "nuxt",
    "problem solving",
    "bootstrap",
    "mvc"
  ],
  "fulltext": "TTRAN HUU HIENHFRONT-END DEVELOPEREXPERIENCE2017 - 2019Front-end & mobile developermHealth Technologies JSC- Build a micro front-ends using Nuxt.js- Develop web apps for patient, admin and content editor using Vue.js and Vuetify.js- Develop wellness web app for companys customers - Develop a complete MVC website with Node.js- Develop mobile app using Flutter framework - Build landing pages using Bootstrap CSS- Maintain and implement some features for a Wordress website- Design web & mobile UI with Adobe XD- Support two interns to develop some web apps with Vue.jsCONTACTADDRESSDong Hoa, Di An, Binh DuongPHONE+84 37 4639 299EMAILhiens.dev@gmail.comFACEBOOK/huuhien.uitEDUCATIONEngineer in Networking and Telecommunication2014 - 2019University of Information Technology, VNU-HCMPROFILEIm passionate about design,programming, and photography. I am also interested in economics and psychology.My English is currently not so good, I will try to study hard English in the future.I look forward to working in a modern, friendly and fair working environment.My career objective is become a senior front-end / mobile developer in the next 2-3 years.SKILLS & EXPERTISESTECHNICALVue.js & Nuxt.jsHTML5 & CSS3JavascriptFlutterAdobe PTS & XDSOFT SKILLSCreativityProblem-solvingAdaptabilityTeamworkIndividual workCORE VALUESINDEPENDENCE - BALESSICITY - RESPONSI - HONEST - TRUST HOBBY AND INTERESTSPhotographyVideo gameCoffeeWalkingPainting",
  "educations": [
    {
      "id": 5299,
      "gpa": null,
      "major": "Control and automation engineering",
      "school": "University of Information Technology, VNU - HCM",
      "diploma": "Engineer",
      "end_time": "2019-01-01T00:00:00Z",
      "conf_score": 0.7851615749618549,
      "start_time": "2014-01-01T00:00:00Z",
      "picklist_major": "Technical",
      "major categories": "Technique",
      "major_categories_detail": "Electrical engineering, electronics and telecommunications"
    }
  ],
  "experiences": [
    {
      "id": 17748,
      "detail": "Build a micro front-ends using Nuxt.js - Develop web apps for patient, admin and content editor using Vue.js and Vuetify.js - Develop wellness web app for companys customers- Develop a complete MVC website with Node.js - Develop mobile app using Flutter framework- Build landing pages using Bootstrap CSS - Maintain and implement some features for a Wordress website- Design web & mobile UI with Adobe XD - Support two interns to develop some web apps withVue.js",
      "company": "mHealth Technologies JSC",
      "end_time": "2019-01-31T00:00:00Z",
      "industry": "High Technology",
      "position": "Front-end & mobile developer",
      "conf_score": 0.9181269048441778,
      "start_time": "2017-01-01T00:00:00Z"
    }
  ],
  "address": "Dong Hoa, Di An, Binh Duong"
}