{
  "skills": [
    "linux",
    "stack",
    "aws",
    "css3",
    "docker",
    "javascript",
    "mongodb",
    "amazon s3",
    "postgresql",
    "jquery",
    "git",
    "html5",
    "rail",
    "ruby",
    "rspec",
    "website development",
    "php",
    "css",
    "reactjs",
    "backend development",
    "database",
    "teamwork",
    "macos",
    "full stack development",
    "bootstrap",
    "mysql",
    "html"
  ],
  "fulltext": "HIGH TECHNICAL COLLEGEOct 2009 - Aug 2012UNIVERSITY OF SCIENCEMar 2013 - Aug 2014 EDUCATIONMajor: Software EngineerGPA: 7/10Major: Software EngineerGPA: 8/10EVOLABLE ASIAApr 2017 - PresentGIANTY CO., LTDSep 2016 - Apr 2017LARION COMPUTINGDec 2014 - Sep 2016WBBNA Aug 2012WORK EXPERIENCESenior Ruby on Rails Developer- Develop, maintain websites http://4travel.jp , https://clipline.com withRuby on Rails.- Work in Linux, MacOS- Proficient understanding of code versioning tool: Git- Work with databases : MySQL, PostgreSQL- Communicate, work directly to Japanese clientRuby on Rails Developer- Develop, maintain websites https://mery.jp with Ruby on Rails.- Work in Linux- Proficient understanding of code versioning tool: Git- Work with databases: MySQL- Communicate, work directly to Japanese clientRuby on Rails Developer- Develop, maintain Websites, APIs with Ruby on Rails.- Deploy project to server, aws- Work in Linux- Proficient understanding of code versioning tool: Git- Work with databases: MySQL , PostgreSQL, MongoDB- Communicate directly to client for requirements.PHP Developer- Develop the Website with Joomla CMS.- Modify module of website.- Communicate directly to client for requirements.Ruby on RailsHTML/HTML5CSS/CSS3Javascript SKILLStran Viet HungRuby On Rails DeveloperOct 10 , 1991 Male+84 96 175 3878 hungnot45@gmail.comHoChiMinh, Vietnam http://hungnhot.herokuapp.comOBJECTIVESeeking position of a RoRDeveloper where I would be able to put to use the knowledgegained in the websitedevelopment cycle and improvemyself to become full-stackdeveloperINTERESTSFootballBadmintonJQueryBootstrap thinkingTeamworkCommunicationEnglishPHP Programming Technique at Infomatics Center University of Sciences Ho Chi Minh2012HTML5 and CSS3 at Infomatics Center Universityof Sciences Ho Chi Minh2012 CERTIFICATIONS PROJECTS1. ClipLine * Website: https://clipline.com * Position: Senior RoR Developer * Description: A website for training staffs by video to improve businessperformance. Staff will watch business videos, practice and make a videofor manager review. * Techniques: - Back-end: Ruby on Rails - Front-end: ReactJS - DBMS: PostgreSQL2. ETVOX - LEEAD * Position: Senior RoR Developer * Description: A website for manage projects, staffs, cost of projects .... * Techniques: - Back-end: Ruby on Rails - Front-end: ReactJS - DBMS: MySQL3. 4travel * Website: http://4travel.jp * Position: Senior RoR Developer * Description: A website for reviewing the trips. * Techniques: - Back-end: Ruby on Rails - Front-end: HTML, CSS, Javascript - DBMS: MySQL4. Mery * Website: https://mery.jp * Position: RoR Developer * Description: A website for selling clothers for girls. * Techniques: - Back-end: Ruby on Rails - Front-end: HTML, CSS, Javascript - DBMS: MySQL5. Agento * Position: RoR Developer (Backend, APIs) * Duration: About 3 months * Description: A mobile app for buying/senlling/renting house * Techniques: - Back-end: Ruby on Rails, Websocket - Front-end: HTML, CSS, Bootstrap,... - DBMS: MySQL - Platform: Linux, Ruby 1.9.3, Rails 4.1.46. SnappCV * Position: RoR Developer (Backend, APIs) * Duration: About 2 months * Description: A mobile app for create Curriculum Vitae (CV) and Jobs * Techniques: - Back-end: Ruby on Rails - Front-end: HTML, CSS, Bootstrap,... - DBMS: PostgreSQL - Platform: Linux, Ruby 1.9.3, Rails 47. Bidcarros * Position: PHP Developer * Duration: About 3 months * Description: A website for buying/selling cars * Website: http ://bidcarros.rubyspace.net * Techniques: - CMS: Drupal - Back-end: PHP - Front-end: HTML, CSS, Bootstrap, JQuery,... - DBMS: MySQL - Platform: Linux8. Mindmup (FutureSet) Website: http://box.rubyspace.net:5000/futureset - MindMup is a zero-friction mind map canvas. - This app is built base on Sinatra, depends on the MapJS javascript canvas for client side rendering - It uses Google Drive and Amazon S3 AWS service to store maps.9. Printable - This application lets customers create their printable orders with various options about Stock, Size, Sides, Delivery Type, Proof Type, ... - Refactor code, reduce query with big data10. CastleRock - Maintain admin page for website: https://www.castlerockreo.com11. Shoplinkz Website: http://shoplinkz.com - Maintain some customization features - Create rake file to get profile page of stores in each page: savings.com,retailmenot.com, coupons.com, ebates.com and save to database.",
  "educations": [
    {
      "id": 5306,
      "gpa": "7.0",
      "major": "Software Engineer",
      "school": "HIGH TECHNICAL COLLEGE",
      "diploma": "Colleges",
      "end_time": "2012-08-01T00:00:00Z",
      "conf_score": 0.9008202262261839,
      "start_time": "2009-10-01T00:00:00Z",
      "picklist_major": "Other",
      "major categories": "",
      "major_categories_detail": ""
    },
    {
      "id": 5308,
      "gpa": "8.0",
      "major": "Software Engineer",
      "school": "UNIVERSITY OF SCIENCE",
      "diploma": "Bachelors",
      "end_time": "2014-08-01T00:00:00Z",
      "conf_score": 0.9008202262261839,
      "start_time": "2013-03-01T00:00:00Z",
      "picklist_major": "Other",
      "major categories": "",
      "major_categories_detail": ""
    }
  ],
  "experiences": [
    {
      "id": 17766,
      "detail": "- Develop, maintain websites http://4travel.jp , https://clipline.com withRuby on Rails. - Work in Linux, MacOS - Proficient understanding of code versioning tool: Git - Work with databases: MySQL, PostgreSQL - Communicate, work directly to Japanese client",
      "company": "EVOLABLE ASIA",
      "end_time": "2023-04-13T00:00:00Z",
      "industry": "Other",
      "position": "Senior Ruby on Rails Developer",
      "conf_score": 0.9283402044765778,
      "start_time": "2017-04-01T00:00:00Z"
    },
    {
      "id": 17768,
      "detail": "- Develop, maintain websites https://mery.jp with Ruby on Rails. - Work in Linux - Proficient understanding of code versioning tool: Git - Work with databases: MySQL - Communicate, work directly to Japanese client",
      "company": "GANTY CO., LTD",
      "end_time": "2017-04-30T00:00:00Z",
      "industry": "Other",
      "position": "Ruby on Rails Developer",
      "conf_score": 0.9283402044765778,
      "start_time": "2016-09-01T00:00:00Z"
    },
    {
      "id": 17770,
      "detail": "- Develop, maintain Websites, APIs with Ruby on Rails. - Deploy project to server, aws- Work in Linux - Proficient understanding of code versioning tool: Git - Work with databases: MySQL, PostgreSQL, MongoDB - Communicate directly to client for requirements.",
      "company": "LARION COMPUTING",
      "end_time": "2016-09-30T00:00:00Z",
      "industry": "Other",
      "position": "Ruby on Rails Developer",
      "conf_score": 0.9283402044765778,
      "start_time": "2014-12-01T00:00:00Z"
    },
    {
      "id": 17772,
      "detail": "- Develop the Website with Joomla CMS. - Modify module of website.- Communicate directly to client for requirements.",
      "company": "WBB CONSULTING VIETNAM",
      "end_time": "2012-08-31T00:00:00Z",
      "industry": "Other",
      "position": "PHP Developer",
      "conf_score": 0.9512303155325736,
      "start_time": "2011-12-01T00:00:00Z"
    }
  ],
  "address": "Ho Chi Minh City, Vietnam"
}