{
  "skills": [
    "java",
    "git",
    "css",
    "c++",
    "analysis",
    "autoform",
    "python",
    "self learning",
    "maturity",
    "html",
    "linux",
    "arduino",
    "iodine",
    "ubuntu",
    "project management",
    "ubuntu linux",
    "pcb design",
    "amo",
    "object oriented",
    "teamwork",
    "software development",
    "router",
    "operating system",
    "hp",
    "data structure",
    "linear algebra"
  ],
  "fulltext": "TRINH MINH TOAN OBJECTIVE As a senior student with a passion for learning and self-improvement, I hope to be able to find an Fresher to improve my knowledge and create opportunities in the field of Software Development. I want to use my best skills to make a positive contribution to your company and wish to establish a long-term relationship in your company. EDUCATION UNIVERSITY OF INFORMATION TECHNOLOGY VNU HCM Sep 2015 Now Major: Computer Engineering GPA: 7.01/10 EXPERIENCE Nexts Company July-02 2019 to Aug-30 2019 Programmer C/C++, Linux. Main responsibilities: Application Logger to record data from Lidar, Can Bus, Camera, Project use C++ programming in Linux (Ubuntu 16.04 and Ubuntu 18.04) with Qt5 Framework, Git, Shell Programming, ROS2, to trigger record or stop record data.Sort system by color and size In semester Team leader Main responsibilities: Hardware design and Software programming. Project use Arduino code, OpenCV in python and Conveyor to classify tomatoes by maturity based on color. Battleship game In semester Team Leader Main responsibilities: Hardware design and Software programming. Project use C programming, Nodejs, webservice, VPS, HTML, CSS, and ESP8266, NUC131 to build IOT system. Locate position In semesterTeam leader Main responsibilities: Hardware design and Software programming. Project use C programming, AT command with ESP8266 and MSP430 to control car move from initial position to last position based on the location determination from 3-point router. SKILL Programming languages: C/C++, assembly, Python IT: Embedded System, PCB Design, Software Development. Soft skills: Self-learning, teamwork, communication, presentation CERTIFICATIONS Certificate of participation in contest AMO by UIT 2017 INTERESTS Travel and eating Soccer and esports Reading the book and listen to music April 9, 2019Study ResultsPublished on Training portal (https://daa.uit.edu.vn (https://daa.uit.edu.vn))Homepage (/) > Academic Results https://daa.uit.edu.vn/print/sinhvien /kqhoctap/?sid=15520910 1/3 STUDENT SCHOOL DRIVERSITY Full name: Trinh Minh Toan Date of birth: 28-03-1997 Gender: Male Student Code: 15520910 Class: MTCL2015.2Faculty:KTMTTraining level:University Training system:CLC CodeHP Course Name Credits QT Grades GK Grades TH Grades Grades HP Grades Notes Semester 1 - School Year 2015-20161EN004 English 149656.42IT001 Introduction to Programming49.599.59.43IT009 Industry Introduction21099.54MA001 Calculus 13107.598.85MA003 Linear Algebra calculator3107.598.86PE001 Physical Education 17.56.97.27PH001 Introduction to Electronics310 Semester Average198.68 Semester 2 - School Year 2015-20161EN005 English 249,545.56.42IT002 Object Oriented Programming4108.599.13IT003 Data Structures and Algorithm46.57.5984MA002 Calculus 239,598.58.75PE002 Physical Education 2676.56PH002 Introductory Circuit No.4109.5109.59.77SS001 Basic Principles of Marxism-Leninism5 Semester average247.66 Semester 1 - School Year 2016-20171IT004 Basic database48.57.55.56.72IT005 Introduction to computer networks47105.56.93IT006 Computer architecture3105.57.34MA004 Discrete structure49.57.5565SS002 Revolutionary path of the Vietnamese Communist Party359/4/2019Study resultshttps://daa. uit.edu.vn/print/sinhvien/kqhoctap/?sid=15520910 2/36SS003 Ho Chi Minh Thought2856.27SS004 Career skills21099.3 Semester average226.65 Semester 2 - School year 2016-20171CE101 Circuit Theory electrical4105.588.12CE119 Practice Computer Architecture17,577.43EN006 English 349767.14IT007 Operating system4107.5107.58.45MA005 Statistical probability39,58.524.1 Semester average167.13 Semester 1 - 2017-20181CE103 School year Microprocessor -microcontroller48988.22CE104 Electronic devices and circuits37966.93CE117 Electrical-electronics practice164CE118 Numerical logic design47.5676.65MA005 Statistical probability36,546.56 Semester average156.93 Semester 2 - School year 2017-20181CE105 Digital signal processing47.586.57.12CE107 Embedded systems48586.56.73CE212 Automatic control47.54.5855.44IS201 Analysis and design of information systems4052.5 Semester average165.43 Semester 1 - Academic year 2018-20191CE201 Project 129.52 CE211 Basic Embedded Programming48586.56.83SE104 Introduction to Software Engineering4766.54SE114 Introduction to Mobile Applications36,587.6 Semester Average137.31 Semester 2 - Academic Year 2018-20191CE206 Project 229.52CE315 System Programming with Java30474 .33CE316 Fuzzy logic and applications377,545.64IS208 Information technology project management47967.19/4/2019Academic results5IS334 E-commerce30 Semester average155.14 Number of credits learned137 Credits accumulated127 GPA general7.01https://daa.uit.edu.vn/print/sinhvien/kqhoctap/?sid=15520910 3/3 Note: Colored subjects are subjects that have been retaken or improved (not included in the GPA) shared).",
  "educations": [
    {
      "id": 5320,
      "gpa": "7.01",
      "major": "Computer Engineering",
      "school": "UNIVERSITY OF INFORMATION TECHNOLOGY - VNU HCM",
      "diploma": "Bachelors",
      "end_time": "2023-04-01T00:00:00Z",
      "conf_score": 0.7932270159829526,
      "start_time": "2015-09-01T00:00:00Z",
      "picklist_major": "IT - Hardware/Networking",
      "major categories": "Computer and information technology",
      "major_categories_detail": "Computer"
    }
  ],
  "experiences": [
    {
      "id": 17820,
      "detail": "in responsibilities: Application Logger to record data from Lidar, Can Bus, Camera, ... Project use C++ programming in Linux (Ubuntu 16.04 and Ubuntu 18.04) with Qt5 Framework, Git, Shell Programming, ROS2, to trigger record or stop record data .",
      "company": "Nexts Company",
      "end_time": "2019-08-31T00:00:00Z",
      "industry": "Other",
      "position": "Programmer C/C++, Linux",
      "conf_score": 0.8631704815300311,
      "start_time": "2019-07-02T00:00:00Z"
    }
  ],
  "address": null
}