{
  "skills": [
    "Internet",
    "java",
    "automation",
    "wordpress",
    "c++",
    "javascript",
    "ams",
    "bootstrap",
    "mongodb",
    "redux",
    "io",
    "hard working",
    "electronics engineering",
    "search",
    "interface design",
    "css",
    "microsoft",
    "reactjs",
    "socket io",
    "game development",
    "teamwork",
    "php",
    "material ui",
    "mysql",
    "html"
  ],
  "fulltext": "Van Thieu Nguyenvanthieunguyen234@gmail.com 0363091909130 Dien Bien Phu Street, Ward 17, BinhThanh District, Ho Chi Minh CityPERSONAL PROFILEA consistent, hard-working, highly motivated person. I enjoy working with the computer and the Internet,including Microsoft Office, Internet searches, and troubleshooting computer software and hardware. I am looking forward to participate as a team member in a dynamic work environment which provides an opportunity to make a strong contribution by utilizing and expanding upon related education, skills, experiences and capabilities.WORK EXPERIENCEGAMELOFTGAME EVOLUTION PROGRAMMER.09/2018 - 05/2019- Check and fix bugs in company's game (Dragon Mania Legend) using C++and Java (basic).- Implement new features in this game.- Write batch file for project.GAMELOFTJAVASCRIPT PROGRAMMER.05/2019 - NOW- Design interface for tool on website using Javascript (Nodejs, Reactjsand redux), HTML, CSS and framework Material UI.- Programming game on Spark AR tool (effect on facebook andinstagram).- Optimize, fix bug and implement new features in old projects.FREELANCERJAVASCRIPT PROGRAMMER.2018 - NOW- Design web with template sources using CSS, HTML, Javascript.- Design and edit wordpress web using PHP, mySQL.EDUCATIONHO CHI MINH CITY UNIVERSITY OFTECHNOLOGYDEPARTMENT OF CONTROL ENGINEERING & AUTOMATION ATFACULTY OF ELECTRICAL ELECTRONICS ENGINEERING2015 - 2019GPAILL new things about website, such as: socket.io, MongoDB,wordpress, bootstrap.Challenge myself with a new programming language.Played some brain-expanding game in free time.Traveled somewhere nearby HCM city at the weekend.",
  "educations": [
    {
      "id": 5313,
      "gpa": "8.54",
      "major": "Italian language",
      "school": "HO CHI MINH CITY UNIVERSITY OF TECHNOLOGY",
      "diploma": "Bachelors",
      "end_time": "2019-01-01T00:00:00Z",
      "conf_score": 0.8102328168923721,
      "start_time": "2015-01-01T00:00:00Z",
      "picklist_major": "Interpreter/Translator",
      "major categories": "Humanities",
      "major_categories_detail": "Foreign languages, literature and cultures"
    }
  ],
  "experiences": [
    {
      "id": 17788,
      "detail": "- Design interface for tool on website using Javascript (Nodejs, Reactjs and redux), HTML, CSS and framework Material UI. - Programming game on Spark AR tool (effect on facebook and instagram).- Optimize, fix bugs and implement new features in old projects.",
      "company": "GAMELOFT",
      "end_time": "2023-04-13T00:00:00Z",
      "industry": "High Technology",
      "position": "JAVASCRIPT PROGRAMMER",
      "conf_score": 0.9125776658202421,
      "start_time": "2019-05-01T00:00:00Z"
    },
    {
      "id": 17789,
      "detail": "- Design web with template sources using CSS, HTML, Javascript. - Design and edit wordpress web using PHP, mySQL.",
      "company": "GAMELOFT",
      "end_time": "2023-04-13T00:00:00Z",
      "industry": "High Technology",
      "position": "FREELANCERJAVASCRIPT PROGRAMMER",
      "conf_score": 0.8086621310791741,
      "start_time": "2018-01-01T00:00:00Z"
    },
    {
      "id": 17790,
      "detail": "- Check and fix bugs in company's game (Dragon Mania Legend) using C++ and Java (basic).- Implement new features in this game.- Write batch file for project.",
      "company": "GAMELOFT",
      "end_time": "2019-05-31T00:00:00Z",
      "industry": "High Technology",
      "position": "GAME EVOLUTION PROGRAMMER",
      "conf_score": 0.9125776658202421,
      "start_time": "2018-09-01T00:00:00Z"
    }
  ],
  "address": "130 Dien Bien Phu Street, Ward 17, Binh Thanh District, Ho Chi Minh City"
}