{
  "skills": [
    "customer service skills",
    "streaming",
    "java",
    "css",
    "administration",
    "analysis",
    "cdc",
    "Internet",
    "desktop",
    "html",
    "mysql",
    "oracle",
    "tizen",
    "jquery",
    "angular",
    "making decision",
    "marketing",
    "sql",
    "sales",
    "management information system",
    "magento",
    "html5",
    "lua",
    "database",
    "ping",
    "sales and marketing",
    "oracle development",
    "ams",
    "database administration",
    "php",
    "software development",
    "operating system",
    "information management",
    "management",
    "communication skills"
  ],
  "fulltext": "Beshoy Fares Zaki Experience (more 8 Years) Personal information: Country : Egypt Mobile : (002) 01272215230 - 01007449501 Email : besho_all@hotmail.com Skype_Id beshoy_fares Nationality : Egyptian Marital Status : Single. Military Status : Exempted. Graduation Year :2006 Job Objective: I'm seeking a challenging position with a reputable organization in the field of Software Development that enables me to further develop and enhance my software experience and become an active participant in the organization Success. Education: 2002: 2006:Bachelors degree in Computer Science, Faculty of Computersand Information technology - Assiut University - July 2006 General Evaluation: Good (71.8 %) Graduation Project: Graduation Project grade: \"Excellent\". Work Experience E-Commerce Developer and Administration - Magento Developer Upwork Dec 2015 Present Expert e-commerce developer \"Magento\" (Backend and frontend ) Develop and Support E-commerce stores Certified Trainee - Magento 2 development - Shopify Developer Freelancer 2018 Present Work as Ecommerce developer \"Shopify\" for Matsmall site - Building site from scratch - Support and Administration - Work with Marketing and Sales team SEO requirements to increase sales Smart TVs App Developer Freelancer.com Jan 2013 Present Egypt - Samsung Smart TV Developer - Lg Smart TV app developer Streaming video apps Senior System admin (GIS) Esri Jun 2008 Dec 2013 About five years experience at ESRI (QS4IT) - Senior Technical Database Administrator -System Administrator for GIS project. Work Profiles LinkedIn Account: https://www.linkedin.com/in/beshoy-fares-02427542/ Freelancer Account : https://www.freelancer.com/u/beshoyfares.html Upwork Account: https://www. upwork.com/freelancers/~01a244e155ab40adce Certificates: Mangento 2 Certified Trainee Development ORACLE internet Application Developer Certified Professional (OCP). ORACLE Database 10g Administrator Certified Professional (OCP). Certification from CDC Career Development Consultant Academy, March 2007. For Business English course, upper intermediate level Certification from CDC Career Development Consultant Academy, March 2007. For Managerial Courses ( management skills, Communication skills,Presentation skills, Decision Making, Team Work skills, Marketing Skills, Customer Service skills). Professional Training and Qualification: Magento 2 development course: Nov 2017 from official www.magento.comOracle courses: Apr 07-Oct 07 Orascom Training & Technology (OTT) Oracle Database 10g: Introduction to SQL. Oracle Database 10g: Program with PL/SQL. Oracle Forms Developer 10g: Build Internet Applications. Oracle Reports Developer: Build Internet Reports Oracle Database Administration (Workshop I) Oracle Database Administration (Workshop ||) Oracle 10G Application Server. GIS courses (ESRI): ArcGIS Desktop I ArcGIS Desktop II ArcGIS Server Multiuser Geodatabase ACTOTechnical Skills Essential Topics: E-commerce Algorithms Database Information Engineering System Analysis Network Computer Organization. GIS Software Engineering Operating Systems Technology: Oracle Developer 10g Database Engines (SQL, PL\\SQL). Oracle Developer with Developer suite 10g (Forms, Report). Oracle Administration (Workshop I, Workshop II). Oracle Application server (Good knowledge). ArcGIS Desktop PHP MySQL Powershell Java Script & JQuery Samsung TV Installer Deployment NSIS,Inno Angular NodeJs Liquid LUA CSS HTML5 Java Script Tizen framwork Oracle Experience TCMIS project Team member of TCMIS project (Training center management information system) that is done in OTT (Orascom Training) and Technology) Company as a gradational project for MCIT scholarship. Additional Information: (other skills and interests) Language Skills: Arabic: Excellent command of Arabic as the mother tongue. English: Very Good command of English. Interests: o Reading in information technology. o Playing ping-pong and football. Management & Other skills o Work in a Team spirit. o Flexibility to learn and work outside normal working hours. o Efficient in working under pressure. o Capable to deal and work with people from various cultures. o Fast learner for any tool in the Developing Field. References are upon request Powered by TCPDF (www.tcpdf.org)",
  "educations": [
    {
      "id": 5334,
      "gpa": null,
      "major": "Computer science",
      "school": "Computersand Information technology - AssiutUniversity",
      "diploma": "Bachelors",
      "end_time": "2006-07-01T00:00:00Z",
      "conf_score": 0.7696199437739497,
      "start_time": "2006-01-01T00:00:00Z",
      "picklist_major": "IT - Hardware/Networking",
      "major categories": "Computer and information technology",
      "major_categories_detail": "Computer"
    }
  ],
  "experiences": [
    {
      "id": 17846,
      "detail": "\"Shopify\" for Matsmall site- Building site from scratch- Support and Administration - Work with Marketing and Sales team SEO requirements to increase sales",
      "company": "Upwork",
      "end_time": "2023-04-13T00:00:00Z",
      "industry": "Other",
      "position": "Shopify Developer Freelance",
      "conf_score": 0.8044329014146352,
      "start_time": "2018-01-01T00:00:00Z"
    },
    {
      "id": 17849,
      "detail": "xpert e-commerce developer \"Magento\" (Backend and frontend ) Develop and Support E-commerce storesCertified Trainee - Magento 2 development",
      "company": "Upwork",
      "end_time": "2023-04-13T00:00:00Z",
      "industry": "Other",
      "position": "E - Commerce Developer and Administrator - Magento Developer",
      "conf_score": 0.9062039189695287,
      "start_time": "2015-12-01T00:00:00Z"
    },
    {
      "id": 17851,
      "detail": "Egypt - Samsung Smart TV Developer - Lg Smart TV app developerStreaming video apps",
      "company": "Upwork",
      "end_time": "2023-04-13T00:00:00Z",
      "industry": "Other",
      "position": "Smart TVs App Developer",
      "conf_score": 0.6981244904084882,
      "start_time": "2013-01-01T00:00:00Z"
    },
    {
      "id": 17853,
      "detail": "About five years experience at",
      "company": "Esri",
      "end_time": "2013-12-31T00:00:00Z",
      "industry": "Other",
      "position": "Senior System admin (GIS)",
      "conf_score": 0.7800434575764302,
      "start_time": "2008-06-01T00:00:00Z"
    }
  ],
  "address": null
}