{
  "skills": [
    "stack",
    "sc",
    "css3",
    "docker",
    "payment",
    "operation system",
    "java",
    "analytics",
    "json",
    "babe",
    "responsive",
    "javascript",
    "bootstrap",
    "es6",
    "data format",
    "mongodb",
    "management",
    "java core",
    "blockchain",
    "object oriented",
    "vuejs",
    "jquery",
    "hard working",
    "html5",
    "analysis",
    "typescript",
    "asp",
    "website development",
    "sql",
    "css",
    "restful",
    "oop",
    "signalr",
    "grunt",
    "react hook",
    "reactjs",
    "twitter",
    "database",
    "python",
    "gulp",
    "angularjs",
    "operations management",
    "material ui",
    "mysql",
    "html"
  ],
  "fulltext": "PROFILEExtremely motivated to constantly develop my skills and grow professionally. As an ambitious and hard-working individual, I handle multiple tasks on a daily basis competently, working well under the pressure. More than 6 years working on online industry as a web developer, I've learned & got experiences at web development environments, program languages, database, and management operation system. I'm confident in my ability with frontend skill which to come up with professional, interesting ideas for project. Nguyen Nhut TrinhFontend Web DeveloperCONTACT01656 033 621 0356 033 621 Skype: mrnhuttrinh SKILLSmrnhuttrinh@gmail.com www.github.com/mrnhuttrinh FRONT END Reactjs Javascript (ES5, ES6, CommonJs, RequiredJs) Typescript HTML/CSS3/SCSS, Grunt Webpack, Gulp Workpress Webpack, , Babel SocketIO, WebSocket Jquery, AngularJs, VueJs Ui Design: Bootstrap, PureCSS, Material-UI, Flat-UI BRIEF PROFESSIONAL SKILLSREACTJS JAVASCRIPT/ES6 TYPESCRIPT HTML5/CSS3 SCSS/SASS WEBPACK/BABEL UX/UI OOP NODE JS JAVA PY SQL SERVER ENGLISH MANAGEMENT ANALYSIS DOCKERBACK END Java (Core, SpringBoot) Asp.net Nodejs PythonOBJECT-ORIENTED PROGRAMMING (OOP) DATABASE Postgres, Redshift, MySql, Sql Server, MongoDb COMMUNICATION English OTHER SKILL, Lead Analytics Dev/op MEDIATWITTER: @MRNHUTTRINH FACEBOOK: /MRNHUTTRINH WORK EXPERIENCE Frontend Web Developer Positioin: 80% Frontend - 20% Backend The App Team | JUL 2018 - Present ReactJs, react-hook, Material-ui, Nodejs, css, responsive web Using typescript on react projectApply CI/CD to build/distribute web application Build web for logistics and provide medical service.Integrate payment gateway in project: stripe , paypalFull Stack Web Developer Positioin: 70% Frontend - 30% BackendFREELANCE TEAM | OCT 2017 - JUN 2018 (2 PROJECTS) Develop web application with JAVA, Javascript, ReactJs andMaterial UI Develop RESTful API providing JSON data format for mobile andweb application.Build Centralized Blockchain Network and education.Full Stack Web Developer Positioin: 70% Frontend - 30 % Backend TMA SOLUTIONS | JAN 2015 - JUL 2018 (+4 PROJECTS) Develop web application with JAVA, NodeJS, Websocket,ExpressJS, Jesmine, Babel, Springboot, Python, Javascript,Typescript, ReactJs and Material UI, Bootstrap, Jquery,Postgres, RedShift.Develop RESTful API providing JSON data format formobile and web applicationFull Stack Web Developer Positioin: 70% Frontend - 30% Backend KIEN NHAN JSC | JUL 2013 - DEC 2014 (2 PROJECTS) Develop web application with .NET, MVC5, SignalR, Javascript, AngularJS, Bootstrap, Jquery, SQLSERVER.EDUCATION OPEN UNIVERSITY | 2009 - 2013 COMPUTER SCIENTIST",
  "educations": [
    {
      "id": 5322,
      "gpa": null,
      "major": "Computer science",
      "school": "OPEN UNIVERSITY",
      "diploma": "Bachelors",
      "end_time": "2013-01-01T00:00:00Z",
      "conf_score": 0.9299204431562893,
      "start_time": "2009-01-01T00:00:00Z",
      "picklist_major": "IT - Hardware/Networking",
      "major categories": "Computer and information technology",
      "major_categories_detail": "Computer"
    }
  ],
  "experiences": [
    {
      "id": 17823,
      "detail": "ReactJs, react-hook, Material-ui, Nodejs, css, web responsiveUsing typescript on react projectApply CI/CD to build/distribute web applicationBuild web for logistics and provide medical service.Integrate payment gateway in project: stripe, paypal",
      "company": "The App Team",
      "end_time": "2023-04-13T00:00:00Z",
      "industry": "Other",
      "position": "Frontend Web Developer",
      "conf_score": 0.9538370608867096,
      "start_time": "2018-07-01T00:00:00Z"
    },
    {
      "id": 17824,
      "detail": "(+4 PROJECTS) Develop web application with JAVA, NodeJS, Websocket, ExpressJS, Jesmine, Babel, Springboot, Python, Javascript, Typescript, ReactJs and Material UI, Bootstrap, Jquery, Postgres, RedShift. Develop RESTful API providing JSON data format for mobile and web application",
      "company": "TMA SOLUTIONS",
      "end_time": "2018-07-31T00:00:00Z",
      "industry": "High Technology",
      "position": "Full Stack Web Developer",
      "conf_score": 0.8966549920361057,
      "start_time": "2015-01-01T00:00:00Z"
    },
    {
      "id": 17825,
      "detail": "(2 PROJECTS) Develop web application with JAVA, Javascript, ReactJs andMaterial UI Develop RESTful API providing JSON data format for mobile and web application.Build Centralized Blockchain Network and education.",
      "company": "FREELANCE TEAM",
      "end_time": "2018-06-30T00:00:00Z",
      "industry": "Other",
      "position": "Full Stack Web Developer",
      "conf_score": 0.8966549920361057,
      "start_time": "2017-10-01T00:00:00Z"
    },
    {
      "id": 17826,
      "detail": "(2 PROJECTS) Develop web application with .NET, MVC5, SignalR, Javascript, AngularJS, Bootstrap, Jquery, SQLSERVER.",
      "company": "KIEN NHAN JSC",
      "end_time": "2014-12-31T00:00:00Z",
      "industry": "Other",
      "position": "Full Stack Web Developer",
      "conf_score": 0.8966549920361057,
      "start_time": "2013-07-01T00:00:00Z"
    }
  ],
  "address": null
}