{
  "skills": [
    "ams",
    "payment",
    "qualifying leads",
    "administration",
    "hubspot",
    "marketing",
    "sales",
    "problem solving"
  ],
  "fulltext": "HUYNH THAO QUYENVietnamese, November, 01st 1994766/68/27/12 Cach Mang Thang TamPhuong 05, Tan Binh, Ho Chi Minh+84944282233thaoquyen1995@gmail.comPersonal Profile:I am an enthusiastic, self-motivated and methodical person. I am outgoing, tactful, and able to listen effectively when solving problems. I have a creative mind and am always up fornew challenges. I am willing to learn and easily adapt to changes. Working inMAYBANHANG.NET while it was being restructured, I had chance to participate in buildingISA department.PROFESSIONAL EXPERIENCENov 2017 - Dec 2018Aug 2017 - Nov 20182009 2014Sale EZ Solution ., JSC (Maybanhang.net)Connecting with potential buyers to explore their contextCreating sales presentations and motivating them to moveforward with buyingClosing the dealImplementing and guiding customers using softwareInstalling hardwareInbound Sale Agent EZ Solution ., JSC (Maybanhang.net)Connecting with inbound leads from Marketing by calls, emailsIdentifying active buyersQualifying leads that meet requirementsCaring leads until they are qualifiedRetailer Thao Jewelry StoreImporting products and checking paymentConsulting customers to buy productsEDUCATIONUniversity of Finance and MarketingMajor: Business AdministrationGrade: 3.15/4LANGUAGESVietnameseMother tongueEnglishProfessional working proficiencyACCOMPLISHMENTSCertificationsInbound Sales, Hubspot Sales Software, Information Technology B, TOEIC 780AchivementSale of theTest AdversityTest scores (01-2018) - 130HobbiesTraveling, Reading, Swimming, Outdoor Activities",
  "educations": [
    {
      "id": 5338,
      "gpa": "3.15",
      "major": "Urban and construction management",
      "school": "University of Finance and Marketing",
      "diploma": "Bachelors",
      "end_time": null,
      "conf_score": 0.838014190950693,
      "start_time": null,
      "picklist_major": "Architecture / Interior Design",
      "major categories": "Architecture and construction",
      "major_categories_detail": "Architecture and planning"
    }
  ],
  "experiences": [
    {
      "id": 17871,
      "detail": "(Maybanhang.net) Connecting with potential buyers to explore their contextCreating sales presentations and motivating them to move forward with buyingClosing the dealImplementing and guiding customers using softwareInstalling hardware",
      "company": "EZ Solution ., JSC",
      "end_time": "2018-12-31T00:00:00Z",
      "industry": "High Technology",
      "position": "Sale",
      "conf_score": 0.9522775204635103,
      "start_time": "2017-11-01T00:00:00Z"
    },
    {
      "id": 17873,
      "detail": "(Maybanhang.net) Connecting with inbound leads from Marketing by calls, emailsIdentifying active buyersQualifying leads that meet requirementsCaring leads until they are qualified",
      "company": "EZ Solution ., JSC",
      "end_time": "2018-11-30T00:00:00Z",
      "industry": "High Technology",
      "position": "Inbound Sales Agent",
      "conf_score": 0.9512303155325736,
      "start_time": "2017-08-01T00:00:00Z"
    },
    {
      "id": 17875,
      "detail": "Importing products and checking paymentConsulting customers to buy products",
      "company": "Thao Jewelry Store",
      "end_time": "2014-01-31T00:00:00Z",
      "industry": "Other",
      "position": "Retailer",
      "conf_score": 0.9650200552429793,
      "start_time": "2009-01-01T00:00:00Z"
    }
  ],
  "address": "766/68/27/12 How to Wear Thang Tam Phuong 05, Tan Binh, Ho Chi Minh"
}