{
  "skills": [
    "contracting",
    "inventories",
    "can",
    "accounting",
    "stocktaking",
    "calculating salaries"
  ],
  "fulltext": "Edited with the trial version of Foxit Advanced PDF Editor EDUCATIONSTo remove this notice, visit:www.foxitsoftware.com/shoppingUniversity of Commerce08/2014 - 06/2018Speciality: Corporate AccountingGraduate with Honors WORK EXPERIENCE FIRST JOINT STOCK COMPANY K&G VIETNAM01/2018 - 03/2018 Intern- Organize and store accounting documents.- Check accounting documents: Invoices, Statements, Contracts,- Reconciliation of debts, May 2018 - 03/2019 INTERNATIONAL TOURISM AND TRADE INVESTMENT INVESTMENT JOINT STOCK COMPANY STS Internal Accounting- Drafting and Tracking economic contracts, keeping records.- Monitoring Cash receipts and payments.- Performing transactions Bank.- Timekeeping, salary calculation for employees.- Writing invoices, receiving and storing invoices.- Responsible for recruiting personnel for the Company.- Making weekly and monthly reports Send to the Company's management Fast software.- Tracking revenue and expenditure.- Entering bank sub-book.- Performing banking transactions.- Tracking inventory. - Conduct periodic inventory.- Prepare documents to release goods from the warehouse. - Drafting economic contracts.- Issuing invoices.- Tracking orders.- Doing office work such as: courier company documents, prepare company papers when needed, LE THI LOAN Female ACCOUNTANT CAREER GOALS Constantly learning, perfecting myself, accumulating valuable experiences to be able to develop myself as well as contribute to the business. MOTIVATION OF STUDENTS VOLTAGEOctober 2014 - December 2015Volunteers- Participate in collective activities organized by the faculty volunteer team.- Participate in volunteer activities topcv.vn",
  "educations": [
    {
      "id": 5353,
      "gpa": null,
      "major": "Accountant",
      "school": "UNIVERSITY OF TRADE",
      "diploma": "Bachelors",
      "end_time": "2018-06-01T00:00:00Z",
      "conf_score": 0.9517234845458731,
      "start_time": "2014-08-01T00:00:00Z",
      "picklist_major": "Accounting",
      "major categories": "Business and management",
      "major_categories_detail": "Finance Bank Insurance"
    }
  ],
  "experiences": [
    {
      "id": 17923,
      "detail": "- Proficient in the use of Fast software. - Monitor revenue and expenditure.- Enter the bank's sub-book.- Carry out banking transactions.- Monitor inventory.- Check inventory periodically.- Prepare documents to ship goods out of the warehouse. .- Drafting economic contracts.- Issuing invoices.- Tracking orders.- Doing office work such as: courier company's documents, prepare company's papers when required. need,...",
      "company": "BAO MINH INVESTMENT AND TRADE DEVELOPMENT CO., LTD",
      "end_time": "2019-08-31T00:00:00Z",
      "industry": "Other",
      "position": "Internal accounting",
      "conf_score": 0.9664944150740037,
      "start_time": "2019-04-01T00:00:00Z"
    },
    {
      "id": 17925,
      "detail": "- Drafting and Tracking economic contracts, keeping records. - Tracking cash receipts and payments. - Performing banking transactions. Receiving and storing invoices.- Responsible for recruiting personnel for the Company.- Making weekly and monthly reports to send to the Board of Directors of the Company.- Monitoring Debts, monthly reconciliation and Collections. Debt recovery.",
      "company": "STS INTERNATIONAL TOURISM AND INVESTMENT INVESTMENT JOINT STOCK COMPANY",
      "end_time": "2019-03-31T00:00:00Z",
      "industry": "Other",
      "position": "Internal accounting",
      "conf_score": 0.9664944150740037,
      "start_time": "2018-05-01T00:00:00Z"
    },
    {
      "id": 17927,
      "detail": "- Arrange and store accounting documents.- Check accounting documents: Invoices, Statements, Contracts,...- Reconciliation of debts,...",
      "company": "K&G VIETNAM INVESTMENT JOINT STOCK COMPANY",
      "end_time": "2018-03-31T00:00:00Z",
      "industry": "Other",
      "position": "Intern",
      "conf_score": 0.9542271074073599,
      "start_time": "2018-01-01T00:00:00Z"
    }
  ],
  "address": null
}