{
  "skills": [
    "administration",
    "cold calling",
    "payment",
    "call center",
    "marketing",
    "finance",
    "statistical technique",
    "csr",
    "competitive intelligence",
    "ams",
    "sales",
    "market intelligence",
    "microsoft",
    "management",
    "business service"
  ],
  "fulltext": "GIANG THI THANH TAM Services & Business Development Supervisor 0933513720 Giangtam274@gmail.com26 Nguyen Xuan Khoat, Tan Son Nhi Ward, Tan Phu District, Ho Chi Minh, VietnamGender: FemaleBirthday: April 27, 1991Marital status: SingleNationality: VietnameseCountry: VietnamAddress: 26 Nguyen Xuan Khoat, Tan Son Nhi Ward, Tan Phu District, Ho Chi Minh, VietnamPERSONAL PROFILELevel: Team Leader / SupervisorSalary: 13,000,000 - 18,000,000 VNDJob type: Full timeIndustry: Marketing, Retail / Wholesale, Sales / Business DevelopmentLocation: Ho Chi MinhCAREER INFORMATIONProfessional working environment. OBJECTIVES10/2018 - Now : KEY ACCOUNT SUPERVISOR - GRAB VIETNAM (GRABPAY BY MOCA)- Maintain effective working relationship with merchant: checking daily report, promotion effectiveness... - Explore potential merchants within area/region to introduce products and services. - Handle the entire range of sales & acquisition activities, including cold calling, initial meeting/demonstrations,presentations, and closing business; - Responsible for overseeing Merchant set-up and installation, Pricing, capex decisions, Field Service, Call Centersupport to ensure service quality. - Identify opportunities as well as providing key initiatives to assist Head of Sales to build sales strategy; - Develop and maintain a solid understanding of all products and services GrabPay offer. - Provide support team members achieve target.August 2016 - October 2018 : SERVICES & BUSINESS DEVELOPMENT SUPERVISOR - CIRCLE K VIETNAM- Compile a feasible and effective action plan to achieve monthly/quarterly/yearly targets. - Develop more new services both effectively and efficiently via market intelligence, Supplier network and coordinating with all related Departments such as Operations, Finance, IT, Training, etc. - Conduct regular training to CSR/SM/AM and update training kit on Service Manual. EXPERIENCEYear(s) of Experience: 4Current Level: Team Leader / Supervisor- Conduct regular training to CSR/SM/AM and update training kit on Service Manual. - Monthly services income report.7/2015 - 8/2016 : SERVICES & BUSINESS DEVELOPMENT ASSISTANT - CIRCLE K VIETNAM- Maintain current services via closely observing performance at store level. - Coordinate with Operations to improve or fix any issues. - Ensure best visibility of services in/outside stores by sufficient POSM and online by regular posting. - Perform market visits (on/offline) to better understand customers' behaviors or competitive intelligence. - Interpret data, analyze results using statistical techniques and provide ongoing reports . - Daily & weekly report by services, by store .11/2014 - 7/2015 : ADMINISTRATION STAFF - CIRCLE K VIETNAM- Manage the company assets: projector, photocopy, fax, scan... - Manage office supplies and stationary. order. - Make taxi report, correspondence report, and stationery report. monthly time-sheet for drivers - Checking parking tickets, driver's monthly time-sheet, payment docs. - Co-Organize office activates: Year End party, company events... - Administration monthly report.Completion date 2013Bachelor - TON DUC THANG UNIVERSITYBachelor of Hospitality ManagementEDUCATIONHighest Degree Level: BachelorINTERMEDIATE ENGLISH SKILLANALYTICAL SKILLAdvance Microsoft office SkillTeam workSKILLSEnglishLANGUAGES CareerBuilder.vn",
  "educations": [
    {
      "id": 5346,
      "gpa": null,
      "major": "Hotel management",
      "school": "TON DUC THANG UNIVERSITY",
      "diploma": "Bachelors",
      "end_time": "2013-01-01T00:00:00Z",
      "conf_score": 0.7982161229421119,
      "start_time": null,
      "picklist_major": "hotel",
      "major categories": "Travel, hotel, sports and personal service",
      "major_categories_detail": "Hotels, restaurants"
    }
  ],
  "experiences": [
    {
      "id": 17907,
      "detail": "veness...- Explore potential merchants within area/region to introduce products and services.- Handle the entire range of sales & acquisition activities, including cold calling, initial meeting/demonstrations, presentations, and closing business;- Responsible for overseeing Merchant set -up and installation, Pricing, capex decisions, Field Service, Call Center support to ensure service quality.- Identify opportunities as well as providing key initiatives to assist Head of Sales to build sales strategy;- Develop and maintain a solid understanding of all products and services GrabPay offer.- Provide support team members achieving target.",
      "company": "GRAB VIETNAM (GRABPAY BY MOCA)",
      "end_time": "2023-04-13T00:00:00Z",
      "industry": "Transportation & Logistics",
      "position": "KEY ACCOUNT SUPERVISOR",
      "conf_score": 0.9295468329317773,
      "start_time": "2018-10-01T00:00:00Z"
    },
    {
      "id": 17908,
      "detail": "- Compile a feasible monthly and effective action plan to achieve/quarterly/yearly targets.- Develop more new services both effectively and efficiently via market intelligence, Supplier network and coordinating with all related Departments such as Operations, Finance, IT, Training, etc. - Conduct regular training to CSR/SM/AM and update training kit on Service Manual. - Conduct regular training to CSR/SM/AM and update training kit on Service Manual. - Monthly services income report.",
      "company": "CIRCLE K VIETNAM",
      "end_time": "2018-10-31T00:00:00Z",
      "industry": "Other",
      "position": "SERVICES & BUSINESS DEVELOPMENT SUPERVISOR",
      "conf_score": 0.9181269048441778,
      "start_time": "2016-08-01T00:00:00Z"
    },
    {
      "id": 17909,
      "detail": "- Maintain current services via closely observing performance at store level.- Coordinate with Operations to improve or fix any issues.- Ensure best visibility of services in/outside stores by sufficient POSM and online by regular posting.- Perform market visits (on/offline ) to better understand customers' behaviors or competitive intelligence.- Interpret data, analyze results using statistical techniques and provide ongoing reports . - Daily & weekly report by services, by store .",
      "company": "CIRCLE K VIETNAM",
      "end_time": "2016-08-31T00:00:00Z",
      "industry": "Other",
      "position": "SERVICES & BUSINESS DEVELOPMENT ASSISTANT",
      "conf_score": 0.9181269048441778,
      "start_time": "2015-07-01T00:00:00Z"
    },
    {
      "id": 17910,
      "detail": "- Manage the company assets: projector, photocopy, fax, scan...- Manage office supplies and stationary. order.- Make taxi report, correspondence report, and stationery report. monthly time-sheet for drivers- Checking parking tickets, driver's monthly time-sheet, payment docs.- Co-Organize office activates: Year End party, company events...- Administration monthly report.",
      "company": "CIRCLE K VIETNAM",
      "end_time": "2015-07-31T00:00:00Z",
      "industry": "Other",
      "position": "ADMINISTRATION STAFF",
      "conf_score": 0.9181269048441778,
      "start_time": "2014-11-01T00:00:00Z"
    }
  ],
  "address": "26 Nguyen Xuan Khoat, Tan Son Nhi Ward, Tan Phu District, Ho Chi Minh, Vietnam"
}