{
  "skills": [
    "critical thinking",
    "strategic planning",
    "supply chain",
    "supply chain management",
    "teamwork",
    "human resources",
    "content marketing",
    "administration",
    "analysis",
    "marketing",
    "microsoft",
    "management",
    "market research"
  ],
  "fulltext": "LE PHUONG THAO NHI Curriculum Vitae Address: Thu Duc District, Ho Chi Minh City, Vietnam Telephone: 0917 140 299 Email: Lptnhi@gmail.com EDUCATION BACKGROUND Master of Supply Chain Management Massey University, New Zealand 2018 2019 FIATA Higher Diploma in Supply Chain Management International Federation of Freight Forwarders Associations 2016 2017 Bachelor of International Business Economics Foreign Trade University, Vietnam GPA: 3.52/4.0 Classification: Very Good Top 7% of faculty graduates 2012 2016 WORK EXPERIENCE Logistics Stars Link Joint Stock Company Operation Manager - Involved in company strategic planning guided by the BoM - Coordinated between departments to ensure effective communication - Reviewed and improved operational policy, procedures, and practices - Examined financial statement, allocated and managed budget for business - Recruited, trained, supervised, allocated and appraised human resources - Developed vendors and suppliers relationships - Managed import flow and procedure in cooperation with other teams - Managed administration tasks and coordinated report 01/2017 12/2017 Vietnam Logistics Research and Development Institute Consulting assistant & Research Executive - Research tasks: Led research internship team to support research projects Carried out surveys with companies, agencies related to logistics and supply chain Analyzed data and information and wrote research reports Assisted logistics experts in research and business projects - Consultancy tasks: Assisted experts in consulting projects for Government agencies and companies Counseled students in logistics career path 03/2016 04/2017 ALT International Education Consultancy Ltd Marketing team member - Created marketing content for digital and offline marketing - Carried out market research for new business segment - Administered fan page and forum seeding October 2014 06/2016 HIGHLIGHTS OF HONORS AND ACHIEVEMENT New Zealand ASEAN Scholarship New Zealand Government 2018 2019 Honor Award for core volunteer Green Hour Project of UNCESCO SECC 2015 Apprentice Award for Intern ALT International Education Consultancy Ltd., 2015 The highest rank (Valedictorian Award) National University Entrance Examination to Foreign Trade University - HCMC 08/2012 HIGHLIGHTS OF PROJECT INVOLVEMENT Researcher in Project on Rural Supply Chain Resilience Part of Resilience to Natures Challenges - National Science Challenge, New Zealand 2018 2019 Research Assistant in National Action Plan for Logistics in Vietnam 2016 2017 Volunteer in Love Letters Project about education for poor children 2016 Volunteer in Operation Smile Vietnam 2015 Board of Management in Quang Tri English club for students 2013 2015 Core volunteer in Green Hour Project of UNESCO SECC 2014 2015 HIGHLIGHTS OF SKILLS Proficiency in English IELTS: 7.5 Computer skills Microsoft Office Research and Analysis Strategic planning Teamwork skill Presentation skill Project coordination Time management Critical thinking REFERENCES Mr. Tran Chi Dung Director - Logistics Stars Link Joint Stock Company Address: 39B Truong Son st., W. 4, Tan Binh D., HCMC, Vietnam Mobile Phone: (+84) 90 999 3749 - (+84) 8 6297 3988 Email : alex.tran@logisticshub.vn Professor Paul Childerhouse Director of Quality and Supply Chain Management Massey University, New Zealand Address: Palmerston North, New Zealand Mobile Phone: +64 (06) 356 9099 ext. 83757 Email: P.H.J.Childerhouse@massey.ac.nz",
  "educations": [
    {
      "id": 5369,
      "gpa": "3.52",
      "major": "International economy",
      "school": "Foreign Trade University",
      "diploma": "Bachelors",
      "end_time": "2016-01-01T00:00:00Z",
      "conf_score": 0.7851615749618549,
      "start_time": "2012-01-01T00:00:00Z",
      "picklist_major": "Economical",
      "major categories": "Social and behavioral sciences",
      "major_categories_detail": "Economics"
    },
    {
      "id": 5368,
      "gpa": null,
      "major": "Logistics and Supply Chain Management",
      "school": "International Federation of Freight Forwarders Associations",
      "diploma": "Other",
      "end_time": "2017-01-01T00:00:00Z",
      "conf_score": 0.7897513794629749,
      "start_time": "2016-01-01T00:00:00Z",
      "picklist_major": "Purchasing/Supply chain",
      "major categories": "Technology",
      "major_categories_detail": "Industrial Management"
    },
    {
      "id": 5366,
      "gpa": null,
      "major": "Logistics and Supply Chain Management",
      "school": "Massey University, New Zealand",
      "diploma": "Masters",
      "end_time": "2019-01-01T00:00:00Z",
      "conf_score": 0.8298522713442309,
      "start_time": "2018-01-01T00:00:00Z",
      "picklist_major": "Purchasing/Supply chain",
      "major categories": "Technology",
      "major_categories_detail": "Industrial Management"
    }
  ],
  "experiences": [
    {
      "id": 17952,
      "detail": "",
      "company": null,
      "end_time": "2019-01-31T00:00:00Z",
      "industry": "Other",
      "position": "Researcher",
      "conf_score": 0.7095681882590834,
      "start_time": "2018-01-01T00:00:00Z"
    },
    {
      "id": 17955,
      "detail": "- Involved in company strategic planning guided by the BoM - Coordinated between departments to ensure effective communication- Reviewed and improved operational policy, procedures, and practices- Examined financial statement, allocated and managed budget for business- Recruited, trained, supervised, allocated and appraised human resources- Developed vendors and suppliers relationships- Managed import flow and procedure in cooperation with other teams- Managed administration tasks and coordinated report",
      "company": "Logistics Stars Link Joint Stock Company",
      "end_time": "2017-12-31T00:00:00Z",
      "industry": "Transportation & Logistics",
      "position": "Operation Manager",
      "conf_score": 0.926757482989375,
      "start_time": "2017-01-01T00:00:00Z"
    },
    {
      "id": 17957,
      "detail": "- Research tasks:Led research internship team to support research projectsCarried out surveys with companies, agencies related to logistics and supply chainAnalyzed data and information and wrote research reportsAssisted logistics experts in research and business projects- Consultancy tasks:Assisted experts in consulting projects for Government agencies and companiesCounselled students in logistics career path",
      "company": "Vietnam Logistics Research and Development Institute",
      "end_time": "2017-04-30T00:00:00Z",
      "industry": "Transportation & Logistics",
      "position": "Consulting assistant & Research Executive",
      "conf_score": 0.9186600440228837,
      "start_time": "2016-03-01T00:00:00Z"
    },
    {
      "id": 17959,
      "detail": "",
      "company": "National Action Plan for Logistics in Vietnam",
      "end_time": "2017-01-31T00:00:00Z",
      "industry": "Transportation & Logistics",
      "position": "Research Assistant",
      "conf_score": 0.844693146749586,
      "start_time": "2016-01-01T00:00:00Z"
    },
    {
      "id": 17961,
      "detail": "",
      "company": "National Action Plan for Logistics in Vietnam",
      "end_time": "2016-12-31T00:00:00Z",
      "industry": "Transportation & Logistics",
      "position": "Volunteer",
      "conf_score": 0.6905021871308187,
      "start_time": "2016-01-01T00:00:00Z"
    },
    {
      "id": 17963,
      "detail": "- Created marketing content for digital and offline marketing- Carried out market research for new business segment- Administered fan page and forum seedingHIGHLIGHTS OF HONORS AND ACHIEVEMENT New Zealand ASEAN Scholarship New Zealand Government 2018 - 2019 Honor Award for core volunteerGreen Hour Project of UNCESCO - SECC 2015 Apprentice Award for Intern ALT International Education Consultancy Ltd., 2015 The highest rank (Valedictorian Award) National University Entrance Examination to Foreign Trade University - HCMC 08/2012",
      "company": "ALT International Education Consultancy Ltd",
      "end_time": "2016-06-30T00:00:00Z",
      "industry": "Education",
      "position": "Marketing team member",
      "conf_score": 0.9456814271349797,
      "start_time": "2014-10-01T00:00:00Z"
    },
    {
      "id": 17965,
      "detail": "",
      "company": "Operation Smile Vietnam",
      "end_time": "2015-12-31T00:00:00Z",
      "industry": "Other",
      "position": "Volunteer",
      "conf_score": 0.7547039037418648,
      "start_time": "2015-01-01T00:00:00Z"
    },
    {
      "id": 17966,
      "detail": "",
      "company": "Quang Tri English club for students",
      "end_time": "2015-01-31T00:00:00Z",
      "industry": "Education",
      "position": "Core volunteer",
      "conf_score": 0.6905021871308187,
      "start_time": "2014-01-01T00:00:00Z"
    },
    {
      "id": 17967,
      "detail": "",
      "company": "Quang Tri English club for students",
      "end_time": "2015-01-31T00:00:00Z",
      "industry": "Education",
      "position": "Board of Management",
      "conf_score": 0.8527636690573845,
      "start_time": "2013-01-01T00:00:00Z"
    }
  ],
  "address": "Thu Duc District, Ho Chi Minh City, Vietnam"
}