{
  "skills": [
    "twitter"
  ],
  "fulltext": "Duy Nguyen twitter.com/ngduynd ngduy.nd@gmail.com Technical skills Experience Senior Solution Architect - FPT Software Oct 2018 Present Lead Technology Solution Board - FPT Technology Solutions Sep 2016 Oct 2018 Senior Solution Architect - FPT Technology Solutions Sep 2012 Oct 2018 Project Manager - FPT Software Jun 2007 Oct 2009 Technical Leader - FPT Software Mar 2006 Feb 2012 Senior Developer - FPT Software Jun 2005 - Mar 2006 Developer - FPT Software Solution Apr 2004 Jun 2005 Developer Jan 2002 Apr 2005 Awards/Others Education/Certificate",
  "educations": [
    {
      "id": 5375,
      "gpa": null,
      "major": null,
      "school": "University of Natural Sciences",
      "diploma": "Bachelors",
      "end_time": "2001-01-01T00:00:00Z",
      "conf_score": 0.8068873668007818,
      "start_time": "1997-01-01T00:00:00Z",
      "picklist_major": "Other",
      "major categories": "",
      "major_categories_detail": ""
    }
  ],
  "experiences": [
    {
      "id": 17977,
      "detail": "",
      "company": "FPT Software",
      "end_time": "2023-04-13T00:00:00Z",
      "industry": "High Technology",
      "position": "Senior Solution Architect",
      "conf_score": 0.789605764566271,
      "start_time": "2018-10-01T00:00:00Z"
    },
    {
      "id": 17979,
      "detail": "",
      "company": "FPT Technology Solutions",
      "end_time": "2018-10-31T00:00:00Z",
      "industry": "High Technology",
      "position": "Lead Technology Solution Board",
      "conf_score": 0.8544766839910505,
      "start_time": "2016-09-01T00:00:00Z"
    },
    {
      "id": 17981,
      "detail": "",
      "company": "FPT Technology Solutions",
      "end_time": "2018-10-31T00:00:00Z",
      "industry": "High Technology",
      "position": "Senior Solution Architect",
      "conf_score": 0.9053580919787586,
      "start_time": "2012-09-01T00:00:00Z"
    },
    {
      "id": 17982,
      "detail": "",
      "company": "FPT Software",
      "end_time": "2012-02-29T00:00:00Z",
      "industry": "High Technology",
      "position": "Technical Leader",
      "conf_score": 0.9089868123963978,
      "start_time": "2006-03-01T00:00:00Z"
    },
    {
      "id": 17983,
      "detail": "",
      "company": "FPT Software",
      "end_time": "2009-10-31T00:00:00Z",
      "industry": "High Technology",
      "position": "Project Manager",
      "conf_score": 0.9053580919787586,
      "start_time": "2007-06-01T00:00:00Z"
    },
    {
      "id": 17984,
      "detail": "",
      "company": "FPT Software",
      "end_time": "2006-03-31T00:00:00Z",
      "industry": "High Technology",
      "position": "Senior Developer",
      "conf_score": 0.9089868123963978,
      "start_time": "2005-06-01T00:00:00Z"
    },
    {
      "id": 17985,
      "detail": "",
      "company": "FPT Software Solution",
      "end_time": "2005-06-30T00:00:00Z",
      "industry": "High Technology",
      "position": "Developer",
      "conf_score": 0.9053580919787586,
      "start_time": "2004-04-01T00:00:00Z"
    }
  ],
  "address": null
}