{
  "skills": [
    "linux",
    "angular",
    "css3",
    "crm",
    "marketing",
    "analytics",
    "wordpress",
    "asanas",
    "sql",
    "sales",
    "risks",
    "management",
    "redux",
    "git",
    "html5",
    "firebase",
    "project management",
    "redux saga",
    "react native",
    "medium",
    "trello",
    "redux thunk",
    "social software",
    "website development",
    "sql",
    "risk management",
    "jira",
    "eslint",
    "testing",
    "laravel",
    "redux persist",
    "manual testing",
    "project risk management",
    "flight test",
    "php",
    "mysql",
    "owl",
    "jquery"
  ],
  "fulltext": "DAO NGUYEN HOANG NAM DEVELOPER * hoangnam1121@gmail.com ( 0908.626.926 Birthday: 11/21/1990 EXPERIENCE (2016 present) at HDWEBSOFT Company 1/ [Mobile App] Social Media Kickbacks Project Miniature social network for students, the user post image /video interact with friends, the functional similar Instagram Project Time: 06/2018 06/2019 Position: Team leader. My responsible: - Survey analytics Feature - Define task and break task - Estimate time for team - Initial Project - Develop UI and logic - Manual testing - Deploy app via Fabric or Test flight - Report directly with Project Manager Project Results: Released on Appstore and developing Technology: React Native, Redux Saga, Firebase, BranchIO, eslint, Crash analytics 2/ [Mobile App] Manage Sale KPI s Project The project manage sale who meets the customer. This app will collect info via saler to statistical on website as revenue, total order, total customeretc Project Time: 06/2019 08/2019 Position: Team leader. My responsible: - Survey analytics requirement - Define task and break task - Estimate time for team - Initial Project - Develop UI and logic - Manual testing - Deploy app via Fabric or Test flight - Report directly with Project Manager Project Result: Releases on Appstore Technology: React Native, Redux Saga, Redux Persist, Firebase, Code Push, App center, eslint, Crash analytics ABOUT ME Work hard Play hard. Responsible for work. MY QUOTE Look at the project as you SOULE, it will make the product more QUALITY SKILLS Programing PHP HTML5 Css3 Jquery React Native Angular 1 SSIS - .NET Mysql, MSSQL CMS , CRM Laravel Wordpress Drupal Language English Planing Trello, Jira,Asana, Estimate Tools Skill Git, PHP Storm, Visual code, Linux, Xcode 3/ [Mobile App] Wardrobes Project The e-commerce project from US. This app will offer a digital platform that allows user to both monetize items in their own closet that might not get a ton of play. Project Time: 02/2018 05/2018 Position: Developer My responsible: - Define task and break task - Estimate time for task - Develop UI and logic - Manual testing - Deploy app via Fabric or Test flight - Report directly with Project Manager Project Results : Released on Appstore Technology: React Native, Redux Saga, Crash anlytics 4/ [Mobile App] Livnlists Project The project from US. This social app will invite your friend to join Event, Trip.. from Contact or Friend to connect people together. Project Time: 09/2017 12/2017 Position: Developer My responsible: - Survey analytics requirement - Estimate time for task - Develop UI and logic - Manual testing - Deploy app via Appcenter - Report directly with Teamleader Project Results: Released on Appstore Technology: React Native, Redux Thunk, Nodejs, Git 5/ [Outlook] Plugin Integration Integration plugin Outlook to archive Email from Outlook to SuiteCrm. Projet Time: 2017 Position: Developer Application. My responsible: - Survey analytics requirement - Develop logic - Manual testing - Report directly with Project Manager Project Results: Release to production Technology: .NET 6/ [Drupal] OWLS (online wildlife license) project One of the project of Australian Government. It manage and approval for personal or corporate want to trading, hunting, raisingwildlife. The project use Drupal 8 Agov for user and SuiteCrm for manager. Project Time: 2016 Position: Developer Application. My responsible: - Survey analytics requirement - Develop logic - Manual testing - Report directly with Project Manager Project Results: Release to production Technology: PHP, Drupal 8, SuiteCrm, Mysql, Git, Linux 7/ [.NET (SSIS)] DET VTIS (Department of Education and Training) project One of the project of Australian Government. This is risk management project about these universities at Australian. The project uses SQL Server Integration Services to caculate the risk and SuiteCrm to manage risk. Project Time: 2017 Position: Developer Application. My responsible: - Survey analytics requirement - Develop logic - Manual testing - Report directly with Project Manager Project Results: Release to production Technology: .Net, SuiteCrm, MSSQL Sever, Window Sever, Git (2013 2015) at Allexceed Corporation Japan Web Developer - Take part in web application ITEC cable management - Take part in web application KANAMIC patient management - Take part in software application SYMPHONIZER cable management EDUCATION (2011 2013) Bachelor University of Science Ho Chi Minh City Bachelor / Computer Science (2015 2017) Bachelor University of Economy Ho Chi Minh City Bachelor / Marketing International Business (2008 2011) College of Science Ho Chi Minh City / Computer Science Powered by TCPDF (www.tcpdf.org)",
  "educations": [
    {
      "id": 5359,
      "gpa": null,
      "major": "Computer science",
      "school": "College of University of Science Ho Chi Minh City",
      "diploma": "Bachelors",
      "end_time": "2011-01-01T00:00:00Z",
      "conf_score": 0.9210088910403198,
      "start_time": "2008-01-01T00:00:00Z",
      "picklist_major": "IT - Hardware/Networking",
      "major categories": "Computer and information technology",
      "major_categories_detail": "Computer"
    },
    {
      "id": 5358,
      "gpa": null,
      "major": "Agricultural economy",
      "school": "University of Economy Ho Chi Minh City",
      "diploma": "Bachelors",
      "end_time": "2017-01-01T00:00:00Z",
      "conf_score": 0.7851615749618549,
      "start_time": "2015-01-01T00:00:00Z",
      "picklist_major": "Agriculture / Forestry",
      "major categories": "Agriculture, forestry and fisheries",
      "major_categories_detail": "Agriculture"
    },
    {
      "id": 5357,
      "gpa": null,
      "major": "Computer science",
      "school": "University of Science Ho Chi Minh City",
      "diploma": "Bachelors",
      "end_time": "2013-01-01T00:00:00Z",
      "conf_score": 0.7851615749618549,
      "start_time": "2011-01-01T00:00:00Z",
      "picklist_major": "IT - Hardware/Networking",
      "major categories": "Computer and information technology",
      "major_categories_detail": "Computer"
    }
  ],
  "experiences": [
    {
      "id": 17928,
      "detail": ". My responsible:- Survey analytics Feature - Define task and break task- Estimate time for team- Initial Project - Develop UI and logic- Manual testing- Deploy app via Fabric or Test flight- Report directly with Project Manager Project Results: Released on Appstore and developingTechnology: React Native, Redux Saga, Firebase, BranchIO, eslint, Crash analytics",
      "company": "HDWEBSOFT Company",
      "end_time": "2019-06-30T00:00:00Z",
      "industry": "Other",
      "position": "Team leader",
      "conf_score": 0.9404253900297244,
      "start_time": "2018-06-01T00:00:00Z"
    },
    {
      "id": 17929,
      "detail": "y responsible:- Define task and break task- Estimate time for task- Develop UI and logic- Manual testing- Deploy app via Fabric or Test flight- Report directly with Project Manager Project Results: Released on Appstore Technology: React Native, Redux Saga, Crash analysis",
      "company": "HDWEBSOFT Company",
      "end_time": "2018-05-31T00:00:00Z",
      "industry": "Other",
      "position": "Developer",
      "conf_score": 0.743002572455793,
      "start_time": "2018-02-01T00:00:00Z"
    },
    {
      "id": 17930,
      "detail": "- Take part in web application - ITEC cable management- Take part in web application - KANAMIC patient management- Take part in software application SYMPHONIZER cable management",
      "company": "Allexceed Corporation Japan",
      "end_time": "2015-01-31T00:00:00Z",
      "industry": "Other",
      "position": "Web Developer",
      "conf_score": 0.9260889292191576,
      "start_time": "2013-01-01T00:00:00Z"
    }
  ],
  "address": null
}