{
  "skills": [
    "scala",
    "stack",
    "java",
    "management",
    "business communication",
    "io",
    "vuejs",
    "git",
    "html5",
    "kotlin",
    "structure",
    "react native",
    "android",
    "css",
    "github",
    "software development",
    "reactjs",
    "golang",
    "backend development",
    "database",
    "process development",
    "game development",
    "teamwork",
    "networking",
    "firestore",
    "agile",
    "mysql",
    "html"
  ],
  "fulltext": "Name: Luu THE LAMADdress: 8A Vu Thanh - Hanoi Place of Birth: Dong Trieu - Quang Ninh Date of birth: 09/11/1994Phone: 0356819599Email: luulam0911@gmail.comGitHub: https://github.com/luulamINTRODUCTION I'm a Half-Stack Developer The reason I'm claiming to be a Half-Stack is that I only know half of the Stack (half easy), and the hard half is too hard, so I ignored it :DOBJECTIVE Application of technology to improve the value of lifeEDUCATIONHa Noi University Of Business And Technology-Time: 2012 - 2016-Diplomats: ITTECHNICALSKILLS Programming: Java, JavaScrip, Kotlin, HTML5, CSS, ActionScrip3, ScalaFrameworks/ Platforms: React-native, ReactJS, VueJS, NodeJSDatabase : realm, MySql , SqlLite, FireStoreVersion Control: GitSoft Skills: Time management, Business communication, TeamworkOthers: -Experience with Agile and Scrum development process- Intermediate Photoshop skill. Can do simple design: logo, banner, poster.WORK EXPERIENCENewWave Solution https://newwave.vn/ (02/2016 - 06/2017) Responsibilities:Android Software developer,The leader of React-native development in the companyBack-End DeveloperOhze (Sandin) http://ohze.net/ (07/2017 - 10/2019) Responsibilities:Full Stask Developer,Team LeaderProduct OwnerPERSONAL PRODUCTAndroid App- Pest HUBT http://bit.ly/2mDNFqBIs a product that converts a .txt file into revision questions before exams-Bookmark http://bit.ly/2mDpgRZSave bookmarks with Tag tags for easy searching-Dog Breed http://bit.ly/2mDqZ9VEntertainment application that shows Images of dog breeds-Memorize http://bit .ly/2mD04eoEnglish Vocabulary Learning Application-React-Native-Start-Kit an Instagram / UX UI simulation application using React-nativePERSONAL PROJECT- Lavi Fruits http://bit.ly/2nvMz0zapplication for a chain of stores that provide fresh fruit, users to order and buy fruits by phone-Matching Platform ADONG Customer http://bit.ly/2oiJBMMIs a platform that helps connect service providers and service users, including a variety ofservices: house cleaning, electrical repair, child transportation .etc-2Way http://bit.ly/2nxXOFHThe transport and transport support application connects people who need to move, are about to move and need to move with each other SOFTWARE PROJECTS EXPERIENCESOrganizationSandnh SJCPositionProduct OwnerProject descriptionPhôn , Tien len Mien NamIs a simulation game sure most similar to real lifeProject size7 man-monthinformation Agile ScrumTasks & responsibilitiesGiving game development directionsOrganizationSandinh SJCPositionSoftware developerProject descriptionChan4 Is a simulation game sure most similar to real lifeProject size2 man-monthTechnical informationHtml5 (frameword PixiS) Css TypescripProjectTasks & responsibilitiesGiving game development directionsSOrganizationSandinh description similar to real lifeProject size2 man-monthTechnical informationActionscrip3 FireBase Social network connect and sharing Scala DockerTasks & responsibilitiesMaintain and Update function new attractive customerOrganizationNewWave Solutions JSCPositionAndroid Software developerProject descriptionWiido service clean for homeiOS: https://apple.co/2nIeydoAndroid: http://bit .ly/2mQSSeWApp For collaboratorsAndroid: http://bit.ly/2mMbXieProject size1 man-monthTechnical informationReact native Firebase Verify accountTasks & responsibilitiesMain App developer Create wireframe, specs, schedule plan, coding structure.+ All of mobile developer taskOrganizationNewWave Solutions JSCPositionAndroid Software developerProject descriptionBeatChatIt is a social network have call , videocall, chat, timeline add friend.Project size2 man-monthTechnical informationSkyWave FireBase Realm Notification Social network connect and sharingTasks & responsibilitiesMain Android developer Create wireframe, specs, schedule plan, coding structure.OrganizationNewWave Solutions JSCPositionAndroid Software developerProject descriptionTraxyThis is iOS application on IPhone, which helps people, who are traveling in Japan can catch the drivers are nearest by them. And they can filter drivers by sex, same languages ​​with usProject size3 man-monthTechnical informationLanguage Golang notification AF NetworkingTasks & responsibilitiesbuild server and APIOrganizationNewWave Solutions JSCPositionAndroid Software developerProject descriptionLoveGolfIt is a social network of golfers.Golfers can create event,join even, see info.. Project size1 man-monthTechnical informationSocial network connect and sharing AF NetwokingTasks & responsibilitiesMain Android developer and make good product quality OrganizationNewWave Solutions JSCPositionAndroid Software developerProject descriptionMenmixCreate social network communityProject size1 man-monthTechnical informationSqlite Google mapTasks & responsibilitiesDeveloper app and have good comment from customer. Mange Task:+ Specs analyze+ create new design scene home, timeline ..",
  "educations": [
    {
      "id": 5360,
      "gpa": null,
      "major": null,
      "school": "Hanoi University Of Business And Technology",
      "diploma": "Bachelors",
      "end_time": "2016-01-01T00:00:00Z",
      "conf_score": 0.7151136457677363,
      "start_time": "2012-01-01T00:00:00Z",
      "picklist_major": "Other",
      "major categories": "",
      "major_categories_detail": ""
    }
  ],
  "experiences": [
    {
      "id": 17940,
      "detail": "",
      "company": "Ohze (Sandin) http://ohze.net/",
      "end_time": "2019-10-31T00:00:00Z",
      "industry": "Other",
      "position": "Full Stack Developer,Team Leader Product Owner",
      "conf_score": 0.8897482258197899,
      "start_time": "2017-07-01T00:00:00Z"
    },
    {
      "id": 17941,
      "detail": ", The leader of React-native development in the company Ba",
      "company": "NewWave Solution",
      "end_time": "2017-06-30T00:00:00Z",
      "industry": "High Technology",
      "position": "Android Software developer",
      "conf_score": 0.9278757518959408,
      "start_time": "2016-02-01T00:00:00Z"
    }
  ],
  "address": "8a Vu Thanh - Hanoi"
}