{
  "skills": [
    "rod",
    "marketing communications",
    "database",
    "recruitment",
    "crm system",
    "event promotion",
    "digital marketing",
    "crm",
    "marketing",
    "sales and marketing",
    "management",
    "medium",
    "sales",
    "google ads"
  ],
  "fulltext": "Business/Marketing Lotomo.vn Mrcc.com NOV 2018 Present Marketing Manager Assist management in developing the strategic and annual LHH integrated marketing plan. Implement the plan and monitor & report on its effectiveness Manage the allocated marketing budget Identify new ways of elevating the brand of LHH in Vietnam Plan, implement and monitor campaigns on social media, PPC, and email Work closely with sales team optimize their boarding drip email sequences, follow up sequences, and long-term touch campaigns Manage the design and production of marketing materials, including leaflets, posters, flyers, personal emails and e-newsletters, and Facebook and LinkedIn ads Identify opportunities for sponsorship as well as organizing events to promote the LHH brand Produce detailed proposals for events (i.e. timelines, venues, staffing and budgets, etc.) Coordinate, troubleshoot and manage events from planning phase to post-event evaluation Manage and maintain marketing related CRM system and mailing lists Measure and report performance of all digital marketing campaigns, and assess against goals (ROI and KPIs) Plan and execute all digital marketing, including SEO/SEM, marketing database, email, social media and display advertising campaigns Marketing Manager JUL 2018 NOV 2018 Develop content of official fan page and website design In charge of posting information and photos on the official website and other online media. Plan Digital Marketing project (Facebook ads, Zalo ads, Google Adwords, Google Display Network) Take part in planning and organizing of communication, marketing, PR and promoting events Be a team leader of student admission and student service Keep track of number of enrollment and adjust recruitment plan accordingly Recruit and training sales staff NOV 2017 FEB 2018 Sale and Marketing Manager Prepare an annual Business and Marketing Communication Plan and review it quarterly to ensure target and purchase achievement Keep track of daily sales and adjust sale plan accordingly Conduct Visual merchandising and allocate merchandising aids Maintain and monitor the inventory of POSM Conduct sales promotion events regularly Develop content of official fan page and prints Take part in planning and organizing of communication, marketing, PR and promoting events of the hospital JUL 2017 NOV 2017 Pôle Universitaire Franais HCM Ville Vietnam National Univsersity Digital Marketing Manager Develop content of Universitys official fan page In charge of posting universitys information and photos on the official website and other online media Take part in planning and organizing of communication, marketing, PR and promoting events of the universitys brand name Take part in planning and organizing universitys events (seminar, conference), in promoting campaign of the universitys brand name Be a team leader of student admission and student service APR 2014 JUL 2017 MR LOTOMO Co. Ltd Marketing and Product Manager VNG Corporation Marketing Executive",
  "educations": [
    {
      "id": 5383,
      "gpa": null,
      "major": "Marketing",
      "school": "HCMC International University - Vietnam National University",
      "diploma": "Bachelors",
      "end_time": "2012-07-01T00:00:00Z",
      "conf_score": 0.9033449551092809,
      "start_time": "2008-09-01T00:00:00Z",
      "picklist_major": "Marketing",
      "major categories": "Business and management",
      "major_categories_detail": "Business"
    }
  ],
  "experiences": [
    {
      "id": 17999,
      "detail": "Assist management in developing the strategic and annualLHH integrated marketing plan. Implement the plan and monitor & report on its effectiveness Manage the allocated marketing budget Identify new ways of elevating the brand of LHH in Vietnam Plan, implement and monitor campaigns on social media, PPC, and email Work closely with sales team optimize their boarding drip email sequences, follow up sequences, and long-term touch campaigns Manage the design and production of marketing materials, including leaflets, posters, flyers, personal emails and e-newsletters, and Facebook and LinkedIn ads Identify opportunities for sponsorship as well as organizing events to promote the LHH brand Produce detailed proposals for events (i.e. timelines, venues, staffing and budgets, etc.) Coordinate, troubleshoot and manage events from planning phase to post-event evaluation Manage and maintain marketing related CRM system and mailing lists Measure and report performance of all digital marketing campaigns, and assess against goals (ROI and KPIs) Plan and execute all digital marketing, including SEO/SEM, marketing database, email, social media and display advertising campaigns",
      "company": null,
      "end_time": "2023-04-13T00:00:00Z",
      "industry": "Other",
      "position": "Marketing Manager",
      "conf_score": 0.7115937912651813,
      "start_time": "2018-11-01T00:00:00Z"
    },
    {
      "id": 18001,
      "detail": "Prepare an annual Business and Marketing Communication Plan and review it quarterly to ensure target and purchase achievement Keep track of daily sales and adjust sale plan accordingly Conduct Visual merchandising and allocate merchandising aids Maintain and monitor the inventory of POSM Conduct sales promotion events regularly Develop content of official fan page and prints Take part in planning and organizing of communication, marketing, PR and promoting events of the hospital",
      "company": null,
      "end_time": "2018-02-28T00:00:00Z",
      "industry": "Other",
      "position": "Sales and Marketing Manager",
      "conf_score": 0.7376908156050216,
      "start_time": "2017-11-01T00:00:00Z"
    },
    {
      "id": 18003,
      "detail": "Develop content of Universitys official fan page In charge of posting universitys information and photos on the official website and other online media Take part in planning and organizing of communication, marketing, PR and promoting events of the universitys brand name Take part in planning and organizing universitys events (seminar, conference...), in promoting campaign of the universitys brand name",
      "company": "Pôle Universitaire Francais - HCM Ville Vietnam National University",
      "end_time": "2017-11-30T00:00:00Z",
      "industry": "Other",
      "position": "Digital Marketing Manager",
      "conf_score": 0.8967380863694517,
      "start_time": "2017-07-01T00:00:00Z"
    },
    {
      "id": 18004,
      "detail": "",
      "company": "MR LOTOMO Co. Ltd",
      "end_time": "2017-07-31T00:00:00Z",
      "industry": "Other",
      "position": "Marketing and Product Manager",
      "conf_score": 0.8747331151921551,
      "start_time": "2014-04-01T00:00:00Z"
    }
  ],
  "address": null
}