{
  "skills": [
    "sc",
    "xhtml",
    "css3",
    "tomcat",
    "wordpress",
    "json",
    "responsive",
    "javascript",
    "apache",
    "management",
    "yeoman",
    "frontend development",
    "jquery",
    "git",
    "svn",
    "html5",
    "project management",
    "ajax",
    "flux",
    "website development",
    "css",
    "UI layout",
    "grunt",
    "bower",
    "le",
    "github",
    "testing",
    "pyramid",
    "reactjs",
    "woocommerce",
    "xampp",
    "gulp",
    "bitbucket",
    "bootstrap",
    "agile",
    "html"
  ],
  "fulltext": "Hieu Nguyen Ngoc (Mr.) Senior Front-End Developer DOB: 04/10/1985 Email: nguyen.ngochieu1985@gmail.com Mobile: 0084 907989995 Address: No.69 ,18th Street, Hiep Binh Chanh Ward, Thu Duc District, Ho Chi Minh City. SkypeID: hieunn.bkict Education 2005 - 2011 Hanoi University of Science and Technology B.S. in Computer Engineering, Hanoi - Vietnam. Programming Skills Experience Projects (For instance) Bootstrap and foundation frameworks 5 years - good CMS systems Fluid layout and fully responsive websites 6 years - advanced Belga-Box HTML, xHTML, CSS, CSS3, CSS & preprocessor SASS, LESS, SCSS. 5 years - advanced Belga 360 Portal Template languages: JADE, HAML, EJS, LIQUID, HTML5 Boilerplate template 6 years -advanced Belga Mediaroom Javascript, jQuery/ jQuery UI 6 years -advanced Belga Press Application Email template with litmus testing tool 3 years - good Ticketing Platform AJAX, JSON, Apache Tomcat, IIS, XAMPP 6 years - advanced All projects Tortoise SVN, GIT, Github, bitbucket 6 years -advanced All projects Grunt, Bower, Gulp, Fabricator, Yeoman 3 years - good CMS systems Adobe Photoshop 3 years - good PSD to HTML Reactjs, flux, nodejs 1 year Highlights Technical Specialization - jQuery Plugin, Sass, Less -Bootstrap, Foundation framework, flex grid. -CMS: wordpress, shopify, woocommerce, joomla, prestashop 6 years of experience in Web development and Project management with Agile, Scrum International customers around the world. Working Experience October 2017 now- Frontend Developer , Team manager - Advision Technology Developed NETO websites (a very popular ecommerce system in Australia) December 2014 - October 2017- Motivated Software Engineer - freelancer.com & fiverr.com worked with CMS in eCommerce (Wordpress, Prestashop, Shopify, woocommerce, NETO) 03/2012 12/2014 - Senior Software Engineer - Pyramid Consulting Vietnam Client: Belga News Agency. Country: Belgium Projects: Belga-Box, Belga 360 Portal, Belga Mediaroom, Belga Press Application the national press agency of Belgium, the central news repository for over 10European countries, provides complete and richly multimedia news. created templates based on wireframe, email templates with foundation,xHTML, CSS, , CSS3, JavaScript, jQuery, jQuery UI, Bootstrap, fluid layout and fully responsive websites cross browsers and platforms. 04/2012 09/2012 - Frontend Lead - Client: Cibo. Country: US Project: Disney Cars Land Ticket Platform to register for Disneyland Resort events where access is provided during special,reserved times that are outside of normal operating hours. created templates based on psd files with xHTML, CSS, , CSS3, JavaScript,jQuery, jQuery UI, fluid layout website cross browsers and platforms. 02/2011 04/2012 - Frontend Developer - Brite Solution JSC developed layouts UI Web, focused on improving UX Languages ​​skills -English: Professional working proficiency -German: A1 certified by Gther Institute. References -Mr, Tan Hung Pham: Front End Manager of Pyramid Consulting Vietnam. Email:hung.pham@pyramid-consulting.com -Mr.ThomasKern:MylongtermclientonFreelancer.com.Email:t.kern@ferroplast.at Mr. Steve: My long term client on Fiverr.com. Email: mpcasttv@ptd.net Mr.TobyWallaceCrabbe:MyLineManageratAvtech.Email:Toby.Wallace-Crabbe@avtech.com.au --",
  "educations": [
    {
      "id": 5377,
      "gpa": null,
      "major": "Computer Engineering",
      "school": "Hanoi University of Science and Technology",
      "diploma": "Bachelors",
      "end_time": "2011-01-01T00:00:00Z",
      "conf_score": 0.7932270159829526,
      "start_time": "2005-01-01T00:00:00Z",
      "picklist_major": "IT - Hardware/Networking",
      "major categories": "Computer and information technology",
      "major_categories_detail": "Computer"
    }
  ],
  "experiences": [
    {
      "id": 17990,
      "detail": "Developed NETO websites (a very popular ecommerce system in Australia)",
      "company": "Advision Technology",
      "end_time": "2023-04-13T00:00:00Z",
      "industry": "High Technology",
      "position": "Frontend Developer , Team manager",
      "conf_score": 0.910231764334181,
      "start_time": "2017-10-01T00:00:00Z"
    },
    {
      "id": 17991,
      "detail": "worked with CMS in eCommerce (Wordpress, Prestashop, Shopify, woocommerce, NETO)",
      "company": "freelancer.com & fiverr.com",
      "end_time": "2017-10-31T00:00:00Z",
      "industry": "Other",
      "position": "Software Engineer",
      "conf_score": 0.9007656883663064,
      "start_time": "2014-12-01T00:00:00Z"
    },
    {
      "id": 17992,
      "detail": "Client: Belga News Agency. Country: Belgium Projects: Belga-Box, Belga 360 Portal, Belga Mediaroom, Belga Press Application the national press agency of Belgium, the central news repository for over 10 European countries, provides complete and richly multimedia news. created templates based on wireframe, email templates with foundation,xHTML, CSS, , CSS3, JavaScript, jQuery, jQuery UI, Bootstrap, fluid layout and fully responsive websites cross browsers and platforms.",
      "company": "Pyramid Consulting Vietnam",
      "end_time": "2014-12-31T00:00:00Z",
      "industry": "Other",
      "position": "Senior Software Engineer",
      "conf_score": 0.910231764334181,
      "start_time": "2012-03-01T00:00:00Z"
    },
    {
      "id": 17993,
      "detail": ". Country: US Project: Disney Cars Land Ticket Platform to register for Disneyland Resort events where access is provided during special, reserved times that are outside of normal operating hours. created templates based on psd files with xHTML, CSS, , CSS3, JavaScript, jQuery, jQuery UI, fluid layout website cross browsers and platforms.",
      "company": "Cibo",
      "end_time": "2012-09-30T00:00:00Z",
      "industry": "Other",
      "position": "Frontend Lead",
      "conf_score": 0.7989045198754983,
      "start_time": "2012-04-01T00:00:00Z"
    },
    {
      "id": 17994,
      "detail": "",
      "company": "Brite Solution JSC",
      "end_time": "2012-04-30T00:00:00Z",
      "industry": "High Technology",
      "position": "Frontend Developer",
      "conf_score": 0.9007656883663064,
      "start_time": "2011-02-01T00:00:00Z"
    }
  ],
  "address": "No.69 ,18th Street, Hiep Binh Chanh Ward, Thu Duc District, Ho Chi Minh City"
}