{
  "skills": [
    "ease",
    "woocommerce",
    "networking",
    "c++",
    "testing",
    "arduino",
    "voip",
    "sql",
    "c#",
    "magento",
    "website development",
    "cisco",
    "communication network",
    "ams",
    "system monitoring",
    "teamwork",
    "tester",
    "asp",
    "problem solving"
  ],
  "fulltext": "EDUCATIONHCMC UNIVERSITY OF INFORMATION TECHNOLOGYJUN 2014 - JUN 2019Falcuty: Computer Network & Communication PROJECTSBUILDING AN ARDUINO TEMPERATURE MONITORING SYSTEM2018Main responsibilities:- Programming heat detecting devices.- Looking for an effective electronic way to communicate several Arduino devices.Recognition and Gains:- New experience with Arduino objects.- Working with others as a group.NGUYEN VU PHONG HAIJan 12, 1996 Male 0763569136 hainvp1201@gmail.com58/124 Phan Van Tri Str., Ward12, Binh Thanh Dist., HCMCWORK EXPERIENCEUIT INSEC LABSEPT 2018 - DEC 2018InternMain responsibilities:- Learning new E-commerce platform such as WooCommerce, Magento.- assisting my professor with his English documents.Recognition and Gains:- New experience in E-commerce field.- Communication with others.- Properly composing formal e-mail.TMA SOLUTIONSMAR 2019 - JUN 2019InternMain responsibilities:- Getting to know a VoIP platform.- Testing patches with Sanity and Function tests.- Filling reports for developers.Recognition and Gains:- How to properly test a patch.- Handling several tasks in a short time.- Knowledge of Telecom, Tester.PROFILEI always listen to the others as a wayto better myself. I am determined to be successful, and able to deal with new or difficult situations.I enjoy learning English my whole lifeto communicate with people around the world with ease.SKILLSC++C#EnglishTeamworkProblem Solving CERTIFICATIONSNETWORKING ESSENTIALS course at NHAT HELP ACADEMY20162016PC TROUBLE SHOOTING TECHNICIAN course at NHAT NgheaCADEMY2017CISCO CERTIFIED NETWORK ASSOCIATE course at NHAT NGHEACADEMYWEB DEVELOPER: C#, ASP.Net, SQL Server2017 topcv.vnTOEIC Certificate with the score of 8952018INTERESTSTechnologyReadingJoggingFootball",
  "educations": [
    {
      "id": 5392,
      "gpa": null,
      "major": "Computer networks and data communication",
      "school": "HCMC UNIVERSITY OF INFORMATION TECHNOLOGY",
      "diploma": "Bachelors",
      "end_time": "2019-06-01T00:00:00Z",
      "conf_score": 0.9451934529558871,
      "start_time": "2014-06-01T00:00:00Z",
      "picklist_major": "IT - Hardware/Networking",
      "major categories": "Computer and information technology",
      "major_categories_detail": "Computer"
    }
  ],
  "experiences": [
    {
      "id": 18035,
      "detail": "Main responsibilities:- Getting to know a VoIP platform.- Testing patches with Sanity and Function tests.- Filling reports for developers.Recognition and Gains: - How to properly test a patch.- Handling several tasks in a short time.- Knowledge of Telecom, Tester.",
      "company": "TMA SOLUTIONS",
      "end_time": "2019-06-30T00:00:00Z",
      "industry": "High Technology",
      "position": "Internet",
      "conf_score": 0.9089868123963978,
      "start_time": "2019-03-01T00:00:00Z"
    },
    {
      "id": 18037,
      "detail": "Main responsibilities:- Learning new E-commerce platform such as WooCommerce, Magento. - Helping my professor with his English documents.Recognition and Gains: - New experience in E-commerce field.- Communication with others.- Properly composing formal e-mail.",
      "company": "UIT INSEC LAB",
      "end_time": "2018-12-31T00:00:00Z",
      "industry": "High Technology",
      "position": "Internet",
      "conf_score": 0.9089868123963978,
      "start_time": "2018-09-01T00:00:00Z"
    }
  ],
  "address": "58/124 Phan Van Tri Str., Ward 12, Binh Thanh Dist., Hcmc"
}