{
  "skills": [
    "eye for detail",
    "tracking",
    "payment",
    "accounting",
    "solidedge",
    "executing the trade",
    "calculating salaries",
    "analysis",
    "sell",
    "auditing",
    "sales",
    "contracting",
    "excel",
    "invoicing"
  ],
  "fulltext": "APPLICATION POSITION: ACCOUNTANT 1 __________________________________________________________________________________ OBJECTIVES As an accountant, I always want to work in the right major. To have a stable job with a stable income. In the next 3 years, to become an excellent accountant in the next 5 years, strive to be promoted to become a good chief accountant of the enterprise. SKILL ------------------------------------------------ ------------------------------- Mastering editing skills: MS Word, Excel, Power Point, Misa, Fast Confident, good at communicating, and building relationships Hardworking, careful, enthusiastic and honest Withstand high work pressure, Ability to listen, behave skillfully /2016 Aug 2015 WORK EXPERIENCE ----------------------------------------- --------------------------------------------------- Subject of study Training School Name Rating Accounting_Auditing Regular Ha Noi Tourism College Good English Language Listening, Speaking Reading Writing Fairly Good Completing the general accounting course Thien Ung Phan Thi Huong Lieu Date of birth: 04 /05/1995 Address: No. 3, alley 337/67/2 Dich Vong_Cau Giay _ Hanoi Hometown: Co Do_Ba Vi_Hanoi Phone number: Email: APPLICATION POSITION: ACCOUNTANT 2 25/10/ 2016_ 31/04/2018 05/04/2018 - 15/12/2018 December 16, 2018-August 31, 2019 Manage and monitor the enterprise's cash fund Timely and accurately update arising amounts to the bank account. accounting software. Carry out deposit transactions, money transfer with banks. Make VAT invoices, declare monthly, quarterly. and other tax-related jobs. Making labor contracts and being in charge of enterprise social insurance. Timekeeping, salary calculation and accounting of deductions according to salaries of employees. Calculate and declare VAT. Monitor, expedite debt recovery, allocate depreciation of fixed assets, CCDC, record arising transactions into accounting software Make contracts, and liquidate at contract end. Make monthly revenue reports (business revenue reports and internal accounting reports) Estimate expenses. Perform a number of tasks as assigned by Chief Accountant, Director. --------------------------------------------------- ------------------------- Recording revenue into the system Checking and handing over funds after working time Making payments and debts customers, make sales invoices Arrange, store accounting documents Make votes, take notes, account for vouchers, books, arrange, manage and store documents Implement internal control processes. Prepare reports each period according to regulations Follow up detailed debts according to customer schedules Urging sales staff to collect money, Check and follow up customers Reconcile debts periodically with customers. Solve debt problems with customers when requested by customers. Perform a number of tasks as assigned by Chief Accountant At the end of the day, make daily sales reports, revenue summary reports. --------------------------------------------------- --------------------------------------------- Banking transaction Management Manage and monitor the enterprise's cash fund and the establishment's revenues and expenditures Timely and accurately update the arising amounts to the accounting software. Timekeeping, salary calculation and accounting of deductions according to salary of Accountants at Viet Vitality Travel Trading Co., Ltd. Sales Accountant at Gentis Genetic Analysis Services Joint Stock Company : ACCOUNTANT 3 staff Monitor, expedite debt recovery, allocate depreciation of fixed assets, CCDC, record arising operations into accounting software Monthly salary payment and salary accounting software Misa. Make monthly revenue reports (business revenue reports and internal accounting reports) Estimate expenses. Perform some tasks as assigned by KTT Reconcile debts periodically with customers. Solve debt problems with customers when requested by customers. Accountant at Nevv10-Vietnam Co., Ltd",
  "educations": [
    {
      "id": 5384,
      "gpa": null,
      "major": "Accountant",
      "school": "Hanoi Tourism College",
      "diploma": "Other",
      "end_time": "2016-08-01T00:00:00Z",
      "conf_score": 0.8491052071194641,
      "start_time": "2015-08-01T00:00:00Z",
      "picklist_major": "Accounting",
      "major categories": "Business and management",
      "major_categories_detail": "Finance Bank Insurance"
    }
  ],
  "experiences": [
    {
      "id": 18005,
      "detail": "--------------------------------------------------- --------------------------------------------- 12/16/2018 - August 31, 2019 Bank transactionsManage and monitor corporate cash funds and other revenues",
      "company": "Nevv10 Co., Ltd",
      "end_time": "2019-08-31T00:00:00Z",
      "industry": "Other",
      "position": "Accountant",
      "conf_score": 0.9007840153071769,
      "start_time": "2018-12-16T00:00:00Z"
    },
    {
      "id": 18006,
      "detail": "Recording revenue into the system Checking and handing over the funds after working time Making revenue and expenses, customer debts, making sales invoices Arrange and store accounting documents Making votes, recording, accounting vouchers, books book, arrange, manage and store documents Implement internal control processes. Prepare reports each period according to regulations Track detailed debts according to customer schedules. Solve debt problems with customers when requested by customers Perform some tasks as assigned by Chief Accountant At the end of the day, make daily sales reports, revenue summary reports.K",
      "company": "Genetic Analysis Services Joint Stock Company - Gentis",
      "end_time": "2018-12-31T00:00:00Z",
      "industry": "Other",
      "position": "Sales Accounting",
      "conf_score": 0.9380559850414887,
      "start_time": "2018-04-05T00:00:00Z"
    },
    {
      "id": 18007,
      "detail": "Manage and monitor enterprise cash fund Timely and accurately update arising amounts on accounting software. Make deposit and transfer transactions with banks Make VAT invoices, declare monthly and quarterly .and other tax-related jobs.Make labor contracts and be in charge of corporate social insurance. Timekeeping, salary calculation and accounting of deductions according to salaries of employees. Calculate and declare VAT. Monitor, expedite debt recovery, allocate depreciation of fixed assets, CCDC, record arising transactions into accounting software, make contracts, and liquidate at the end of contracts. Make monthly revenue reports (reporting business revenue and internal accounting report) Estimating expenses.Performing a number of tasks as assigned by Chief Accountant, Director. --------------------------------------------------- ------------------------- Accountant at Viet Vitality Travel Trading Co., Ltd",
      "company": "Viet Vitality Travel Trading Co., Ltd",
      "end_time": "2016-12-31T00:00:00Z",
      "industry": "Other",
      "position": "Accountant",
      "conf_score": 0.892504248099113,
      "start_time": "2016-10-25T00:00:00Z"
    }
  ],
  "address": "House number 3, alley 337/67/2 Dich Vong_Cau Giay _ Hanoi"
}