{
  "skills": [
    "supply chain",
    "team management",
    "analysis",
    "oracle",
    "human resources",
    "microsoft",
    "distribution system",
    "marketing",
    "sales",
    "payment",
    "corporate culture",
    "implementation",
    "futures",
    "recruitment",
    "switch",
    "inventory management",
    "debt management",
    "analyzing data",
    "management",
    "raw"
  ],
  "fulltext": "VU NGUYEN MINH HOANGHeight: 174cmWeight: 69kgDOB: 04/03/1991SUMMARY Born and raised in a family of intellectuals in Ho Chi Minh City, I always strive to improve myself and develop my career in the field of business finance supply chain marketing associated with development and growth of the company. Desire to be challenged through various positions to gain realworld experience and increase my capacity to gain a solid foundation to grow to higher positions. AWARD First Prize of Future Leaders Competition in 2017: \"Going to Harvard Learning for Success\" (organized by Hoa Sen Group Leaders Club) Reward: Two-week study tour at Harvard University, United Nations, West Point Military Training Center, USA. Certificate: Hoa Sen Global Leadership Program by Boston Global Forum. JOB HISTORY HOA SEN GROUP 04/2018 NOW AREA SALES MANAGER Responsible for business & human resource management and internal affairs of Hoa Sen distribution system retail branches in the provinces of Ca Mau, Kien Giang, Hau Giang with 170 employees. Business Management: Responsible for trading: steel sheet, steel pipe, plastic pipe through distribution channels: retail customers, commercial customers, distributors, construction business. Manage customer list (more than 400 customers), track sales volumes, expenses, gross profit, monthly, quarterly, and annual discounts. Regulate prices and business policies of each province. Inventory management, ordering for manufacture, dealing with inactive inventories. Debt management, monitoring and support for overdue debt collection and Distribution of payment guarantee certificates Coordinating means of transportation, supply of goods, production planning, processing, rotating machinery and equipment. Take care of distributors, business support for distributor's subordinates. Plan marketing campaigns to boost retail sales. Human Resource Management: Recruitment, training, screening and appointment of personnel. Organize monthly meetings to review the results of the previous month and implement the plan and direction for the following month. Manage operating costs, propose solutions to reduce costs, improve the efficiency of operations of the branch. Organize exchanges, meetings, teambuilding, travel, visiting, giving gifts to employees. Achievements: SKILLS Soft skills Human Resource Management Work under pressure Training, team management Inspiring people Computers Microsoft Office Adobe Photoshop Adobe Lightroom Adobe Premiere Oracle ERP Languages ​​IELTS 7.0 TOEIC 895 Japanese N4 INTEREST Travel (29 provinces in VN & 5 countries) Reading dectective story (Dan Brown) Updating domestic and world news Cafe with friends 2 | Page Ca Mau province reached 107% of sales target, Kien Giang 98%, Hau Giang 101% in 2017 2018 fiscal year 10/2016 03/2018 SALES SUPERVISOR OF STEEL SHEET & STEEL PIPE PRODUCT Responsible for steel sheet and steel pipes business of Hoa Sen Southern Distribution System (107 retail branches from Binh Thuan - Ca Mau province) Demand forecasting, order planning, order placement, inventory management, rotation and supply of goods to retail branches Review and propose business policies to increase coverage for new markets, maximize profits with traditional markets. Survey the competitor's capacity and business policy, report on market size Planning to supply, marketing new product launch: hot dip galvanized steel pipes Coordinate the customer conference, lead customers to visit the factory Monitor output - revenue - gross profit of each province Settle complaints from customers Report on final year conference Achievements: Southern steel industry reached 96% of the sales target in 2016 2017 fiscal year 01/2016 09/2016 ASSISTANT TO MANAGING DEPUTY GENERAL DIRECTOR Responsible for monitoring, supporting, analyzing data of business situation, personnel, internal affairs, import and export raw materials, progress of project implementation. Monitor the progress of construction and installation of Hoa Sen Dong Hoi - Nghe An factory. Report on analysis of the export of coated steel sheet in the market. Report on the performance of new retail branches. Prepare monthly Board of Management meeting report data. Hold Future Leaders Contest 2016. Plan activities of Hoa Sen Group Leaders Club. Attend and record the minutes of the meeting of the Deputy General Director directly with the departments in the company. Practical work at factories, retail branches. Translate English - Vietnamese contracts, email, text. 03/2015 12/2015 MANAGEMENT TRAINEE Switch to different positions to learn, study corporate culture: Sales executive at Chau Doc retail branch: 3 months Supply chain executive in Gia Lai Kontum province: 4 months Sales admin at Hoa Sen Southern Executive Office: 3 months EDUCATION 2013 2014 La Trobe University Australia Master of International Business GPA: 8.03 October 2009 2013 Foreign Trade University HCMC, Vietnam Bachelor of International Business GPA: 8.16 October 2006 2009 High School For The Gifted National University HCMC Graduation with distinction",
  "educations": [
    {
      "id": 5400,
      "gpa": "8.16",
      "major": "International bussiness",
      "school": "Foreign Trade University",
      "diploma": "Bachelors",
      "end_time": "2013-01-01T00:00:00Z",
      "conf_score": 0.7851615749618549,
      "start_time": "2009-01-01T00:00:00Z",
      "picklist_major": "Economical",
      "major categories": "Business and management",
      "major_categories_detail": "Business"
    },
    {
      "id": 5401,
      "gpa": null,
      "major": null,
      "school": "High School For The Gifted - National University HCMC",
      "diploma": "Bachelors",
      "end_time": "2009-01-01T00:00:00Z",
      "conf_score": 0.7050867654707917,
      "start_time": "2006-01-01T00:00:00Z",
      "picklist_major": "Other",
      "major categories": "",
      "major_categories_detail": ""
    },
    {
      "id": 5399,
      "gpa": "8.03",
      "major": "International bussiness",
      "school": "La Trobe University -",
      "diploma": "Masters",
      "end_time": "2014-01-01T00:00:00Z",
      "conf_score": 0.7625990117186952,
      "start_time": "2013-01-01T00:00:00Z",
      "picklist_major": "Economical",
      "major categories": "Business and management",
      "major_categories_detail": "Business"
    }
  ],
  "experiences": [
    {
      "id": 18057,
      "detail": "Responsible for business & human resource management and internal affairs of Hoa Sen distribution system - retail branches in the provinces of Ca Mau, Kien Giang, Hau Giang with 170 employees.Business Management: Responsible for trading: steel sheet, steel pipe, plastic pipe through distribution channels: retail customers, commercial customers, distributors, construction business.Manage customer list (more than 400 customers), track sales volumes, expenses, gross profit, monthly, quarterly, and annual discounts.Regulate prices and business policies of each province. Inventory management, ordering for manufacture, dealing with inactive inventories.Debt management, monitoring and support for overdue debt collection and Distribution of payment guarantee certificatesCoordinating means of transportation, supply of goods, production planning, processing, rotating machinery and equipment.Take care of distributors , business support for distributor's subordinates.Plan marketing campaigns to boost retail sales.Human Resource Management: Recruitment, training, screening and appointment of personnel.Organize monthly meetings to review the results of the previous month and implement the plan and direction for the following month .Manage operating costs, propose solutions to reduce costs, improve the efficiency of operations of the branch.Organize exchanges, meetings, teambuilding, travel, visiting, giving gifts to employees.Achievements: 2 | Page Ca Mau province reached 107% of sales target, Kien Giang 98%, Hau Giang 101% in 2017 - 2018 fiscal year",
      "company": "HOA SEN GROUP",
      "end_time": "2023-04-13T00:00:00Z",
      "industry": "Other",
      "position": "AREA SALES MANAGER",
      "conf_score": 0.9089868123963978,
      "start_time": "2018-04-01T00:00:00Z"
    },
    {
      "id": 18058,
      "detail": "Southern Distribution System (107 retail branches from Binh Thuan - Ca Mau province)Demand forecasting, order planning, order placement, inventory management, rotation and supply of goods to retail branchesReview and propose business policies to increase coverage for new markets, maximize profits with traditional markets.Survey the competitor's capacity and business policy, report on market sizePlanning to supply, marketing new product launch: hot dip galvanized steel pipesCoordinate the customer conference, lead customers to visit the factoryMonitor output - revenue - gross profit of each provinceSettle complaints from customersReport on final year conferenceAchievements: Southern steel industry reached 96% of the sales target in 2016 - 2017 fiscal year",
      "company": "STEEL SHEET & STEEL PIPE PRODUCT",
      "end_time": "2018-03-31T00:00:00Z",
      "industry": "Other",
      "position": "SALES SUPERVISOR",
      "conf_score": 0.8512123534519862,
      "start_time": "2016-10-01T00:00:00Z"
    },
    {
      "id": 18059,
      "detail": "Responsible for monitoring, supporting, analyzing data of business situation, personnel, internal affairs, import and export raw materials, progress of project implementation.Monitor the progress of construction and installation of Hoa Sen Dong Hoi - Nghe An factory.Report on analysis of the export of coated steel sheet in the market.Report on the performance of new retail branches.Prepare monthly Board of Management meeting report data.Hold Future Leaders Contest 2016. Plan activities of Hoa Sen Group Leaders Club. Attend and record the minutes of the meeting of the Deputy General Director directly with the departments in the company.Practical work at factories, retail branches.Translate English - Vietnamese contracts, email, text.",
      "company": "STEEL SHEET & STEEL PIPE PRODUCT",
      "end_time": "2016-09-30T00:00:00Z",
      "industry": "Other",
      "position": "ASSISTANT TO MANAGING DEPUTY GENERAL DIRECTOR",
      "conf_score": 0.6981244904084882,
      "start_time": "2016-01-01T00:00:00Z"
    },
    {
      "id": 18060,
      "detail": "Switch to different positions to learn, study corporate culture:",
      "company": "Chau Doc retail branch",
      "end_time": "2015-12-31T00:00:00Z",
      "industry": "Other",
      "position": "MANAGEMENT TRAINEE",
      "conf_score": 0.7518480474708401,
      "start_time": "2015-03-01T00:00:00Z"
    }
  ],
  "address": null
}