{
  "skills": [
    "memcached",
    "apache httpd",
    "networking",
    "streaming",
    "c++",
    "testing",
    "infrastructure services",
    "vmware esxi",
    "cloud system",
    "Internet",
    "virtualizations",
    "linux",
    "virtualization",
    "ftp",
    "network service",
    "windows server",
    "honeynet",
    "zimbra",
    "apache",
    "database",
    "ibm",
    "protocol",
    "cisco",
    "physic",
    "dns",
    "failover",
    "load balancing",
    "disaster recovery",
    "dhcp",
    "file server",
    "cloud cdn",
    "WIFI",
    "nginx",
    "vod",
    "cache",
    "object oriented",
    "cloud",
    "reverse proxy",
    "rtmp",
    "SRM",
    "cdn",
    "router",
    "php",
    "hp",
    "unix",
    "medium",
    "load balancer",
    "proxy"
  ],
  "fulltext": "1 CURRICULUM VITAE PERSONAL INFORMATION Full name : TRAN Anh Dung Date of birth : 04th October, 1991 Place of birth : Thai Binh City Material status : Single Mobile phone Email Address : (+84)379 979 357 : anhdung410@gmail.com : HBong Ward, Chu Se District, Gia Lai Province EDUCATION 2009 -2014 2012 Bachelor, University of Natural Science - VNUHCMC, Department of Physics and Computer Science. Certificate in Object Oriented Programming with C++ EXPERIENCES RECORD Aug 2017 - Present Working at DongA Bank - Manage over 400 servers both physical and virtual servers, include : * Linux : - Participate in installing, configuring, maintaining, operating and troubleshooting infrastructure service such as : DNS, DHCP, LDAP, Apache HTTPD as reverse proxy, Internet Proxy, Zimbra Mail, IM chat OpenFire, NFS, Samba, FTP, RedHat Satellite. * Windows: - Manage Active Directory server, CA server, IIS server, WSUS server, File Server. * VMware : - Deploy VMware ESXi on most physical servers and manage them by vCenter server - Participate in project to build a disaster recovery datacenter using VMware SRM solution. - Provide OS platform and server resources for requirements of database team and developing team on Testing/UAT, Staging and Product enviroment. - Monitor and troubleshoot system errors by using VMware Operation Manager; resolve problems on VMware system. * Others: - Manage backup & restore system using EMC Networker solution, EMC Data Domain, HP LTO6 Tape Library, IBM LTO4 Tape Library. - Competent in working with mainframe server and blade server of HP, Dell or Cisco manufacturers. - Maintain and monitor APCs UPS, Cooling, FM200 system in datacenter. Feb 2017 Aug 2017 Working at FORIX LLC - Deploying networking system for company: Switch, Router, Load Balancing, WiFi, - Managing server, mail system and network services (basic). - Technical support to each team at company (Level 1). Oct 2013 Dec 2016 Working at HONEYNET Company and R&D at VNU-HCM - Researching and developing in CDN, Cloud system 2 - Managing VMWARE, CDN, UNIX system Built the farm servers for Yeu The Thao company - Deployed a virtualization system (includes: websites , databases, apache/nginx, varnish-cache, memcached, ) - Optimized for this system that adapt over 10,000 CCU - Built the backup/restore system Optimization website system at Sun Flower Media company - Build a web system for 5,000 connections concurrent - Deployed the RTMP protocol to streaming a video (Replace HTTP standard protocol) - Optimized database with Master-Slave replication model Internship at Network Department - Viet Nam National Jun 2012 Sep 2013 University HCMC (VNU-HCM) - R&D at VNU-HCM (Unix, Network, Services and Open Source) SKILLS Good English in speaking and writing Good team work abilities Experienced in VMware virtualization, Unix OS, Windows Server and Streaming (VoD, Live), Load balancer, FailOver, Open source, Troubleshooting. Ability to program with C#, C++, PHP, Shell scripts (bash, sh, csh) HOBBIES Music Sports Travel 3 Powered by TCPDF (www.tcpdf.org)",
  "educations": [
    {
      "id": 5404,
      "gpa": null,
      "major": "Computer science",
      "school": "University of Natural Science - VNUHCMC",
      "diploma": "Bachelors",
      "end_time": "2014-01-01T00:00:00Z",
      "conf_score": 0.7625990117186952,
      "start_time": "2012-01-01T00:00:00Z",
      "picklist_major": "IT - Hardware/Networking",
      "major categories": "Computer and information technology",
      "major_categories_detail": "Computer"
    }
  ],
  "experiences": [
    {
      "id": 18072,
      "detail": "- Manage over 400 servers both physical and virtual servers, include : * Linux : - Participate in installing, configuring, maintain, operating and troubleshooting infrastructure service such as : DNS, DHCP, LDAP, Apache HTTPD as reverse proxy, Internet Proxy, Zimbra Mail , IM chat OpenFire, NFS, Samba, FTP, RedHat Satellite. * Windows: - Manage Active Directory server, CA server, IIS server, WSUS server, File Server. * VMware : - Deploy VMware ESXi on most physical servers and manage them by vCenter server- Participate in project to build a disaster recovery datacenter using VMware SRM solution.- Provide OS platform and server resources for requirements of database team and developing team on Testing/ UAT, Staging and Product enviroment.- Monitor and troubleshoot system errors by using VMware Operation Manager; resolve problems on VMware system.* Others: - Manage backup & restore system using EMC Networker solution, EMC Data Domain, HP LTO6 Tape Library, IBM LTO4 Tape Library. - Competent in working with mainframe server and blade server of HP, Dell or Cisco manufacturers.- Maintain and monitor APCs UPS, Cooling, FM200 system in datacenter.",
      "company": "DongA Bank",
      "end_time": "2023-04-13T00:00:00Z",
      "industry": "Banking",
      "position": null,
      "conf_score": 0.8086621310791741,
      "start_time": "2017-08-01T00:00:00Z"
    },
    {
      "id": 18076,
      "detail": "- Deploying networking system for company: Switch, Router, Load Balancing, WiFi, ... - Managing server, mail system and network services (basic).- Technical support to each team at company (Level 1).",
      "company": "FORIX LLC",
      "end_time": "2017-08-31T00:00:00Z",
      "industry": "Other",
      "position": null,
      "conf_score": 0.8086621310791741,
      "start_time": "2017-02-01T00:00:00Z"
    },
    {
      "id": 18079,
      "detail": "and R&D at VNU-HCM - Research and development in CDN, Cloud system",
      "company": "HONEYNET Company",
      "end_time": "2016-12-31T00:00:00Z",
      "industry": "Other",
      "position": null,
      "conf_score": 0.8086621310791741,
      "start_time": "2013-10-01T00:00:00Z"
    },
    {
      "id": 18081,
      "detail": "HCMC (VNU-HCM) - R&D at VNU-HCM (Unix, Network, Services and Open Source)",
      "company": "Yeu The Thao company",
      "end_time": "2013-09-30T00:00:00Z",
      "industry": "Other",
      "position": "Internship at Network Department",
      "conf_score": 0.9150718542033498,
      "start_time": "2012-06-01T00:00:00Z"
    }
  ],
  "address": "Hbong Ward, Chu Se District, Gia Lai Province"
}