{
  "skills": [
    "revenue analysis",
    "le",
    "critical thinking",
    "budgeting",
    "recruiting",
    "multitasking",
    "service management",
    "human resources",
    "analysis",
    "project management",
    "microsoft",
    "management",
    "marketing",
    "sales"
  ],
  "fulltext": "NGUYEN TUAN ANHBranch Manager | Hospitality & Amusement IndustryI want to succeed in an environment of stimulating, growing and challenging to meet personal and organizational goals.To work in an enviroment where I could constantly learn and gain expertise to develop competency and enhance my skills.INFO EXPERIENCEApr, 2016 - PresentEmployed by DREAM GAMES VIETNAM Co., ltdJan, 2019 - Present- Branch ManagerMay, 2017 - Dec, 2018- Senior ChiefApr, 2016 - Apr, 2017- ChiefNov, 2015 - Apr, 2017Employed by NAM VIET TRADE & TOURISM . JSC- Sales ExecutiveReason to ResignDream Games Vietnam Co., ltd is more challenging & promising job.Jun, 2015 - Apr, 2016Employed by LE FOYER HOTEL- Sales Executive- Head ReceptionistReason to ResignLook for more professional working environment and salary.Mar, 2013 - Jun, 2015Employed by AIRPORT EXCLUSIVE CLUB- Online Marketing Executive- Advertising DesignerReason to ResignLook for more challenging job and better working environment.Aug, 2011 - Jun, 2015Employed by DONG SON DRUM RESTAURANTJun, 2014 - Jun, 2015- Restaurant Supervisor- Online Marketing Executive - Advertising DesignerReason to ResignLook for more challenging job and better working environment.Dec, 2009 - Jun, 2014Employed by CIVILIZE CLUB- Human Resources Assistant- Online Marketing Executive- Advertising DesignerDec, 2009 - Aug, 2011- Bar SupervisorReason to ResignLook for better working environment and salary.Apr, 2008 - Jun, 2009Employed by SOFITEL PLAZA HANOI- Waiter / Food RunnerReason to ResignLook for more challenging job and higher salary.Oct, 2007 - Feb, 2008Employed by HIGHWAY 4 RESTAURANT- WaiterReason to ResignBroken arm from an accident, took months to recovery.Look for better working environment and salary.EDUCATIONFull Name | Nguyen Tuan Anh Gender | MaleDate of Birth | March, 29th 1986 Place of Birth | Hanoi Nationality | Vietnamese Marital Status | Single Language | Vietnamese & English Cell | Email | SKILLSRevenue analysis & budgetingHospitality & service managementRestaurant managementProject managementTime managementLeadership & Team building management(recruiting, training, communicating)Multitasking & multiple projects managementSupervisionNegotiationCritical thinkingMicrosoft OfficeAdobe Photoshop, Illutrator, Corel DrawPERSONALITYHaving good presentationOut-going, funny and friendly personalityBeing responsible and straightforward devoted in workAdmirable resourcefulness and adaptableINTEREST & HOBBIESTrekking, Traveling, Culture, ArtSwimming, Football, RunningGames, Music, Movies, Novels2014 - 2014HANOI VOCATIONAL SCHOOL OF TECHNOLOGY- Tour Guiding2007 - 2011HANOI OPEN UNIVERSITY- Faculty of English and modern languages2005 - 2006HANOI VOCATION INDUS Graphic Design",
  "educations": [
    {
      "id": 5408,
      "gpa": null,
      "major": "Graphic design",
      "school": "HANOI INDUSTRIAL VOCATIONAL COLLEGE",
      "diploma": "Colleges",
      "end_time": "2006-01-01T00:00:00Z",
      "conf_score": 0.902768374209996,
      "start_time": "2005-01-01T00:00:00Z",
      "picklist_major": "Art/Design",
      "major categories": "Art",
      "major_categories_detail": "Applied Arts"
    },
    {
      "id": 5407,
      "gpa": null,
      "major": "Electronic and telecommunications engineering technology",
      "school": "HANOI OPEN UNIVERSITY",
      "diploma": "Bachelors",
      "end_time": "2011-01-01T00:00:00Z",
      "conf_score": 0.9035822033213871,
      "start_time": "2007-01-01T00:00:00Z",
      "picklist_major": "Technical",
      "major categories": "Technology",
      "major_categories_detail": "Electrical, electronic and telecommunications engineering technology"
    },
    {
      "id": 5406,
      "gpa": null,
      "major": "Tour Guide",
      "school": "HANOI VOCATIONAL SCHOOL OF TECHNOLOGY",
      "diploma": "Bachelors",
      "end_time": "2014-01-01T00:00:00Z",
      "conf_score": 0.9120881284138798,
      "start_time": "2014-01-01T00:00:00Z",
      "picklist_major": "Other",
      "major categories": "",
      "major_categories_detail": ""
    }
  ],
  "experiences": [
    {
      "id": 18074,
      "detail": "",
      "company": "DREAM GAMES VIETNAM Co., ltd",
      "end_time": "2023-04-13T00:00:00Z",
      "industry": "High Technology",
      "position": "Branch Manager",
      "conf_score": 0.9332694993164482,
      "start_time": "2016-04-01T00:00:00Z"
    },
    {
      "id": 18077,
      "detail": "",
      "company": "DREAM GAMES VIETNAM Co., ltd",
      "end_time": "2019-01-31T00:00:00Z",
      "industry": "High Technology",
      "position": "Chief",
      "conf_score": 0.8068873668007818,
      "start_time": "2018-12-01T00:00:00Z"
    },
    {
      "id": 18080,
      "detail": "",
      "company": "DREAM GAMES VIETNAM Co., ltd",
      "end_time": "2017-04-30T00:00:00Z",
      "industry": "High Technology",
      "position": "Senior Chief",
      "conf_score": 0.8691334501224186,
      "start_time": "2016-04-01T00:00:00Z"
    },
    {
      "id": 18082,
      "detail": "Reason to Resign Dream Games Vietnam Co., ltd is more challenging & promising job.",
      "company": "NAM VIET TRADE & TOURISM . JSC",
      "end_time": "2017-04-30T00:00:00Z",
      "industry": "Other",
      "position": "Sales Executive",
      "conf_score": 0.9174648511369632,
      "start_time": "2015-11-01T00:00:00Z"
    },
    {
      "id": 18083,
      "detail": "Reason to Resign Look for more professional working environment and salary.",
      "company": "LE FOYER HOTEL",
      "end_time": "2016-04-30T00:00:00Z",
      "industry": "Other",
      "position": "Sales Executive - Head Receptionist",
      "conf_score": 0.9462445267242702,
      "start_time": "2015-06-01T00:00:00Z"
    },
    {
      "id": 18084,
      "detail": "Reason to Resign Look for more challenging job and better working environment.",
      "company": "DONG SON DRUM RESTAURANT",
      "end_time": "2015-06-30T00:00:00Z",
      "industry": "Other",
      "position": "Restaurant Supervisor - Online Marketing Executive - Advertising Design",
      "conf_score": 0.9404253900297244,
      "start_time": "2014-06-01T00:00:00Z"
    },
    {
      "id": 18085,
      "detail": "Reason to Resign Look for more challenging job and better working environment.",
      "company": "AIRPORT EXCLUSIVE CLUB",
      "end_time": "2015-06-30T00:00:00Z",
      "industry": "Other",
      "position": "Online Marketing Executive - Advertising Design",
      "conf_score": 0.9423521207971671,
      "start_time": "2013-03-01T00:00:00Z"
    },
    {
      "id": 18086,
      "detail": "",
      "company": "CIVILIZE CLUB",
      "end_time": "2014-06-30T00:00:00Z",
      "industry": "Other",
      "position": "Human Resources Assistant - Online Marketing Executive - Advertising Design",
      "conf_score": 0.9404253900297244,
      "start_time": "2009-12-01T00:00:00Z"
    },
    {
      "id": 18087,
      "detail": "Reason to Redesign Look for better working environment and salary.",
      "company": "CIVILIZE CLUB",
      "end_time": "2011-08-31T00:00:00Z",
      "industry": "Other",
      "position": "Bar Supervisor",
      "conf_score": 0.8068873668007818,
      "start_time": "2009-12-01T00:00:00Z"
    },
    {
      "id": 18088,
      "detail": "Reason to Resign Look for more challenging job and higher salary.",
      "company": "SOFITEL PLAZA HANOI",
      "end_time": "2009-06-30T00:00:00Z",
      "industry": "Other",
      "position": "Waiter / Food Runner",
      "conf_score": 0.9462445267242702,
      "start_time": "2008-04-01T00:00:00Z"
    },
    {
      "id": 18089,
      "detail": "Reason to Resign Broken arm from an accident, took months to recovery.Look for better working environment and salary.EDUCATION",
      "company": "HIGHWAY 4 RESTAURANT",
      "end_time": "2008-02-29T00:00:00Z",
      "industry": "Other",
      "position": "Waiter",
      "conf_score": 0.9174648511369632,
      "start_time": "2007-10-01T00:00:00Z"
    }
  ],
  "address": "Hanoi"
}