{
  "skills": [
    "angular",
    "css3",
    "ant design",
    "babe",
    "javascript",
    "c#",
    "es6",
    "database management",
    "sales",
    "management",
    "redux",
    "banking",
    "ant",
    "unit test",
    "object oriented",
    "entity framework",
    "git",
    "finance",
    "svn",
    "html5",
    "typescript",
    "redux saga",
    "database management system",
    "asp",
    "desktop",
    "verbal communication",
    "website development",
    "design patterns",
    "sql",
    "oop",
    "alarm system",
    "mvc",
    "jest",
    "reactjs",
    "desktop application",
    "twitter",
    "database",
    "angular 2",
    "process development",
    "clarify",
    "oracle",
    "teamwork",
    "arm solution",
    "gulp",
    "wcf",
    "problem solving",
    "bootstrap",
    "sql server",
    "agile",
    "mysql",
    "jquery"
  ],
  "fulltext": "Do Dinh Anh Web Developer Gender: Male Phone: +84 987,196,695 Email: Dinhanhdo95@gmail.com SUMMARY I'm Do Dinh Anh, a web developer with 2 years of experience in JavaScript and .NET technologies, with good knowledge of Object -Oriented and Design Patterns. Learning new languages ​​and technologies is what Im really keen on. Im considered a team-player because I prefer to discuss innovative ideas with others and tend to work well within the group. TECHNICAL SKILLS Programming Languages: - JavaScript, C#.NET - HTML5, CSS3 Frameworks/ Platforms: - ReactJS, Angular - Webpack, Gulp, Babel - ES6, Typescript - jQuery, Sass, Twitter Bootstrap - ASP.NET MVC, Web API - Entity Framework Database Management Systems: - MS SQL Server, MySQL Version Control: - Git, SVN Foreign Languages: English: - Good reading/writing - Basic verbal communication Soft Skills: - Time management - Problem solving - Teamwork Others: - Good understanding of OOP methodologies - Experience with Agile and Scrum development process Working Experiences Web Developer / NTQ Solution Project: Serimu Jvideos 03/2019 10/2019 - Project Description: An enhanced experience video system. It attracts creators and makers to join the system so that they can improve, contribute to it and then viewers can enjoy and wind down whenever they want. - Team Size: 22 - Responsibilities: Communicate with customers and teammates to clarify requirements Develop key modules of the system that saved around 20% of the development time of other functionalities - Technologies: ReactJS, Redux, Webpack, Sass, Ant Design Project: Pronexus -Works 12/2018 03/2019 - Project Description: Develop a local desktop application, its one of a system lies in a huge ecosystem of the organization that is taking up 60% of finance in the Japanese market and manages tons of documents and links related to that field. - Team Size: 7 - Responsibilities: Analyze specifications and recommend the best solutions to the customer Design screens and build up features based on requirements - Technologies: WPF, WCF, Telerik UI, Oracle Database Project: M-Solutions ARMS 08/2018 12/ 2018 - Project Description: Dealing with the client side of a firing alarm system so that the customer can completely be in control of problems accurately. - Team Size: 6 - Responsibilities: Communicate with customers and teammates to report daily works Build up features and implement unit tests based on requirements - Technologies: ReactJS, Redux, Saga, ImmutableJS, Reselect, Jest Project: M-Solutions Sale System 05/ 2018 08/2018 - Project Description: Develop a sales and customer management system. Which has highly complicated kind of banking business - Team Size: 18 - Responsibilities: Build screens according to specifications Interact data across sophisticatedly existing services Write test cases and execute them - Technologies: Dynamics 365, jQuery, JavaScript, CSS3, HTML5 Junior Developer / PowerGate Software Project: OneIT Mobile 11/2017 04/2018 - Project Description: Develop a mobile management system. To better assist customers that can quickly give options and select suitable mobile phones conveniently. - Team Size: 3 - Responsibilities: Communicate with customers to get clear requirements Compose APIs and evolve modules of the system - Technologies: Angular 2, HTML5, CSS3, ASP.NET Web API, Entity Framework, MS SQL Server Project: OneIT CoventryCRM 06 /2017 11/2017 - Project Description: A meeting management application supports people to book their customer's appointments with anyone whenever they want, from wherever you are. - Team Size: 6 - Responsibilities: Communicate with customers and teammates to get clear requirements Develop the frameworks and modules of the system - Technologies: Angular 2, HTML5, CSS3, Bootstrap 3 Education and Qualification 2014 2018 - Certification: Engineering - Learning in: Posts and Telecommunications Institute of Technology, Vietnam - Specialized in: Information Technology 2018 2019 - Certification: Agile Developers - Learning in: Agile Academy, Vietnam - Specialized in: Information Technology",
  "educations": [
    {
      "id": 5398,
      "gpa": null,
      "major": "Information technology",
      "school": "Posts and Telecommunications Institute of Technology",
      "diploma": "Other",
      "end_time": "2018-01-01T00:00:00Z",
      "conf_score": 0.9201489608858643,
      "start_time": "2014-01-01T00:00:00Z",
      "picklist_major": "IT - Hardware/Networking",
      "major categories": "Computer and information technology",
      "major_categories_detail": "Information technology"
    }
  ],
  "experiences": [
    {
      "id": 18052,
      "detail": "- Project Description: An enhanced experience video system. It attracts creators and makers to join the system so that they can improve, contribute to it and then viewers can enjoy and wind down whenever they want.- Team Size: 22 Responsibilities: Communicate with customers and teammates to clarify requirementsDevelop key modules of the system that saved around 20% of the development time of other functionalitiesTechnologies: ReactJS, Redux, Webpack, Sass, Ant Design",
      "company": "NTQ Solution",
      "end_time": "2019-10-31T00:00:00Z",
      "industry": "High Technology",
      "position": "Web Developer",
      "conf_score": 0.9175172730272324,
      "start_time": "2019-03-01T00:00:00Z"
    },
    {
      "id": 18053,
      "detail": "Project: M-Solutions ARMS 08/2018 - 12/2018 - Project Description: Dealing with the client side of a firing alarm system so that the customer can completely be in control of problems accurately.- Team Size: 6 - Responsibilities: Communicate with customers and teammates to report daily worksBuild up features and implement unit tests based on requirements- Technologies: ReactJS, Redux, Saga, ImmutableJS, Reselect, Jest",
      "company": "M - Solutions ARMS",
      "end_time": "2018-12-31T00:00:00Z",
      "industry": "High Technology",
      "position": null,
      "conf_score": 0.6925429707670153,
      "start_time": "2018-08-01T00:00:00Z"
    },
    {
      "id": 18054,
      "detail": "",
      "company": "PowerGate Software",
      "end_time": "2018-08-31T00:00:00Z",
      "industry": "High Technology",
      "position": "Junior Developer",
      "conf_score": 0.8445619462773374,
      "start_time": "2018-05-01T00:00:00Z"
    },
    {
      "id": 18055,
      "detail": "",
      "company": "OneIT Mobile",
      "end_time": "2018-04-30T00:00:00Z",
      "industry": "High Technology",
      "position": null,
      "conf_score": 0.7357023794500924,
      "start_time": "2017-11-01T00:00:00Z"
    },
    {
      "id": 18056,
      "detail": "- Project Description: A meeting management application supports people to book their customer's appointments with anyone whenever they want, from wherever you are.- Team Size: 6 - Responsibilities: Communicate with customers and teammates to get clear requirements Develop the frameworks and modules of the system - Technologies: Angular 2, HTML5, CSS3, Bootstrap 3",
      "company": "OneIT CoventryCRM",
      "end_time": "2017-11-30T00:00:00Z",
      "industry": "High Technology",
      "position": null,
      "conf_score": 0.6925429707670153,
      "start_time": "2017-06-01T00:00:00Z"
    }
  ],
  "address": null
}