{
  "skills": [
    "search",
    "ethereum",
    "typescript",
    "analysis",
    "can",
    "firebase",
    "native navigation",
    "es6",
    "io",
    "redux",
    "navigation",
    "javascript",
    "payment",
    "blockchain",
    "excel",
    "redux saga",
    "react native",
    "google maps",
    "inroad",
    "software development",
    "redux thunk"
  ],
  "fulltext": "Vu Van Hien React-Native Programmer Date of Birth: Gender: Male Phone: Email: Address: Website: CAREER GOALS Constantly learning and developing myself in both professional and soft skills, foreign language and culture, want to become a mobile and web backed developer. The immediate goal is to become a good React-Native and iOS developer. EDUCATION 09/2014 - 05/2018 Hanoi University of Industry Major: Computer Science Graduated with Honors, GPA 2.98 WORK EXPERIENCE December 2018 - To date Vinsofts Joint Stock Company React programmer -native - Mastering Js (ES6) - App Development - App Development Travelnow - App Development iClean 04/2018 - 12/2018 Vinsofts Joint Stock Company Blockchain programmer - Understanding and developing technology blockchain on ethereum platform, - Writing smart contract for application - Drug management application on blockchain and nodejs technology platform - Joining blockchain hackthon in Ho Chi Minh City Dien May Project (2018 - 2019) Customer Electronics Center Project description - The application creates a link between the electronics center and the customer, making online payments through VN pay payment gateway, placing orders and shopping carts directly on the App Number of members 3 Job positions Set up react native Travelnow (2018 - 2019) Customer Viettravel Travel Company Project Description - The application creates a link between the travel agency and the customer who wants to find a tourist destination. App introduces domestic and international tours, App integrates multi-language (Thai, Vietnamese, Chinese, English), multi-currency (all currencies), VN Pay payment gateway integration, customers can chat directly and exchange with admin, has wallet manager.... Number of members 2 (Main Code) Job Position React native programmer Role in the project - System analysis and design - Module development - Project configuration - Code optimization - Troubleshooting Technology used - React native (TypeScript) - Firebase, FacebookKit, Google map, Google places..... - Redux, redux thunks, redux saga, websocket, animation (basic) - Restfull Api iClean (2018 - 2019) Customer iClean Laundry Shop Project description - The application is an intermediary for laundry shops that can find customers, and vice versa Customers can also find the laundromat they want based on criteria such as rating, location, search, userhistory... App integrated multi-language, multi-currency, direct payment via VN pay, customers Every store and store has a wallet for points and money, live chat with the store, shopping cart function, draft menu.... Number of members 2 (Main Code) Job position React native programmer Role in Project - System analysis and design - Module development - Project configuration - Code optimization - Troubleshooting Technology used - React native ( TypeScript ) - Firebase, FacebookKit, Google map, Google places.... - Redux, redux thunks, redux saga, websocket, animation (basic) - Restfull Api Role in the project - System analysis and design - Module development - Code optimization - Bug fixing Technology used - React native ( Javascript ) - Firebase,, FacebookKit - Redux, redux thunks, redux saga, react-native-navigation..... - Restfull Api ACTIVITIES Year 1 - 4 Volunteer Group Bao Loc Pagoda, Ha Nam Volunteers - Gather the gifts and distribute to the elderly. - Participating in distributing free porridge to patients at the hospital - Participating in retreats and volunteering - Participating in searching and burying fetal remains at antenatal clinics TOPCV office IT skills - Proficient use tools Word, Excel, Power Point English - Ability to read documents English Chinese - Ability to listen, speak, read, write Chinese at a good level Hobbies Reading - Reading swordplay stories, books about technology . Football - Join the company's weekly soccer activities Play games - Enjoy playing games with friends and colleagues (League of Legends) topcv.vn",
  "educations": [
    {
      "id": 5421,
      "gpa": "2.98",
      "major": "Computer science",
      "school": "Hanoi University of Industry",
      "diploma": "Bachelors",
      "end_time": "2018-05-01T00:00:00Z",
      "conf_score": 0.9047872701227911,
      "start_time": "2014-09-01T00:00:00Z",
      "picklist_major": "IT - Hardware/Networking",
      "major categories": "Computer and information technology",
      "major_categories_detail": "Computer"
    }
  ],
  "experiences": [
    {
      "id": 18124,
      "detail": "Mastering Js (ES6) - Mobile App Development - Travelnow App Development - iClean App Development",
      "company": "Vinsofts Joint Stock Company",
      "end_time": "2023-04-13T00:00:00Z",
      "industry": "Other",
      "position": "React - native developer",
      "conf_score": 0.8990265991771236,
      "start_time": "2018-12-01T00:00:00Z"
    },
    {
      "id": 18126,
      "detail": "- Understanding and developing blockchain technology on ethereum platform,- Writing smart contract for application- Drug management application based on blockchain technology and nodejs- Joining blockchain hackthon in HCMC",
      "company": "Vinsofts Joint Stock Company",
      "end_time": "2018-12-31T00:00:00Z",
      "industry": "Other",
      "position": "Blockchain programmer",
      "conf_score": 0.9522775204635103,
      "start_time": "2018-04-01T00:00:00Z"
    }
  ],
  "address": null
}