{
  "skills": [
    "digital marketing",
    "css",
    "search",
    "marketing",
    "content marketing",
    "html5",
    "analysis",
    "search engine optimization",
    "user interface",
    "implementation",
    "reporting and analysis",
    "testing",
    "microsoft",
    "search engine",
    "excel",
    "html"
  ],
  "fulltext": "AN NGUYEN OBJECTIVE Provide SEO skill support in a company as SEO specialist WORK EXPERIENCE 09/2018 present Car Classifieds Company Limited Carmudi.vn SEO leader Responsibilities: Optimize campaigns to improve their efficiency through ad copy testing, keyword refinement and landing page optimization. Build new landing pages, templates and websites Creation of site layout/user interface from provided design concepts by using standard HTML/CSS practices. Understand and know to how to design the landing pages (template, form) Manage project tasks, timelines, and communication. Report of Head of Marketing Assign SEO tasks for team members 10/2017 09/2018 On Target LTD SEO Leader Responsibilities: Developing, monitoring the performance of digital marketing activities and executing online advertising and promotion programs. Tracking competitor activities by continually update all changes in the market and the marketing mix used by competitors. Running links system (blogs, webs) Providing creative ideas for content marketing and update website Conducting statistical analysis and reporting based on campaign results 07/2014 09/2017 Global Online Branding JSC SEO Specialist Responsibilities: Initiated search engine optimization within each account in order to increase clients page rank on all major search engines. Perform ongoing keyword discovery, expansion and optimization. Analysis and assessment of the market through keywords. Planning and implementation increase keywords ranking for website. Monitoring, reporting and reporting results ranking SEO CONTACT DOB: 18/02/1990 Address: 853 CMT8 Street, Ward 7, Tan Binh District, HCMC Phone: 090 8753 529 Email: an2ndnguyen@gmail.com LANGUAGES English: Advanced keywords. Analysis and building backlinks for websites. Managing and updating information for websites. Project: Baovethanhnien.com, kienvanghcm.com, fuso.com.vn, simso.vip, gobranding.com.vn, giahangvn.com, dienmaysaigon.com, hoatay.com.vn, laptopnano.com, daehan.vn, maixepsaigon. vn EDUCATION 2008 - 2012 Huflit University Barchalor of Economics, Major: International Business ADDITIONAL SKILLS Microsoft office: word, excel, power point HTML5",
  "educations": [
    {
      "id": 5414,
      "gpa": null,
      "major": "International bussiness",
      "school": "Huflit University",
      "diploma": "Bachelors",
      "end_time": "2012-01-01T00:00:00Z",
      "conf_score": 0.7851615749618549,
      "start_time": "2008-01-01T00:00:00Z",
      "picklist_major": "Economical",
      "major categories": "Business and management",
      "major_categories_detail": "Business"
    }
  ],
  "experiences": [
    {
      "id": 18107,
      "detail": "Responsibilities: Optimize campaigns to their efficiency through ad copy testing, keyword refinement and landing page optimization.Build new landing pages, templates and websitesCreation of improve site layout/user interface from provided design concepts by using standard HTML/CSS practices.Understand and know to how design the landing pages (template, form...)Manage project tasks, timelines, and communication.Report of Head of Marketing Assign SEO tasks for team members",
      "company": "Car Classifieds Company Limited - Carmudi.vn",
      "end_time": "2023-04-13T00:00:00Z",
      "industry": "Other",
      "position": "SEO leader",
      "conf_score": 0.9256580526889115,
      "start_time": "2018-09-01T00:00:00Z"
    },
    {
      "id": 18108,
      "detail": "Responsibilities: Developing, monitoring the performance of digital marketing activities and executing online advertising and promotion programs.Tracking competitor activities by continually update all changes in the market and the marketing mix used by competitors.Running links system (blogs, webs)Providing creative ideas for content marketing and update websiteConducting statistical analysis and reporting based on campaign results",
      "company": "On Target LTD",
      "end_time": "2018-09-30T00:00:00Z",
      "industry": "Other",
      "position": "SEO Leader",
      "conf_score": 0.9174648511369632,
      "start_time": "2017-10-01T00:00:00Z"
    },
    {
      "id": 18109,
      "detail": ": Initiated search engine optimization within each account in order to increase clients page rank on all major search engines.Perform ongoing keyword discovery responsibilities, expansion and optimization.Analysis and assessment of the market through keywords.Planning and implementation increase keywords ranking for website.Monitoring , reporting and reporting results ranking SEO keywords.Analysis and building backlinks for websites.Managing and updating information for websites.Project : Baovethanhnien.com, kienvanghcm.com, fuso.com.vn, simso.vip, gobranding.com.vn, giahangvn .com, dienmaysaigon.com, hoatay.com.vn, laptopnano.com, daehan.vn, maixepsaigon.vn...",
      "company": "Global Online Branding JSC",
      "end_time": "2017-09-30T00:00:00Z",
      "industry": "Other",
      "position": "SEO Specialist",
      "conf_score": 0.9256580526889115,
      "start_time": "2014-07-01T00:00:00Z"
    }
  ],
  "address": "853 Cmt8 Street, Ward 7, Tan Binh District, Ho Chi Minh City"
}