{
  "skills": [
    "recruitment",
    "gms",
    "recruiting",
    "sales",
    "roof"
  ],
  "fulltext": "Phan Thi Mai HuongKApr 2019PresentHYBRID TECHNOLOGIES - JAPANESE IT COMPANY (SIZE 500-1000)HR - Recruitment ExecutiveSkills achieved: -Recruiting (80% IT senior level (>3yrs), 20% non IT)-Headhunting-OrientationAchievements:-Highest position: PM , BrSE,-Highest salary: $1500 (Senior Dev), $1700 (PM), $3000 (BrSE)-CVs storage: >700Apr 2017Apr 2019L'ALLÉE - VIETNAMESE DESIGN FASHION BRAND (SIZE 5-10)Store ManagerAchievements and skills achieved: - Store Managing, Hiring and Training Staffs, Planning.-Best Sale: Gained VND 514,978,000 (Target VND 350,000,000) within 1month with size team 4 person.Apr 2015Apr 2017JW MARRIOTT - 5-STAR HOTEL (SIZE 500-1000)Club Coordinator - SaleswomanAchievements and skills achieved: -Top 4 Saleswoman-GMS Group: Certified Club 300 - Successfully achieved 300 customerswithin 2 years.WORK EXPERIENCE09/11/2018 11/11/2018BRITISH FASHION SHOW - FASHION IS GREAT - INSPIRE ME FESTIVALEvent Organizer - Brand L'ALLÉERecognition and Gains: Link BTS:https://www.facebook.com/lallee.design/photos/pcb.1989097331175745/1989089507843194/?type=3&theate01/11/2016 06/11/2016VIETNAM INTERNATIONAL FASHION WEEK 2016Logistic Assistant - Designer Joe Chia (Malaysia)Recognition and Gains: 1st time being Assistant, get well recognition by team. ACTIVITIES2012 2016DIPLOMATIC ACADEMY OF VIETNAMJOR: English FacultyEDUCATIONOBJECTIVEConnecting people to relevant workopportunities.Creating a working environmentbased on honesty, happiness andrespect. SKILLSEnglishManagingLogical thinkingMS OfficeInformation (Searching, Scanning,Skimming, Summarizing)INTERESTSReadingFashionYoga (>2 years)Housecleaning",
  "educations": [
    {
      "id": 5413,
      "gpa": null,
      "major": "English",
      "school": "DIPLOMATIC ACADEMY OF VIETNAM",
      "diploma": "Bachelors",
      "end_time": "2016-01-01T00:00:00Z",
      "conf_score": 0.8980003236142714,
      "start_time": "2012-01-01T00:00:00Z",
      "picklist_major": "Other",
      "major categories": "",
      "major_categories_detail": ""
    }
  ],
  "experiences": [
    {
      "id": 18104,
      "detail": "kills achieved:-Recruiting (80% IT senior level (>3yrs), 20% non IT) -Headhunting -Orientation Achievements: -Highest position: PM, BrSE, -Highest salary: $1500 (Senior Dev), $1700 (PM), $3000 (BrSE) -CVs storage: >700",
      "company": "HYBRID TECHNOLOGIES - JAPANESE IT COMPANY",
      "end_time": "2023-04-13T00:00:00Z",
      "industry": "High Technology",
      "position": "HR - Recruitment Executive",
      "conf_score": 0.9541164265270321,
      "start_time": "2019-04-01T00:00:00Z"
    },
    {
      "id": 18105,
      "detail": "achievements and skills achieved:-Store Managing, Hiring and Training Staffs, Planning. -Best Sale: Gained VND 514,978,000 (Target VND 350,000,000) within 1 month with size team 4 people.",
      "company": "L'ALLÉE - VIETNAMESE DESIGN FASHION BRAND",
      "end_time": "2019-04-30T00:00:00Z",
      "industry": "Other",
      "position": "Store Manager",
      "conf_score": 0.9628541854177117,
      "start_time": "2017-04-01T00:00:00Z"
    },
    {
      "id": 18106,
      "detail": "ievements and skills gained:-Top 4 Saleswoman -GMS Group: Certified Club 300 - Successfully achieved 300 customers within 2 years.",
      "company": "JW MARRIOTT",
      "end_time": "2017-04-30T00:00:00Z",
      "industry": "Other",
      "position": "Club Coordinator - Saleswoman",
      "conf_score": 0.9628541854177117,
      "start_time": "2015-04-01T00:00:00Z"
    }
  ],
  "address": null
}