{
  "skills": [
    "css3",
    "marketing",
    "ant design",
    "responsive",
    "javascript",
    "rxjs",
    "graphql",
    "es6",
    "mongodb",
    "management",
    "redux",
    "ant",
    "frontend development",
    "jquery",
    "material design",
    "html5",
    "structure",
    "typescript",
    "visualization",
    "react native",
    "ajax",
    "redux saga",
    "education technology",
    "learning management system",
    "data structure",
    "online learning",
    "website development",
    "algorithm",
    "css",
    "lifecycle",
    "restful",
    "oop",
    "jira",
    "software development",
    "data visualization",
    "mvc",
    "react hook",
    "reactjs",
    "laravel",
    "lms",
    "php",
    "mysql",
    "html"
  ],
  "fulltext": "Edited with the trial version of Foxit Advanced PDF EditorTo remove this notice, visit:www.foxitsoftware.com/shoppingDUNG VIET NGUYENFRONTEND DEVELOPEROBJECTIVESBecome a CTO, FullStack Developer PHP and JavascriptMaster Javascript and PHP in the next 2-3 yearsProficient in ReactJS, React Native, NodeJSDesired Skills: Working with Javascript and PHP, both frontend and backend EDUCATIONHANOI UNIVERSITY OF SCIENCE AND TECHNOLOGYMajor: Software EngineerDec 05, 1991 MaleWORK EXPERIENCESETA INTERNATIONAL VIETNAMARCH 2019 - PRESENTWeb DeveloperMain responsibilities:- Participating in product development which uses a purpose-built Redact app AI engines to automatically follow faces, speech and other user-taggedobjects throughout a video and blur them.- Responsibility for building web app based on ReactJS, redux, redux-saga, redux-observable and rxjs. Application also use Typescript and call API via GraphQLProduct link: https://www.veritone.com/applications/redact- Experienced in working with foreign customers, using slack for communication and Jirafor task trackingSMART EDUCATION TECHNOLOGY, JSCMARCH 2018 - MARCH2019Web DeveloperMain responsibilities: - Participated in product development: Providing solutions and building an online learningmanagement system (LMS).CUNG TEN VIET, JSCJUNE 2016 - MARCH2018Web Developer- Developed website http://tinmoi24.vn- Developed content management system (CMS) tool for \"News\" 24h\" app - Developed data visualization reporting tool for app \"24h News\" and MuvikSKILLSJavascript/ReactJs/ReduxSASS/HTML/CSSPHPLaravel FrameworkSEO Marketing OnlineINTERESTSSoccer, chess, marathon, boxingTravel, trekkingGames: PES, DotA, AOE...Reading, Listening to music...KEY SKILLS2 YEARSJAVASCRIPT/ REACT / REDUX / ES6 / WEBPACK / RECHARTS/ STYLED COMPONENTS- In-dept knowledge of Javascript- More than 2 - year experience in web app development by ReactJS- Sound understanding in the lifecycle and best practices when designing Reactcomponents with React Hook, Redux, Redux Saga, Redux Observable- Experience in ES6, AJAX, JQuery and familiarity with relevant libraries such as LoDash,Axios, Recharts ...- Experience with RESTful API, GraphQL, Regex, Cross Domain.. .- Customizing theme with Material design, ANT designPHP2 YEARSEdited with the trial version of Foxit Advanced PDF EditorTo remove this notice, visit:www.foxitsoftware.com/shopping- More than 2 - years experience with web app development using PHP- Familiarity with Laravel Framework- Good understanding of OOP and MVC model- Strong understanding of Data Structure and Algorithms, MySql, MongoDBSASS/HTML/CSS3 YEARS- Extensive experience with SASS, Bootstrap3, Flex, CSS3, HTML5, convert PSD to CSS- Designing web app responsive on mobile devicesSEO MARKETING ONLINE2 YEARS- Experience in working with SEO and Marketing Online, designing website for SEOGENERAL SKILLS- Intermediate English skills- Capable organizer and quick learner to adapt new technology- Attention to details and work in time-pressured environment- Ready to work overtime if necessary.- Actively participate in activities, sports. REFERENCES topcv.vn",
  "educations": [
    {
      "id": 5416,
      "gpa": null,
      "major": "Software Engineer",
      "school": "HANOI UNIVERSITY OF SCIENCE AND TECHNOLOGY",
      "diploma": "Bachelors",
      "end_time": null,
      "conf_score": 0.773087465715418,
      "start_time": null,
      "picklist_major": "Other",
      "major categories": "",
      "major_categories_detail": ""
    }
  ],
  "experiences": [
    {
      "id": 18112,
      "detail": "Main responsibilities:- Participating in product development Veritone Redact app, a purpose-built solution which uses AI engines to automatically follow faces, speech and other user-tagged objects throughout a video and blur them.- Responsibility for building web app based on ReactJS, redux, redux-saga, redux-observable and rxjs. Application also use Typescript and call API via GraphQL Product link: https://www.veritone.com/applications/redact- Experienced in working with foreign customers, using slack for communication and Jira for task tracking",
      "company": "SETA INTERNATIONAL VIETNAM",
      "end_time": "2023-04-13T00:00:00Z",
      "industry": "Other",
      "position": "Web Developer",
      "conf_score": 0.9512303155325736,
      "start_time": "2019-03-01T00:00:00Z"
    },
    {
      "id": 18113,
      "detail": "Main responsibilities:- Participated in product development: Providing solutions and building an online learning management system (LMS).",
      "company": "SMART EDUCATION TECHNOLOGY, JSC",
      "end_time": "2019-03-31T00:00:00Z",
      "industry": "Education",
      "position": "Web Developer",
      "conf_score": 0.9512303155325736,
      "start_time": "2018-03-01T00:00:00Z"
    },
    {
      "id": 18114,
      "detail": "- Developed website http://tinmoi24.vn- Developed content management system (CMS) tool for \"24h News\" app- Developed data visualization reporting tool for app \"24h News\" and Muvik",
      "company": "CUNG TEN VIET, JSC",
      "end_time": "2018-03-31T00:00:00Z",
      "industry": "Other",
      "position": "Web Developer",
      "conf_score": 0.9522414576104914,
      "start_time": "2016-06-01T00:00:00Z"
    }
  ],
  "address": null
}