{
  "skills": [
    "workflow",
    "automation",
    "responsive",
    "ams",
    "implementation",
    "c#",
    "azure service bus",
    "object oriented",
    "entity framework",
    "hard working",
    "linq",
    "analysis",
    "mobile application",
    "data modeling",
    "microservices",
    "maintenance",
    "service bus",
    "insurance",
    "asp",
    "design patterns",
    "relational database",
    "sql",
    "integration testing",
    "oop",
    "jira",
    "unit testing",
    "testing",
    "mvc",
    "microsoft",
    "dynamodb",
    "performance optimization",
    "database",
    "process development",
    "jenkins",
    "problem solving skills",
    "azure service",
    "teamwork",
    "azure",
    "azure function",
    "problem solving",
    "bootstrap",
    "agile",
    "jquery"
  ],
  "fulltext": "Le Van Hoang Senior Software engineer October 20, 1992 Summary I am a software engineer with 5 years of experience in .NET technologies, with knowledge of Object-Oriented programming. I am a hard-working, responsive and enthusiastic person. I am well-organized and work well under pressure. I really enjoy working with teamwork and I can also work on my own very effectively. Eager to learn new technologies is what I am passionate about. Skills I have 5 years of experiences in C#, .NET, building window applications, web applications with ASP.NET MVC, include front end framework like jquery, knockout js. Experiences of logical and physical data modeling and relational database technologies ( i.e SQL stored procedures, Entity Framework, LINQ). Experiences in database performance optimization. Experiences working with Amazon web services(DynamoDB, S3, EC2,...), Azure(WebJobs, Azure Functions, ...). Experiences with Agile and Scrum development process. Good analysis, logical thinking, problem-solving skills. Hard-working, well-organized and high sense of responsibility. High learning spirit, and eager to learn the new technologies. Experiences JobLogic - Senior .NET Software engineer Feb 2019 - PRESENT Develop new features, and maintain web applications. Responsibility for deploying LIVE every Monday. Deploy and monitor the system to catch up on the issues. Working with Azure technologies, research the new technologies applied to project, like using Azure functions instead of WebJobs. Monitor the junior engineer, review the code for other members. Technologies: ASP.NET MVC, ASP.NET Web API, .NET Core, Microservices. Azure WebJob, Azure Functions, Azure service bus, Entity Framework, SQL, Stored procedures. Ninject, Unit testing, Integration testing. TFS, CICD, Jira Poeta Digital - Senior Software engineer April 2017 - Feb 2019 Develop, upgrade, deploy, and maintain the education web application. Coordinate the design and implementation of various applications, including collaboration with project managers, client representative, and development team. Monitor the system to catch up on the issues and fixed the problems. Increase the system performance by detecting the slow, bad SQL queries, stored procedures, and optimized those. Collaborate with team to define and improve the teams workflow. Decrease 40% time to deploy by using Jenkins for automation building and deploying project. Monitor the junior engineer, review code for other team members and share my knowledge with the team. Technologies: ASP.NET MVC, ASP.NET Web API, Window services, Windows applications. Amazon web services, S3, DynamoDB, EC2 SQL Server, Stored procedures, Entity framework. Aswig Solutions - Software engineer August 2015 - April 2017 Has 3 months working with Microsoft Biztalk server. Develop and maintain the web application to manage the claim insurance. Get familiar to follow the Agile and Scrum development process. Technologies: ASP.NET MVC, ASP.NET Web API. OOP, SOLID principle, design pattern. Entity Framework, SQL Server. ABCV - Junior engineer July 2014 - August 2015 Maintenance the ASP.NET Web Form application, detect and correct errors, improve performance Work on a team to build the internal web application from the ground up to release, using ASP.NET MVC, Entity framework , Bootstrap, and Jquery. Research and build the backend server system using ASP.NET Web API 2, integrated with a mobile application. Education Ho Chi Minh University of Science 2010 2014 Major: Information Technology / Engineering.",
  "educations": [
    {
      "id": 5425,
      "gpa": null,
      "major": "Information technology",
      "school": "Ho Chi Minh University of Science",
      "diploma": "Bachelors",
      "end_time": "2014-01-01T00:00:00Z",
      "conf_score": 0.8275107295019075,
      "start_time": "2010-01-01T00:00:00Z",
      "picklist_major": "IT - Hardware/Networking",
      "major categories": "Computer and information technology",
      "major_categories_detail": "Information technology"
    }
  ],
  "experiences": [
    {
      "id": 18137,
      "detail": "Develop new features, and maintain web applications.Responsibility for deploy LIVE every Monday. Deploy and monitor the system to catch up on the issues.Working with Azure technologies, research the new technologies applied to project, like using Azure functions instead of WebJobs. Monitor the junior engineer, review the code for other members.Technologies: ASP.NET MVC, ASP.NET Web API, .NET Core, Microservices. Azure WebJob, Azure Functions, Azure service bus, ... Entity Framework, SQL, Stored procedures. Ninject, Unit testing, Integration testing. TFS, CICD, Jira",
      "company": "JobLogic",
      "end_time": "2023-04-13T00:00:00Z",
      "industry": "Other",
      "position": "Senior .NET Software engineer",
      "conf_score": 0.9242175468478587,
      "start_time": "2019-02-01T00:00:00Z"
    },
    {
      "id": 18138,
      "detail": "Develop, upgrade, deploy, and maintain the education web application.Coordinate the design and implementation of various applications, including collaboration with project managers, client representative, and development team.Monitor the system to catch up on the issues and fixed the problems.Increase the system performance by detecting the slow, bad SQL queries, stored procedures, and optimized those.Collaborate with team to define and improve the teams workflow.Decrease 40% time to deploy by using Jenkins for automation building and deploying project.Monitor the junior engineer , review code for other team members and share my knowledge with the team.Technologies: ASP.NET MVC, ASP.NET Web API, Window services,Windows applications. Amazon web services, S3, DynamoDB, EC2 SQL Server, Stored procedures, Entity framework.",
      "company": "Poeta Digital",
      "end_time": "2019-02-28T00:00:00Z",
      "industry": "High Technology",
      "position": "Senior Software engineer",
      "conf_score": 0.9257372771525854,
      "start_time": "2017-04-01T00:00:00Z"
    },
    {
      "id": 18139,
      "detail": "Has 3 months working with Microsoft Biztalk server.Develop and maintain the web application to manage the claim insurance.Get familiar to follow the Agile and Scrum development process.Technologies: ASP.NET MVC, ASP.NET Web API. OOP, SOLID principle, design pattern. Entity Framework, SQL Server.",
      "company": "Aswig Solutions",
      "end_time": "2017-04-30T00:00:00Z",
      "industry": "High Technology",
      "position": "Software engineer",
      "conf_score": 0.9240662279911389,
      "start_time": "2015-08-01T00:00:00Z"
    },
    {
      "id": 18140,
      "detail": "Maintenance the ASP.NET Web Form application, detect and correct errors, improve performanceWork on a team to build the internal web application from the ground up to release, using ASP.NET MVC, Entity framework,Bootstrap, and Jquery. Research and build the backend server system using ASP.NET Web API 2, integrated with a mobile application.",
      "company": "ABCV",
      "end_time": "2015-08-31T00:00:00Z",
      "industry": "Other",
      "position": "Junior engineer",
      "conf_score": 0.9257372771525854,
      "start_time": "2014-07-01T00:00:00Z"
    }
  ],
  "address": null
}