{
  "skills": [
    "sourcetree",
    "css",
    "java",
    "c++",
    "json",
    "github",
    "jira",
    "structure",
    "html",
    "reactjs",
    "css3",
    "mysql",
    "wordpress",
    "redux",
    "io",
    "jquery",
    "task management",
    "sql",
    "le",
    "c#",
    "magento",
    "html5",
    "responsive",
    "javascript",
    "pop",
    "website development",
    "sc",
    "object oriented",
    "bootstrap",
    "jwt",
    "frontend development",
    "php",
    "teamwork",
    "gulp",
    "android",
    "mongodb",
    "management",
    "gitlab",
    "asp"
  ],
  "fulltext": "03/02/1994bao.future94@gmail.com67/11/3 100 Binh Thoi Street, Ward 14, District 11, HCMC0792339607 https://www.linkedin.com/in/phunggiabaoPhung Gia BaoBWEB DEVELOPERP bao.future94@gmail.com https ://facebook.com/bao.future94 https://github.com/baophung020394/ https://www.linkedin.com/in/phunggiabao/ABOUT ME\"Front End Web Developer Experience more than 2 year slicingHTML/CSS from PSD, xd, zeplin Can work with github, Reactjs-Redux, Nodejs, PHP, SQL The target is fullstack web developer\"WORK EXPERIENCESFRONT-END DEVELOPER| 8/2017-presentSmartOscWorked with: - HTML5/CSS3. - SCSS.- Javascript, Jquery.- Bootstrap 4. - Work with Scrum process. - Sourcetree for commit, pull, push code. - Jira for management tasks. - Gitlab. - Gulp.- Teamwork. - Sharing.- Photoshop CS6EDUCATIONHUFLIT| 10/2012-09/2016Huflit University- I study C, C++, C#, Java, Android, ASP.NET, MySQL, SQLSERVER.PROJECTS|June 17, 2019-presentProject Mystays Hotel( Japan ) - Technology used: Scss, Nodejs , Webpack, Sitecore. - Site: https://dev.villagehouse.jp/ - Description: Support project slice pages for requirement of customer. + Slice page Login: https://dev.villagehouse.jp/aplus (click text \"Aplus\" to open pop up login form). + Slice page Thank you: https://dev.villagehouse.jp/aplus/success + Slice page Error: https://dev.villagehouse.jp/aplus/error + Slice page PR:https://dev.villagehouse. jp/en/public-release/- Team size: 1 Backend, 1 Front end.SKILLSHTML5 & CSS3Javascript & JQuerySCSSGithubObject-Oriented ProgrammingReactjs & ReduxVietCV.io-1 of 3NodejsBootstrapPHPWordpressMongodb, MySQLTeamworkEnglish|06/2019-07/2019Project FreelancerSancoba (Vietnam ) Technology used: Drupal, Bootstrap 3, Scss.- Site: http://cyano.stg.clientservicevn.com/- Description: project about medicine nutritious for eyes.- Team size: 1 Leader Back End, 1 Front End .|01 /01/2019-20/05/2019Project Urbanfox (Singapore )- Description: Product website for e-commerce - Team size: 1 Front End, 2 Back End, 1 QC, 1 PM, 1 Lead. - Site: https://www.urbanfox.store/ - My position: Front-end Developer Magento 2. - My responsibilities: + Fix issues about front end.- Technology used: Magento 2, Less, Gruntjs.|11/2018 -presentSocial Network- Description: This is project development by me. - Team size: 1 Person.- My position: Fullstack.- Site: https://afternoon-chamber-12966.herokuapp.com - Building with backend API with Node.js & Express. - Protecting routes/endpoints with JWT (JSON Web Tokens)- Technologies used: Node.js, Express, React, Redux and MongoDB along with ES6+.|11/2018-presentASUS E-Commerce- Description: Website for e-commerce- Team size: 3 Front End.- Site: http://asus.hn.smartosc.com/- My position: Front-end Developer.- My responsibilities: support responsive CSS style. Slicing page for requirement.- Technology used: Magento 2, Less.LANGUAGESEnglishRead, Communicate & WriteINTERESTSGym GuitarResearch web developmentVietCV.io-2 of 3|10/2018-presentPTI (Indo)- Description: Website for e-commerce.- Team size: 2 Front End, 1 PM, 1 BA, 4 BE, 2 QC.- Site: http://www.ptistore.com/ - My position: Front-end Developer.- My responsibilities: support responsive CSS style. Slicing page for requirement.- Technology used: Magento 2, Less.|05/2018-presentMinor Hotel- Description: Website for Introduce about hotel.- Team size: 2 Front End, 4 BE, 1 PM, 1 QC.- Site: https://careers.minorhotels.com/en/ - My position: Front-end Developer.- My responsibilities: + Support style CSS responsive. Slicing page for requirement. + Support backend sitecore: query items from structure admin sitecore. - Technology used: CMS Sitecore, .Net. |01/2018-02/2018Real Estate Sales- The first project slicing HTML/CSS + Bootstrap.- This project is not so good but okay about responsive. Its overing responsive on 4 sreens are 320px, 768px, 992px, 1200px too.- Team size: 1 Front End.|07/2018-presentProject Demo- Template About Me:- Site: https://baophung020394.github.io/modern_portfolio // Technology used: Scss, Javascript.- Team Size: 1 Front End.VietCV.io-3 of 3",
  "educations": [
    {
      "id": 5444,
      "gpa": null,
      "major": null,
      "school": "Huflit University",
      "diploma": "Bachelors",
      "end_time": "2016-09-01T00:00:00Z",
      "conf_score": 0.9275483332904028,
      "start_time": "2012-10-01T00:00:00Z",
      "picklist_major": "Other",
      "major categories": "",
      "major_categories_detail": ""
    }
  ],
  "experiences": [
    {
      "id": 18201,
      "detail": "ked with:- HTML5/CSS3. - SCSS. - Javascript, Jquery. - Bootstrap 4. - Work with Scrum process.- Sourcetree for commit, pull, push code.- Jira for management task.- Gitlab. - Gulp. - Teamwork. - Sharing. - Photoshop CS6",
      "company": "SmartOsc",
      "end_time": "2023-04-13T00:00:00Z",
      "industry": "High Technology",
      "position": "FRONT - END DEVELOPER",
      "conf_score": 0.7897513794629749,
      "start_time": "2017-08-01T00:00:00Z"
    }
  ],
  "address": "67/11/3 100 Binh Thoi Street, Ward 14, District 11, Ho Chi Minh City"
}