{
  "skills": [
    "angular",
    "payment",
    "marketing",
    "wordpress",
    "futures",
    "javascript",
    "graphql",
    "sales",
    "management",
    "redux",
    "security",
    "vuejs",
    "git",
    "hard working",
    "html5",
    "firebase",
    "html",
    "education technology",
    "WIFI",
    "online learning",
    "css",
    "restful",
    "jira",
    "reactjs",
    "angular 2",
    "erp system",
    "php",
    "agile",
    "mysql",
    "jquery"
  ],
  "fulltext": "Hi,I'mNghi.I'm25yearsold.Ihave4+yearsofskills,experiencein:BuildERPsystemsandWebappwithframeworkandlibrariesJavascript: Angular(2-7),Vuejs,Nodejs,Graphql,Firebase .BuildandOptimizeOTC,Exchangeswithlibraries:Javascript,ReactjHPwebsiteDesigning. MySql ,...andnetworkknowledgesuchas:domain,hosting,server.TheabilitytoconnectcloselywiththebackendAbletoworkathighintensityandalwaysworksmartly .HopeIcanimprovemyself,findandconquernewchallengesandbecomaleaderinthenearfuture.Summary Jul 2019 - presentDec 2017 - Jul 2019 Aug 2017 - Nov 2017 s: (Frontend - with team: Reactjs , Redux, Socket) -https://intercoinx.pro1. Build new feature for OTC, Exchange (Deposit, Withdraw, Transfer).2. Build mobile web.3. Refactor and optimize source code.4. Optimize security on web.FrontendEngineer atFarmiServiceTradingCo.,Ltd-GNTVNCo.,LtdBuild ERP realtime system: (Frontend - Solo: Angular 7, Nodejs, Graphql, Ngrx, Firebase) -https://farmi.vn1. Managing Employees.2. Managing Departments.3. Managing Designations (Supplier, Standard, Banner, ...)4. Customer management includes: customer information, order status tracking, wallet5. Order management (Customer orders and orders from suppliers) and inventory entryincluding change of goods between consignment warehouses and main warehouses, stockIn-Out.6. Dashboard monitors sales by day, week, month and reporting.7. Management displays product product blocks, category blocks, platforms, versions of mobileapplications8. Construction control panel automatically sends messages informing about promotionsFrontend Engineering Teamscal Trading Co., LtdWeb app: (Frontend - Solo:Vue2, Vuex) - http://dineable.com/Build interactive websites between restaurants and customers. Allows customers to find arestaurant that fits their diet.Website Designer & Developer + Freelancerat Wiso corp Trading Co., LtdProfessional Experience Gyms and CalisthenicsClimb the mountainActivities nFrontendEngineerThuDucdistrict,HCM|Build ERP system: (Frontend - Solo: Angular 2 - 4, Ngrx, Worpress, Yii2)1.ManagingEmployees.2.ManagingDepartments.3.ManagingDesignations(Supplier,Standard,Banner,...)4.BuildwifimarketingsystematHCMCUniversityofTechnologyandEducation.5.BuildthenewfeaturesoftheMoodleLMS:login,onlinepayment,customizethemeofforHCMCandUniversity . WebsiteDesigner+FreelancerMay2015-Jul2016atTrust.vnwebdesigncompany1.DesignandconvertPSD,AItoHTML/CSS.2.BuildwebsitewithWordpress(CustomanddesignthemesWordpress).2012 - Present2012 - 2015Learning online coursesat UdemyInformation Technology - Software Engineeringat Thu Duc college of technologyEducation JavaScript, HTML5/CSS,Jquery.Angjular2+, Vuejs,Nodejs .Graphql . Redux/NgRx-statemanagement .RESTfulAPIWebServices.GitflowJIRA ,,.Firebase. Wordpress.Skill Team WorkingWorking hard and smart, carefully, inquisitive.Know the organization of work arrangements and Progressive spiritFast and quality work progressCan work cooperate with many people.Agile, enthusiastic and sociable.Easily adapt to the new environment.Withstand work pressureSoft Skill",
  "educations": [
    {
      "id": 5434,
      "gpa": null,
      "major": "Information technology",
      "school": "Thu Duc college of technology",
      "diploma": "Colleges",
      "end_time": "2015-01-01T00:00:00Z",
      "conf_score": 0.9035822033213871,
      "start_time": "2012-01-01T00:00:00Z",
      "picklist_major": "IT - Hardware/Networking",
      "major categories": "Computer and information technology",
      "major_categories_detail": "Information technology"
    }
  ],
  "experiences": [
    {
      "id": 18165,
      "detail": "Technology Build and optimize OTC, Exchanges: (Frontend - with team: Reactjs, Redux, Socket) - https://intercoinx.pro1. Build new feature for OTC, Exchange (Deposit, Withdraw, Transfer). 2. Build mobile web.3. Refactor and optimize source code.4. Optimize security on the web.",
      "company": "INSPIRELAB",
      "end_time": "2023-04-13T00:00:00Z",
      "industry": "Other",
      "position": "Frontend Engineer",
      "conf_score": 0.8363157384650153,
      "start_time": "2019-07-01T00:00:00Z"
    },
    {
      "id": 18166,
      "detail": "Build ERP realtime system: (Frontend - Solo: Angular 7, Nodejs, Graphql, Ngrx, Firebase) - https://farmi.vn1. Managing Employees. 2. Managing Departments. 3. Managing Designations (Supplier, Standard, Banner, ...) 4. Customer management includes: customer information, order status tracking, wallet5. Order management (Customer orders and orders from suppliers) and inventory entry including change of goods between consignment warehouses and main warehouses, stockIn-Out. 6. Dashboard monitors sales by day, week, month and reporting.7. Management displays product product blocks, category blocks, platforms, versions of mobile applications8. Construction control panel automatically sends messages informing about promotions",
      "company": "FarmiServiceTradingCo.,Ltd - GNTVNCo.,L",
      "end_time": "2019-07-31T00:00:00Z",
      "industry": "Trade",
      "position": "Frontend Engineer",
      "conf_score": 0.9142206543796373,
      "start_time": "2017-12-01T00:00:00Z"
    },
    {
      "id": 18167,
      "detail": "Web app: (Frontend - Solo:Vue2, Vuex) - http://dineable.com/Build interactive websites between restaurants and customers. Allows customers to find a restaurant that fits their diet.",
      "company": "Teamscal Trading Co., Ltd",
      "end_time": "2017-11-30T00:00:00Z",
      "industry": "Trade",
      "position": "Frontend Engineer",
      "conf_score": 0.9175172730272324,
      "start_time": "2017-08-01T00:00:00Z"
    },
    {
      "id": 18168,
      "detail": "Build ERP system: (Frontend - Solo: Angular 2 - 4, Ngrx, Worpress, Yii2) 1. Managing Employees. 2. Managing Departments. 3. Managing Designations (Supplier, Standard, Banner, ...) 4. Build wifi marketing system atHCMC University ofTechnology andEducation. 5. Build the new features of theMoodle LMS: login, online payment, customize theme forHCMC University ofTechnology andEducation andWisogroup. 6. Building social network system7. Wordpress site.",
      "company": "Wiso corp Trading Co., Ltd",
      "end_time": "2017-08-31T00:00:00Z",
      "industry": "Trade",
      "position": "Website Designer & Developer + Freelancer",
      "conf_score": 0.9462813080854472,
      "start_time": "2016-07-01T00:00:00Z"
    },
    {
      "id": 18169,
      "detail": "web design company1. Design and convertPSD, AI toHTML/CSS. 2. Build website withWordpress (Custom and design themesWordpress).",
      "company": "Trust.vn",
      "end_time": "2016-07-31T00:00:00Z",
      "industry": "Other",
      "position": "WebsiteDesigner+Freelancer",
      "conf_score": 0.8363157384650153,
      "start_time": "2015-05-01T00:00:00Z"
    }
  ],
  "address": null
}