{
  "skills": [
    "hard working",
    "java",
    "testing",
    "firebase",
    "reactjs",
    "configuration management",
    "android sdk",
    "io",
    "performance improvement",
    "javascript",
    "spring boot",
    "react native",
    "php",
    "backend development",
    "android",
    "angularjs",
    "retrofit",
    "spring",
    "quality assurance",
    "analyzing data",
    "management",
    "java language",
    "kotlin"
  ],
  "fulltext": "Objective & Opinion Objective - Make things more affordable. - Make things what's make you happy. - Hard working to improve my professional profile, especially software engineering. - Make things that make you happy. - Work hard to improve my professional profile, especially software SINH PHAN NHAN Experience 05/2017 07/2019: JAMJA CORP (jamja.vn) Mobile Developer 05/2017 07/2019: JAMJA CORP (jamja.vn) Mobile Developer - From 05 /2017 to 02/2018: Mobile developer on Android Native with JAVA language. + Add new feature to JAMJA App. + Improve performance and logics. + Add new feature to JAMJA App. + Improvement performance and logic. - From 02/2018 to 07/2019: Mobile developer on React Native. + Research react native and convert JAMJA Native app to React Native app. + Manage to add new feature. + Guaranteed the application working fine. + Manage to add new feature. + Guaranteed the application working fine. - Key skills and Competencies: Java, ObjectiveC, ReactJS, React Native,... 11/2014 05/2017: HOMEDIRECT (VNDirect) FullStack Developer - Development of Java interfaces & Configuration Management of the source code. 05/2017 07/2019: HOMEDIRECT (VNDirect) FullStack Developer - Working with users to establish requirements and determine - Development of Java interfaces & Configuration Management of the priorities. source code. - Developing new applications, components & functionality to existing - Working with users to establish requirements and determine priorities. systems. - Developing new applications, components & functionality to existing - Involved in accurately providing estimated development times. - Developing new functionalities: include back-end, front-end, api, systems. mobile app (Android and iOS). - Involved in accurately providing estimated development times. - Developing new functionalities, both back-end, front-end, api, - Analyzing data and conducting compatibility and quality assurance mobile app (Android and iOS). testing. - Analyzing data and conducting compatibility and quality assurance - Investigating alternate configurations & implementing better solutions. testing. - Designing, developing, testing & configuring for a custom pre-- Investigating alternate configurations & implementing better authenticated solutions. - Designing, developing, testing & configuring for a custom pre-scenario. Contact Address: Hanoi, Vietnam Phone: 0968 294 923 Email: pnsinh.hg92@gmail.com authenticated - Key skills and Competencies: Java, ObjectiveC, SpringMVC, Spring Boot, AngularJS,... scenario. - Key skills and Competencies: Java, ObjectiveC, SpringMVC, Spring Boot, AngularJS,... My Personal Projects - Developing with vertx for backend. - Development of Restfull Api with PHP using CodeIgniter framework. - Developing new Android applications for mobile. -Key skills and Competencies: + Language: Java, ObjectiveC, ReactJS, javascript, Kotlin,... + Knowledge of PHP Codeigniter framework. + Android development experience. + Libs and Frameworks: Android SDK, Android Native (NDK), Firebase, Retrofit, RealmDB, GreenDAO, Parse, React Native,... - Products: Free Classic Audiobooks, SPNReader: Free Ebook Reader, SPNEbook: Free Classic Ebook, GPS ,... Education 2010 2013 Ha Noi University of Mining and Geology Survey Technology Engineering 2007 - 2010 Ha Giang Aptitude High School Main Subject: Mathematics",
  "educations": [
    {
      "id": 5439,
      "gpa": null,
      "major": "Math",
      "school": "Ha Giang Aptitude High School",
      "diploma": "Other",
      "end_time": "2010-01-01T00:00:00Z",
      "conf_score": 0.9280473587181882,
      "start_time": "2007-01-01T00:00:00Z",
      "picklist_major": "Other",
      "major categories": "Math and statistics",
      "major_categories_detail": "Math"
    },
    {
      "id": 5438,
      "gpa": null,
      "major": "Construction engineering technology",
      "school": "Ha Noi University of Mining and Geology",
      "diploma": "Bachelors",
      "end_time": "2013-01-01T00:00:00Z",
      "conf_score": 0.9242047582276173,
      "start_time": "2010-01-01T00:00:00Z",
      "picklist_major": "Technical",
      "major categories": "Technology",
      "major_categories_detail": "Architectural and construction engineering technology"
    }
  ],
  "experiences": [
    {
      "id": 18181,
      "detail": "",
      "company": "JAMJA CORP (jamja.vn)",
      "end_time": "2019-07-31T00:00:00Z",
      "industry": "Other",
      "position": "Mobile Developer",
      "conf_score": 0.9404253900297244,
      "start_time": "2017-05-01T00:00:00Z"
    },
    {
      "id": 18182,
      "detail": "- Development of Java interfaces & Configuration Management of the source code.",
      "company": "HOMEDIRECT (VNDirect)",
      "end_time": "2017-05-31T00:00:00Z",
      "industry": "Other",
      "position": "FullStack Developer",
      "conf_score": 0.9404253900297244,
      "start_time": "2014-11-01T00:00:00Z"
    }
  ],
  "address": "Hanoi Vietnam"
}