{
  "skills": [
    "insurance",
    "provably secure",
    "consulting skills",
    "contracting",
    "drafting contracts",
    "commercial skills",
    "due diligence",
    "solidedge",
    "industrial relations",
    "negotiating contracts"
  ],
  "fulltext": "Doan Thao Nguyen PERSONAL INFORMATION: Year of birth : 1992 Foreign languages: English - Int ermediat e Address: Hoang Mai, Hanoi CAREER OBJECTIVES: - As a consultant for large corporations, business enterprises trade, especially in the field of real estate and commerce. SKILLS - Legal advice, English. STUDY: Bachelor of Economic Law - Faculty of Law - Hanoi National University - Graduated from the lawyer career training course at the Judicial Academy - Graduated from Faculty of Business Law - Shynnyo En (Japan) Version) in all academic years 2010-2014 - Faculty of all courses from the first year to the last year. - Organized events for Hien Mau Club in Hanoi - University of Foreign Languages ​​- Successfully organized events during the incumbent's tenure WORK EXPERIENCE 1/2017 to present: Senior specialist of Legal Department, Tap Doan Tan Hoang Minh - Consulting on investment collection, M&A contracts of the Group's projects - Drafting forms, contracts and documents for the Group's business. - Negotiate business - commercial contracts at the proposal of the Departments of the Group. - Responsible for handling disputes and complaints with customers and partners of the Group - Responsible for providing legal advice to relevant departments of the Group 6/2016 1/2017 Specialist Main Construction and Urban Development Company Limited 379 - Directly implement and monitor the implementation of legal procedures of construction investment projects. - Work closely with relevant departments in the company to complete the legal procedures of the projects in accordance with the law on construction investment; - Review, appraise and advise the Company's economic contracts - Participate in the resolution of business and labor disputes. - Actively participate in mass activities, cultural programs to connect members in the company organized by the company. - Carrying out legal work for enterprises, including: + Carrying out business registration procedures; + Drafting and issuing model contracts; 10/ 2014 5/2016: Head of Legal Department of Viet My Co., Ltd. - Consulting on general legal issues for Enterprises; - Directly carry out the procedures for applying for licenses of all kinds of sub-licenses serving the Company's business activities (License to advertise newspapers, internet, television for pharmaceutical products, cosmetics and dietary supplements). ; Certificate of establishments meeting food safety conditions), - Carrying out the collection of information on e-commerce websites; - Replacing business registration with the criteria of Fast Efficiency - Maximum cost savings for businesses. - Carry out external work with competent agencies related to business activities of enterprises: Ministry of Health, Ministry of Industry and Trade, Hanoi Department of Health, Hanoi Investment Plan, District police Hoang Mai, Insurance of Hoang Mai District... - Directly participate in the negotiation, drafting and control of the implementation process: Joint Venture Contract, Partnership Contract, Distribution Contract with partners. - Promulgate regulations, company rules, labor contract (sample). - Consulting and continuing to participate in resolving business disputes, labor disputes. - Actively participate in mass activities, cultural programs to connect members in the company organized by the company. 5/ 2013 8/2014: Thai Minh Law Firm- Legal consultant - Undertake legal services related to Real Estate, Enterprise, Intellectual Property, Labor, Marriage and Family; - Assistant to the office lawyer in studying records, analyzing, evaluating evidence, referencing legal regulations related to the case; - Participating in consulting procedures at courts at all levels in civil and commercial disputes - Consulting and drafting economic contracts, purchase and sale contracts, civil contracts... - Consulting and drafting a system of internal rules and regulations on corporate governance; Salary scale system, labor relations, labor contracts for Enterprises.",
  "educations": [
    {
      "id": 5440,
      "gpa": null,
      "major": "Economic law",
      "school": "Ha Noi national university",
      "diploma": "Bachelors",
      "end_time": null,
      "conf_score": 0.8673821186853424,
      "start_time": null,
      "picklist_major": "Legal",
      "major categories": "Law",
      "major_categories_detail": "The law"
    }
  ],
  "experiences": [
    {
      "id": 18183,
      "detail": "- Advising on investment practices, M&A contracts of the Group's projects- Drafting forms, contracts, documents serving the Group's business.- Negotiating business contracts - - Responsible for handling disputes and complaints with customers and partners of the Group - Responsible for legal advice for departments related to the Group",
      "company": "Tan Hoang Minh Group",
      "end_time": "2023-04-13T00:00:00Z",
      "industry": "Other",
      "position": "Senior Specialist in Legal Department",
      "conf_score": 0.8433865074357395,
      "start_time": "2017-01-01T00:00:00Z"
    },
    {
      "id": 18184,
      "detail": "- Directly implement and monitor the implementation of legal procedures of construction investment projects.- Work closely with relevant departments in the company to complete the legal procedures of the projects. projects in accordance with the construction investment law; - Reviewing, appraising and consulting the Company's economic contracts - Participating in resolving business and labor disputes. - Actively participating in activities mass activities, cultural programs to connect members in the company are organized by the medical company.- Carrying out legal work for the Enterprise including: + Carrying out business registration procedures; + Drafting and issuing model contracts;",
      "company": "Urban Development and Construction Company Limited 379",
      "end_time": "2017-01-31T00:00:00Z",
      "industry": "Other",
      "position": "Main experts",
      "conf_score": 0.9380559850414887,
      "start_time": "2016-06-01T00:00:00Z"
    },
    {
      "id": 18185,
      "detail": "- Consulting on general legal issues for Enterprises; - Directly carrying out the procedures for applying for licenses of all kinds of sub-licenses serving the Company's business activities (License for advertising newspaper, internet, television, etc.) pharmaceutical products, cosmetics and dietary supplements; Certificate of eligibility for food safety...),- Implement procedures for notifying e-commerce websites;- Change business registration business with the criteria of Fast - Efficient - Maximum cost savings for enterprises.- Carrying out external work with competent agencies related to business activities of enterprises: Ministry of Health, Ministry of Industry and Trade, Hanoi Department of Health, Hanoi Department of Planning and Investment, Hoang Mai District Police, Hoang Mai District Insurance... - Directly participating in negotiation, drafting and controlling the implementation process : Joint venture contract, partnership contract, distribution contract with partners participate in resolving business disputes, labor disputes.- Actively participate in union activities, cultural programs to connect members in the company organized by the company.",
      "company": "Interconnected Viet My Co., Ltd",
      "end_time": "2016-05-31T00:00:00Z",
      "industry": "Other",
      "position": "Head of Legal Department",
      "conf_score": 0.9256580526889115,
      "start_time": "2014-10-01T00:00:00Z"
    },
    {
      "id": 18186,
      "detail": "- Undertake legal services related to Real Estate, Enterprises, Intellectual Property, Labor, Marriage and Family; - Legal Assistant to the office in studying records, analyzing and evaluating evidence, referencing the legal provisions related to the case; - Participate in consulting procedures at courts at all levels in civil, business and commercial disputes... - Consult and prepare drafting economic contracts, purchase and sale contracts, civil contracts...- Consulting and drafting a system of internal rules and regulations on corporate governance; Salary scale system, labor relations, labor contracts for Enterprises.",
      "company": "Thai Minh Law Firm",
      "end_time": "2014-08-31T00:00:00Z",
      "industry": "Other",
      "position": "Legal consultant",
      "conf_score": 0.9174648511369632,
      "start_time": "2013-05-01T00:00:00Z"
    }
  ],
  "address": "Hoang Mai, Hanoi"
}