{
  "skills": [
    "phpunit",
    "css",
    "git",
    "analysis",
    "svn",
    "html",
    "ajax",
    "mysql",
    "jquery",
    "sales",
    "sell",
    "bug fixing",
    "javascript",
    "online auction",
    "laravel",
    "bootstrap",
    "php",
    "teamwork",
    "sfr",
    "system design",
    "management"
  ],
  "fulltext": "DUONG PHU QU Developer Date of birth: Gender: Phone: Email: Address: Danang, Vietnam OBJECTIVE Study and share. Always focus on the nearest goal EDUCATION 10/2012 - 12/2016 Duy Tan University Major: Software Engineering WORK EXPERIENCE 6/2019 - Present Freelancer Developer - HTML, CSS, Javascript, Bootstrap 4, React js 8/2017 - Present Public Ty UNITECH Developer - Learn about Ajax, Jquery, PHP, Laravel, Yii2, React js, PHPUnit - Implement projects as required by the company - Teamwork 6/2017 - 8/2017 SFR Software Internship One Member LLC - Learn about HTML, CSS , Jquery, PHP, Laravel 5.3, Vue 3/2017 - 8/2017 IVIETTECH Student - Learn about HTML, CSS, Jquery, PHP ,PHP Laravel - Use PHP Laravel complete project : \"Web for online sales\" PROJECTS BUDGETTOOL (6/2019) - Now ) Customer Saigon Description - Managing personnel expense of the company Team size 5 My position Developer My responsibilities - Code modules - Bug fixing Technologies used - Git, REACT JS, Bootstrap Son Tra database (9/2018 - 6/2019) Customer Son Tra, Da Nang Description - Web management application database Son Tra Team size 8 My position Developer My responsibilities - Code modules - Bug fixing Technologies used - SVN, REACT JS, Bootstrap Dagent phase2 (Japan) (6/2018 - 8/2018) Customer Japan Description - Weather forecast Team size 8 My position Developer My responsibilities - Code modules Technologies used - Git, PHP, MySQL, JQuery, Bootstrap, Ajax, Phpunit Online Auction (1/2018 - 5/2018) Customer Da Nang Description - Web application that supports online auctions Team size 8 My position Developer My responsibilities - Code modules - System design analysis Technologies used - SVN, PHP Yii2, MySQL, JQuery, Bootstrap, Ajax, React Js Dagent phase1 (Japan) (11/2017 - 1/2018) Customer Japan Description - Weather forecast Team size 8 My position Developer My responsibilities - Code modules Technologies used - SVN, PHP, MySQL, JQuery, Bootstrap, Ajax, Phpunit SKILLS Language English, Japanese Computer Php, html, css, Javascript , Jquery, Ajax, Bootstrap 3, Laravel, Yii2, React Js, Phpunit, MySQL, Git, SVN",
  "educations": [
    {
      "id": 5442,
      "gpa": null,
      "major": "Technology Pedagogy",
      "school": "Duy Tan University",
      "diploma": "Bachelors",
      "end_time": "2016-12-01T00:00:00Z",
      "conf_score": 0.9325312459960233,
      "start_time": "2012-10-01T00:00:00Z",
      "picklist_major": "Education/training",
      "major categories": "Science education and teacher training",
      "major_categories_detail": "Teacher training"
    }
  ],
  "experiences": [
    {
      "id": 18191,
      "detail": "- HTML, CSS, Javascript, Bootstrap 4, React js",
      "company": null,
      "end_time": "2023-04-13T00:00:00Z",
      "industry": "Other",
      "position": "FreelancerDeveloper",
      "conf_score": 0.8086621310791741,
      "start_time": "2019-06-01T00:00:00Z"
    },
    {
      "id": 18192,
      "detail": "- Learn about Ajax, Jquery, PHP, Laravel, Yii2, React js, PHPUnit - Implement projects as required by the company- Teamwork",
      "company": "UNITECH COMPANY",
      "end_time": "2023-04-13T00:00:00Z",
      "industry": "High Technology",
      "position": "Developer",
      "conf_score": 0.9242175468478587,
      "start_time": "2017-08-01T00:00:00Z"
    },
    {
      "id": 18193,
      "detail": "- Learn about HTML, CSS, Jquery, PHP, Laravel 5.3, Vue",
      "company": "SFR Software Company Limited",
      "end_time": "2017-08-31T00:00:00Z",
      "industry": "High Technology",
      "position": "Internship",
      "conf_score": 0.9257372771525854,
      "start_time": "2017-06-01T00:00:00Z"
    },
    {
      "id": 18194,
      "detail": "- Learn about HTML, CSS, Jquery, PHP ,PHP Laravel - Use PHP Laravel complete project : \"Web sales online\"",
      "company": "SFR Software Company Limited",
      "end_time": "2017-08-31T00:00:00Z",
      "industry": "High Technology",
      "position": "student",
      "conf_score": 0.9076390508009022,
      "start_time": "2017-03-01T00:00:00Z"
    }
  ],
  "address": "Danang, Vietnam"
}