{
  "skills": [
    "parcel",
    "sql",
    "lead a team",
    "search",
    "microsoft sql server",
    "mobile application",
    "implementation",
    "public speaking",
    "Microsoft Powerball",
    "microsoft",
    "management",
    "search engine",
    "excel"
  ],
  "fulltext": "Tran Trong BinhAPPLY TO PERFORMANCE MANAGERObjectiveTake advantages of software skills & experience to help increase Productivity and ServiceQuality. EducationHA NOI UNIVERSITY OF TECHNOLOGYSEP 2000 - JUN 2005Major: Engineering of PhysicsGPA: 7.2/10 08/14/1982 Male 0966.50.98.98 ttrongbinh@gmail.comHanoi, VietnamLinkin: tran-trong-binhWork ExperienceTNT EXPRESSOCT 2005 - JAN 2009Warehouse controler and operation responsibilities adminitratorMain :- Control OPS material warehouse. Ensure OPS material, distributed promptly,sufficiently & economically ordered to customers & OPS staff. - Check all Warehouse expense claims to ensure accuracy & sufficient attacheddocumentation as company regulations before transfer to FA.- Analyze service performance promptly & accurately, with failures & root causes pointed out& improvement solutions suggested.- Assist OPS Manager/Supervisor in reviewing linehaul &setting up new linehaul when requested.- Carry out & handover to PUD preprinted connote, invoice promptly & correctly.- Monitor OPS systems to ensure smooth working. Incidents reported promptly toIT/Helpdesk & followed up closely.- Order & distribute OPS promptly, adequately & economically to OPS staff.TNT EXPRESSJAN 2009 - JAN 2012Import-Export Senior Executive- Support the depot operations leadership development and succession planningprogrammers by actively identifying the high potentials. - Ensure a strong focus on clearance competencies development and quality. - Conduct regular Quality Monitoring in line with the set process and together with results from Service Quality Audits, incorporate findings and corrective actions into regular employeecoaching or actions leading to increased subcontractor performance. - Assist in the development and implementation of actions plans that address the outcomes of Service Quality and Customer Loyalty Measurement Programmers. - Identify ongoing service issues and recommend solutions to relevant Ops Management. - Support and participate appropriate actions in the Operations and with cross-functionalcolleagues, in order to improve customer retention and customer growth. SEFLEMPLOYEEJAN 2012 - NOV 2017Start-up ProjectsProject 1: www.hssearch.net- Hssearch.net is a thematic search engine developed for assisting importers/exporters toeasily learn the correct customs tariff classification for the goods they intend to import orexport.Project 2: NODA Mobile Application- A mobile application to connect Customers and Farmers to reduce cost and TransportationSKILLSOfficeLogical thinking and creativePublic SpeakingINTERESTSFootballTennisTable Tennistime.Project 3: www.cuocbien.com- Like booking accommodation online, Cuocbien - allows customers to get prices online and book shipments directly from the website . Cuocbien is a trusted community marketplace forpeople to send goods around the world. The Cuocbien.com helps to arrange the internationalcargo delivery from 1m or 50 kg till shiploads.DHL ECOMMERCENOV 2017 - SEP2018Operations Supervisor- Lead a team of 7 employees and achieve targets meeting quality and standards- Inspected goods and returned materials not meeting company's standards- Communicated with cross functional department and met daily production target- Endures product quality and customer satisfaction are met and adhere to state and federalregulations- Kept track of inventory and support in physical inventoriesHighest performance:- Rebuild Return parcels SOPs by Macro Excel that help to increase productivity from 100Parcels/hours to 300 Parcels/hour. - A tool helping print label more quickly. From 15 Seconds to 4 Seconds/Parcel.- A excel tool that automatically prevent DG items for Air transport base one Description ofgood.- ...LAZADA EXPRESSSEP 2018 - PRESENTPerformance Supervisor- Lead a team of 2 employees and achieve targets meeting quality and standards - Communicated with cross functional department and met daily, weekly, monthly performance target- Endures product quality and customer satisfaction are met and adhered to state and federalregulationsHighest performance:- Building company performance reports by using Microsoft Power BI. - Building tools helping cross function aware issues.- ...Summary Of Professional Skill And ExpertisesDATABASESMS Access 2007/2007/XpSOFTWARE PACKAGES AND TOOLSMS Excel and Word 2010, SQL Server, Microsoft Power Bi Certifications- Engineering2005Honors & Awards- Employee of the year 2009 Finalist2009Highest Performance- OPS-ADSQ innovator of the year 2007 award with Warehouse management and costcontrol Software- On behalf of Vietnam employee enjoy TNT World Cup event in 2008 base in Belgium.- Employee of the year 2009 Finalist with IBCN software (In Bound consignment ManagementTran Trong BinhPerformance supervisorEmail: ttrongbinh@gmail.comMobile: 0966509898 Referencessoftware).- May 2010 promoted senior executive. - Founder of website www.hssearch.net and www.cuocbien.com topcv.vn",
  "educations": [
    {
      "id": 5443,
      "gpa": "7.2",
      "major": "Engineering of Physics",
      "school": "HA NOI UNIVERSITY OF TECHNOLOGY",
      "diploma": "Bachelors",
      "end_time": "2005-06-01T00:00:00Z",
      "conf_score": 0.7851615749618549,
      "start_time": "2000-09-01T00:00:00Z",
      "picklist_major": "Other",
      "major categories": "",
      "major_categories_detail": ""
    }
  ],
  "experiences": [
    {
      "id": 18195,
      "detail": "- Lead a team of 2 employees and achieve targets meeting quality and standards- Communicated with cross functional department and met daily, weekly, monthly performance target- Endures product quality and customer satisfaction are met and adhered to state and federal regulationsHighest performance:- Building company performance reports by using Microsoft Power BI. - Building tools helping cross function aware issues.- ...",
      "company": "LAZADA EXPRESS",
      "end_time": "2023-04-13T00:00:00Z",
      "industry": "High Technology",
      "position": "Performance Supervisor",
      "conf_score": 0.9542271074073599,
      "start_time": "2018-09-01T00:00:00Z"
    },
    {
      "id": 18196,
      "detail": "- Lead a team of 7 employees and achieve targets meeting quality and standards- Inspected goods and returned materials not meeting company's standards- Communicated with cross functional department and met daily production target- Endures product quality and customer satisfaction are met and adhered to state and federal regulations- Kept track of inventory and support in physical inventoriesHighest performance:- Rebuild Return parcels SOPs by Macro Excel that help to increase productivity from 100 Parcels/hours to 300 Parcels/hour. - A tool helping print label more quickly. From 15 Seconds to 4 Seconds/Parcel. - A excel tool that automatically prevent DG items for Air transport base one Description of good.- ...",
      "company": "DHL ECOMMERCE",
      "end_time": "2018-09-30T00:00:00Z",
      "industry": "Trade",
      "position": "Operations Supervisor",
      "conf_score": 0.9542271074073599,
      "start_time": "2017-11-01T00:00:00Z"
    },
    {
      "id": 18197,
      "detail": "Start-up Projects Project 1: www.hssearch.net- Hssearch.net is a thematic search engine developed for facilitators/exporters to easily learn the correct customs tariff classification for the goods they intend to import or export.Project 2: NODA Mobile Application - A mobile application to connect Customers and Farmers to reduce cost and Transportation time.Project 3: www.cuocbien.com- Like booking accommodation online, Cuocbien - allows customers to get prices online and book shipments directly from the website. Cuocbien is a trusted community marketplace for people to send goods around the world. The Cuocbien.com helps to arrange the international cargo delivery from 1m3 or 50 kg till shiploads.",
      "company": "SEFLEMPLOYEE",
      "end_time": "2017-11-30T00:00:00Z",
      "industry": "Other",
      "position": null,
      "conf_score": 0.8086621310791741,
      "start_time": "2012-01-01T00:00:00Z"
    },
    {
      "id": 18198,
      "detail": "Support the depot operations leadership development and succession planning programmers by actively identifying the high potentials.- Ensure a strong focus on competencies development and quality.- Conduct regular Quality Monitoring in line with the set process and together with clearance results from Service Quality Audits, incorporate and corrective actions into regular employee findings and actions leading to increased subcontractor performance.- Assist in the development and implementation of actions plans that address the outcomes of Service Quality and Customer Loyalty Measurement Programmers. - Identify ongoing service issues and recommend solutions to relevant Ops Management. - Support and participate appropriate actions in the Operations and with cross-functional colleagues, in order to improve customer retention and customer growth.",
      "company": "TNT EXPRESS",
      "end_time": "2012-01-31T00:00:00Z",
      "industry": "Other",
      "position": "Import - Export Senior Executive",
      "conf_score": 0.9542271074073599,
      "start_time": "2009-01-01T00:00:00Z"
    },
    {
      "id": 18199,
      "detail": "",
      "company": "f website www.hssearch.net and www.cuocbien.c",
      "end_time": "2010-12-31T00:00:00Z",
      "industry": "Other",
      "position": "senior executives. - Found",
      "conf_score": 0.7724690641804648,
      "start_time": "2010-05-01T00:00:00Z"
    },
    {
      "id": 18200,
      "detail": "Main responsibilities:- Control OPS material warehouse. Ensure OPS, distributed promptly, adequately material ordered and economically accurate staff & OPS staff- Check all Warehouse expense claims to ensure & sufficient attached documentation as company regulations as company regulations. - Analyze service performance promptly & correctly, with failures & root causes pointed out& improvement solutions suggested.- Assist OPS Manager/Supervisor in reviewing linehaul & setting up new linehaul when requested.- Carry out & handover to PUD preprinted connote, invoice promptly & correctly .- Monitor OPS systems to ensure smooth working. Incidents reported promptly toIT/Helpdesk & followed up closely.- Order & distribute OPS promptly, appropriately & economically to OPS staff.",
      "company": "TNT EXPRESS",
      "end_time": "2009-01-31T00:00:00Z",
      "industry": "Other",
      "position": "Warehouse control and operation administrator",
      "conf_score": 0.9542271074073599,
      "start_time": "2005-10-01T00:00:00Z"
    }
  ],
  "address": "Hanoi, Vietnam"
}