{
  "skills": [
    "android",
    "io",
    "administration",
    "mobile device",
    "marketing"
  ],
  "fulltext": "Pham Quang AnhTel: 0976170771 Email: jackp1706@gmail.com Location: Hanoi Date OF Birth: 17/06/1989EDUCATION Bachelor of Business Administration - Marketing Troy University, AL - United States (Graduated 2014)PROFILEI'm a seasoned game designer withfocusing on level design, UI/UXdesign and economy balance.EXPERIENCEGame Designer at Blackstar Games (Oct 2018 - present) - Coordinate with devs, artists and live-op operators in project related tasks. - Design core game mechanics in documents. - Create and modify game UI in wireframe on Axure. - Improvise, enhance game balance and game feel to meet project's expected quality before and after launch. - Participate in mini game jam projects to create hyper casual games for android and ios. Game Designer at Gameloft (From Aug 2017 - Sep 2018) - Support producers, dev team with project's related tasks. - Create and improve game design document for both current and new projects. - Coordinate with artists, programmers and QA to enhance project's quality and stability. - Participate with designing workshops to update, improve new trends and create new games for mobile devices. - Manages, live-ops and in-game balances for better project's retention and revenues. - Design UI/UX for new functions. Previous Projects: Disney Magic Kingdoms, War Planet Online, Asphalt 9 Legends Freelance Game/Level Designer (From July 2016 to present) - Participate in modding community (Skyrim and Fallout Nexux), balance mods statistics. Business Development at 1Pay (From Jan 2017 to July 2017) Business Development at Viettel Telecom (From 2014 to 2016) INTERESTSUI/UX Design Economy Design Strategy/Role-playing Video Games D&D W40k Modding Video Games 3D Modeling Painting Travel PhotographySKILLSGame Balance Photoshop Level Design UI/UX Design 3D Modeling",
  "educations": [
    {
      "id": 5447,
      "gpa": null,
      "major": "Urban and construction management",
      "school": "Troy University",
      "diploma": "Bachelors",
      "end_time": "2014-01-01T00:00:00Z",
      "conf_score": 0.8366433756272724,
      "start_time": null,
      "picklist_major": "Architecture / Interior Design",
      "major categories": "Architecture and construction",
      "major_categories_detail": "Architecture and planning"
    }
  ],
  "experiences": [
    {
      "id": 18213,
      "detail": ") - Coordinate with devs, artists and live-op operators in project related tasks.- Design core game mechanics in documents.- Create and modify game UI in wireframe on Axure. - Improvise, enhance game balance and game feel to meet project's expected quality before and after launch.- Participate in mini game jam projects to create hyper casual games for android and ios.",
      "company": "Blackstar Games",
      "end_time": "2023-04-13T00:00:00Z",
      "industry": "High Technology",
      "position": "Game Designer",
      "conf_score": 0.9089868123963978,
      "start_time": "2018-10-01T00:00:00Z"
    },
    {
      "id": 18214,
      "detail": ") - Participate in modding community (Skyrim and Fallout Nexux), balance mods statistics.",
      "company": "Gameloft",
      "end_time": "2023-04-13T00:00:00Z",
      "industry": "High Technology",
      "position": "Freelance Game/Level Designer",
      "conf_score": 0.6925429707670153,
      "start_time": "2016-07-01T00:00:00Z"
    },
    {
      "id": 18215,
      "detail": "- Support producers, dev team with project's related tasks.- Create and improve game design document for both current and new projects.- Coordinate with artists, programmers and QA to enhance project's quality and stability.- Participate with designing workshops to update, new trends and create new games for mobile devices.- Manages, operates live-ops and in-game balances for better project's retention and revenues.- Design UI/UX for new functions.Previous Projects: Disney Magic Kingdoms, War Planet Online, Asphalt 9 Legends",
      "company": "Gameloft",
      "end_time": "2018-09-30T00:00:00Z",
      "industry": "High Technology",
      "position": "Game Designer",
      "conf_score": 0.9089868123963978,
      "start_time": "2017-08-01T00:00:00Z"
    },
    {
      "id": 18216,
      "detail": "",
      "company": "1Pay",
      "end_time": "2017-07-31T00:00:00Z",
      "industry": "Other",
      "position": "Business Development",
      "conf_score": 0.9053580919787586,
      "start_time": "2017-01-01T00:00:00Z"
    },
    {
      "id": 18217,
      "detail": "",
      "company": "Viettel Telecom",
      "end_time": "2016-01-31T00:00:00Z",
      "industry": "High Technology",
      "position": "Business Development",
      "conf_score": 0.9053580919787586,
      "start_time": "2014-01-01T00:00:00Z"
    }
  ],
  "address": "Hanoi"
}