{
  "skills": [
    "search",
    "google analytics",
    "moz",
    "studio",
    "wordpress",
    "analytics",
    "digital marketing",
    "marketing",
    "excel",
    "maintenance",
    "medium",
    "sales"
  ],
  "fulltext": "EXPERIENCESOCIAL8 ASIA (MAT BAO GROUP)11/2018 - 6/2019Social Media & Digital Marketing Planner- Manage Youtube System ( 1 channel 1,000,000 sub , 2 channels 500,000 sub , and other > 40,000 sub ) + Optimize Video ( SEO, Tag, Title. ..) + Run Youtube Ads + Support team production creative content + Youtube Analytic Optimize- Manage Fanpage System (12 Fanpage 400,000 - 2,000,000 likes) + Content Strategy + Facebook ads + Fanpage Analytic Optimize + Social Planner build up fanpage- Marketing Leader (Campain) marketing for group, 4 companies) + Facebook ads ( Budget 500,000,000 VND) + TVC & Viral clip (Creative content & Production) + Booking KOL, Actor , Influencer + Content Strategy ( Brand, Sale ) + Account Excutive (Exchange with Client, Update realtime campain, Support sale team) + Report and reviews CampinHINLET FASHION6/2018 - 11/2018Copy writer & SEO &WEBSITE TECHNIQUE- Website maintenance, website optimization, postings, orders, reports, product promotionplans, increase order sales- Web research, keywords, plans , articles, strengths and weaknesses: -Tools use: Ahrefs, SEOquake, Moz- Make content calendar, write standard SEO- Research forum, strong website and trust -register and grow account- Link building, backlink on forums, social, site map, report keyword rankings every daySAIGON AGENCY5/2018 - 6/2018COPY WRITER & SEO &WEBSITE TECHNIQUE- Make a website and optimize the best- Support for guest interfaces and extension packages on the Wordpress platform-Shows SEO keywords to prepare for the onpage phase- Write SEO standard contentSEONGON AGENCY1/2018 - 5/2018Facebook ads and Junior Copy writer ( Content)- Sign up for Facebook campaigns, create plan of campaign, budget, optimize ads.- Design images, banner, video output for content- Create and administer Content calendar , write content for the whole campaign-Following the customer's business situationTHE GIOI DI DONG & DIEN MAY GREEN2017 - 2018ADmin- Admin fanpage, website(post, customer, infomation product)- Customer careNGUYEN THIEN AN Digital Marketing & Social Media 11/29/1997 Male 0934086297 thienan.nguyen297@gmail.com224 street 8, Ward. Binh HungHoa, District Binh TanFacebook : https://www.facebook.com/ngthienan2911OBJECTIVE- Improve your knowledge andunderstanding Marketing, become anoverall digital marketing strategist-Take advantages of digital marketingskills & experience. Not only upgradingmy mindset about marketing but alsolearn a lot off helpful skills.-Work in a young and dynamicenvironmentSKILLS- Website Wordpress- Word, excel. power point, GoogleSheet & Doc- Photoshop , AI , Snagit- Adobe Premiere , Corel video studio- English CommunicationHOBBYWriting , reding about foodRead books about SEO, business,digital marketingSurf the SEO, SEM, digitalmarketing web Electronic EDUCATION - communicationNORIC CODER2018GURU. EDU.VN2018TNT MEDIA2018 SEMINARSeminar \"How to become a senior coder\"Work shop training of google adsWORK SHOP TRAINING OF Zalo Certification of Google Analytics for Beginer2018 Certification for successfully completing the \"Build a MemorableBrand\"of the Digital 4.0 Program (Google, VCCI, VWEC) )2018 Certification for successfully completing the \"Get Your BusinessVisible on Google Search\"of the Digital 4.0 Program (Google, VCCI,VWEC)2018 Certification for successfully completing the \"Build a Website\"of theDigital 4.0 Program (Google, VCCI, VWEC)2018 CERTIFICATION ADDITION-Learn about digital marketing not so long but very passionate and learn quickly in theindustry, want to learn and learn more things to develop yourself and more like career later.- Sense of homor - Good integration topcv.vn",
  "educations": [
    {
      "id": 5460,
      "gpa": null,
      "major": "Multimedia communications",
      "school": "COLLEGE OF INFORMATION TECHNOLOGY",
      "diploma": "Colleges",
      "end_time": "2018-01-01T00:00:00Z",
      "conf_score": 0.9243558553099895,
      "start_time": "2015-01-01T00:00:00Z",
      "picklist_major": "Advertising/Promotion/PR",
      "major categories": "Press and information",
      "major_categories_detail": "Press and media"
    }
  ],
  "experiences": [
    {
      "id": 18257,
      "detail": "- Manage Youtube System (1 channel 1,000,000 subs, 2 channels 500,000 subs, and other > 40,000 subs)+ Optimize Video (SEO, Tag, Title...) + Run Youtube Ads + Support team production creative content+ Youtube Analytic Optimize - Manage Fanpage System (12 Fanpage 400,000 - 2,000,000 likes)+ Content Strategy + Facebook ads+ Fanpage Analytic Optimize + Social Planner build up fanpage- Marketing Leader (Campain marketing for group, 4 companies)+ Facebook ads ( Budget 500,000,000 VND) + TVC & Viral clip ( Creative content & Production) + Booking KOL, Actor , Influencer + Content Strategy ( Brand, Sale ) + Account Excutive (Exchange with Client, Update realtime campain, Support sale team)+ Report and reviews Campin",
      "company": "SOCIAL8 ASIA (THE STORM GROUP)",
      "end_time": "2019-06-30T00:00:00Z",
      "industry": "Other",
      "position": "Social Media & Digital Marketing Planner",
      "conf_score": 0.9664944150740037,
      "start_time": "2018-11-01T00:00:00Z"
    },
    {
      "id": 18258,
      "detail": "- Website maintenance, website optimization, postings, orders, reports, product promotion plans, increase order sales- Web research, keywords, plans, articles, strengths and weaknesses:-Tools use: Ahrefs, SEOquake, Moz - Make content calendar, write standard SEO- Research forum, strong website and trust - register and grow account- Link building, backlink on forums, social, site map, report keyword rankings every day",
      "company": "HINLET FASHION",
      "end_time": "2018-11-30T00:00:00Z",
      "industry": "Other",
      "position": "Copywriter & SEO WEBSITE TECHNIQUE",
      "conf_score": 0.9664944150740037,
      "start_time": "2018-06-01T00:00:00Z"
    },
    {
      "id": 18259,
      "detail": "- Make a website and optimize the best- Support for guest interfaces and extension packages on the Wordpress platform-Shows SEO keywords to prepare for the onpage phase- Write SEO standard content",
      "company": "SAIGON AGENCY",
      "end_time": "2018-06-30T00:00:00Z",
      "industry": "Other",
      "position": "COPYWRITER & SEO WEBSITE TECHNIQUE",
      "conf_score": 0.9542271074073599,
      "start_time": "2018-05-01T00:00:00Z"
    },
    {
      "id": 18260,
      "detail": "- Sign up for Facebook campaigns, create plan of campaign, budget, optimize ads.- Design images, banner, video output for content- Create and administer Content calendar, write content for the whole campaign-Following the customer's business situation",
      "company": "SEONGON AGENCY",
      "end_time": "2018-05-31T00:00:00Z",
      "industry": "Other",
      "position": "Facebook ads and Junior Copy writer (Content)",
      "conf_score": 0.9542271074073599,
      "start_time": "2018-01-01T00:00:00Z"
    },
    {
      "id": 18261,
      "detail": "- Admin fanpage, website (post, customer, information product)- Customer care",
      "company": "THE GIOI DI DONG & BLUE GARMENT",
      "end_time": "2018-01-31T00:00:00Z",
      "industry": "Other",
      "position": "Admin",
      "conf_score": 0.9542271074073599,
      "start_time": "2017-01-01T00:00:00Z"
    }
  ],
  "address": "224 8th street, Ward. Binh Hung Hoa, District Binh Tan"
}