{
  "skills": [
    "hard working",
    "css",
    "c++",
    "testing",
    "jira",
    "html",
    "oracle",
    "task management",
    "regression",
    "selenium",
    "sql",
    "c#",
    "management information system",
    "website development",
    "database",
    "smoke test",
    "ams",
    "regression test",
    "tester",
    "management",
    "risks"
  ],
  "fulltext": "CURRICULUM VITAEPERSONAL DETAILSFull name:TRUONG THI BIENJob: TesterDate of birth:August, 27th1991Place of birth:Tu Ky District, Hai Duong ProvinceSex: FemaleMarital status:SingleCurrent Address:Duy Tan Street, Cau GiayDistrict, Ha NoiCityPhone number:Email:BACKGROUND with Information System Management majorHave a software testing certificate at Hanoi Tester CenterHave3yearsexperiencein software testing for FPT SoftwareAbility to learn quickly, can work with complex technique project and high pressure.Good time management skill,Good at communication.Good at team-work and able to work independent.Flexibility, Creativity and hard-working.Confident and friendly.Positive thinking.Be working in core team of system. Another.SPECIFIC KNOWLEDGE & SKILLSFunctional Experience/Skill SetIndustry ExperienceC#, C/C++, SeleniumMS Office2013, JiraSQL Server , ORACLESQL Server2014HTML, CSSCreate test report.Execute test.Sharepoint 2013ERPSELECTED RELEVANT EXPERIENCEFPT SOFTWAREFrom: 06/2016To)) 17Position and roleTesterProject descriptionPETMIG17is a migration project. The purpose of thisproject is to upgrade 118 applications fromSP2007/2010 to SP2013 and .Net 2.0 to .Net 4.5.Technologies UsedMicrosoft SQL server 2014 ResponsibilitiesManual test, find and log bugs to Jirasystem, createtest report after finishing testing process.From: 12/2016To: 08/2017Project name 22) PETMIG 18Position and roleTesterProject descriptionPETMIG18 is a migration project. The purpose ofthis project is to Upgrade 76applications fromSharePoint 2007, SharePoint 2010 to SharePoint 2013and .NetThe biggest team size up to 76 members.Technologies UsedMicrosoft SQL server 2014 ResponsibilitiesAnalyzing requirements CreatetestcasesExecute smoke test,Function test, system test,Regression test and Smoke testLogging and Tracking Bugs -> Retest after thebugs is fixedCreate test reportSet up the environment to perform the testingTraining for new memberSupport other testersFrom: 09/2017To: 05/2018Project name 33) PAMSPosition and roleTesterProject descriptionPAMS (PETROLEUM AGREEMENTMANAGEMENT SYSTEM) is a regulatory body inPETRONAS responsible to manage and steer theoverall upstream activities in Malaysia. One of theareais the arrangement of the Production SharingContract (PSC) and Risk Sharing Contract (RSC)between PETRONAS and other 30 companies ofwhich 25 different international companies areOperators.Participate in and implement the Test for team size 21members.Technologies UsedMicrosoft SQL server 2014 ResponsibilitiesAnalyzing requirementsCreate testcasesExecute system test & Regression testLogging and Tracking Bugs-> Retest after thebugs is fixedCreate test reportSet up the environment toperform the testingFrom: 06/2018To: 11/2018Projectname 44) BOCPosition and roleTesterProject descriptionBOC (PGB Balance of Consequences & RecognitionProgram System ) is business requires a program thatcan system facilitate,administer, monitor, trackand store data in one centralize database of staff withregards matters on PGB Balanced Consequence &Recognition Program. Two parts of the program i.e.consequences for undesired behaviors and recognitionfor positive behaviors.The biggest team size up to 30 members.Technologies UsedMicrosoft SQL server 2014 ResponsibilitiesAnalyzing requirements->Write Q&A to askBACreatetestcases,Create test reportExecute system test, Function test, Regressiontest and SmoketestLogging and Tracking Bugs-> Retest after thebugs is fixedSet up the environment to perform the testingTraining for new memberSupport other testersManagement tester teamTest on mobile (Iphone 6S, Samsung A8 2018,Samsung J7 Prime, Oppo F9)Bydaily, sent report to PM, Dev LeadFrom: 11/2018To: 12/2018Projectname 55) EPECASPosition and roleTesterProject descriptionEPECAS is a project enhancements for ePECASsystemThe biggest team size up to 25 members.Technologies UsedMicrosoft SQL server 2014 ResponsibilitiesAnalyzing requirementsCreate testcasesExecute system test, Function testLogging and Tracking Bugs->Retest after thebugs is fixedCreate test reportSet up the environment to perform the testingSupport other testersTest on mobile (Iphone 7, SamSung GalaxyNote 7)From: 01/2019To: PresentProject name 66) eTask& eBSAFEPosition and roleTesterProject descriptionManagement task, implement taskTechnologies UsedMicrosoft SQL server 2014 ResponsibilitiesAnalyzing requirements->Create Q&A to askBACreate testcases,Create test reportExecute system test, Functiontest and Smoketest on StagingLogging and Tracking Bugs->Retest after thebugs is fixedSetup the environment to perform the testingSupport other testersTraining for new memberBy daily, write report test for all teamsanddescribe status of user storiesCAREER OBJECTIVEI want to work in a dynamic and professional environment. I hopethat I will havefavorable working environment which motivates me to develop myself and do well the job,learn more knowledge and life skills from colleagues. Through the studying process and take part in some projects, i had the skills and knowledge aboutbasic informatics as well asmy specialization such as design, website programming and software applications. Inaddition, I am a sociable person, have solidarity and have ability to work in teams as well asindependently in environments with high pressure.Because the skills and experience outlined above, I believe that i can fully meet therequirements of the company. Working according to my hobby and specialization is mydesire. Tester is my job to be connected with me for a long time.Thanks for watching!",
  "educations": [
    {
      "id": 5462,
      "gpa": null,
      "major": "Information manage",
      "school": "Commercial University",
      "diploma": "Bachelors",
      "end_time": null,
      "conf_score": 0.8970316950375007,
      "start_time": null,
      "picklist_major": "Administrative/Clerical",
      "major categories": "Press and information",
      "major_categories_detail": "Library Information"
    }
  ],
  "experiences": [
    {
      "id": 18267,
      "detail": "Project descriptionManagement task, implement taskTechnologies UsedMicrosoft SQL server 2014 Responsibilities Analyzing requirements->Create Q & A to askBA Create testcases,Create test reportExecute system test, Functiontest and Smoke test on Staging Logging and Tracking Bugs->Retest after the bugs is fixedSetup the environment to perform the testingSupport other testersTraining for new memberBy daily, write report test for all teamsand describe status of user stories",
      "company": "eTask & eBSAFE",
      "end_time": "2023-04-13T00:00:00Z",
      "industry": "Other",
      "position": "Tester",
      "conf_score": 0.8864437538684611,
      "start_time": "2019-01-01T00:00:00Z"
    },
    {
      "id": 18268,
      "detail": "Project descriptionEPECAS is a project enhancements for ePECAS systemThe biggest team size up to 25 members.Technologies UsedMicrosoft SQL server 2014 Responsibilities Analyzing requirementsCreate testcasesExecute system test, Function testLogging and Tracking Bugs->Retest after the bugs is fixedCreate test reportSet up the environment to perform the testingSupport other testersTest on mobile (Iphone 7, SamSung Galaxy Note 7)",
      "company": "EPECAS",
      "end_time": "2018-12-31T00:00:00Z",
      "industry": "Other",
      "position": "Tester",
      "conf_score": 0.8864437538684611,
      "start_time": "2018-11-01T00:00:00Z"
    },
    {
      "id": 18269,
      "detail": "Project descriptionPAMS (PETROLEUM AGREEMENT MANAGEMENT SYSTEM) is a regulatory body inPETRONAS responsible to manage and steer the overall upstream activities in Malaysia. One of the areais the arrangement of the Production Sharing Contract (PSC) and Risk Sharing Contract (RSC) between PETRONAS and other 30 companies of which 25 different international companies areOperators. Participate in and implement the Test for team size 21 members.Technologies UsedMicrosoft SQL server 2014 Responsibilities Analyzing requirements Create testcases Execute system test & Regression test Logging and Tracking Bugs-> Retest after the bugs is fixed Create test report Set up the environment topform the testing",
      "company": "PAMS",
      "end_time": "2018-05-31T00:00:00Z",
      "industry": "Other",
      "position": "Tester",
      "conf_score": 0.8846862792021887,
      "start_time": "2017-09-01T00:00:00Z"
    },
    {
      "id": 18270,
      "detail": "Project descriptionPETMIG18 is a migration project. The purpose of this project is to Upgrade 76applications fromSharePoint 2007, SharePoint 2010 to SharePoint 2013 and .Net The biggest team size up to 76 members.Technologies UsedMicrosoft SQL server 2014 Responsibilities Analyzing requirements Createtestcases Execute smoke test,Function test, system test,Regression test and Smoke test Logging and Tracking Bugs-> Retest after the bugs is fixed Create test report Set up the environment to perform the testing Training for new member Support other testers",
      "company": "PETMIG 18",
      "end_time": "2017-08-31T00:00:00Z",
      "industry": "Other",
      "position": "Tester",
      "conf_score": 0.8864437538684611,
      "start_time": "2016-12-01T00:00:00Z"
    },
    {
      "id": 18271,
      "detail": "Project descriptionPETMIG17is a migration project. The purpose of this project is to upgrade 118 applications fromSP2007/2010 to SP2013 and .Net 2.0 to .Net 4.5. Technologies UsedMicrosoft SQL server 2014 Responsibilities Manual test, find and log bugs to Jirasystem, create test report after finishing testing process.",
      "company": "PETMIG 17",
      "end_time": "2016-11-30T00:00:00Z",
      "industry": "Other",
      "position": "Tester",
      "conf_score": 0.8573020448593087,
      "start_time": "2016-06-01T00:00:00Z"
    }
  ],
  "address": "Tu Ky District, Hai Duong Province"
}