{
  "skills": [
    "linux",
    "online games",
    "payment",
    "java",
    "json",
    "javascript",
    "bootstrap",
    "mongodb",
    "rest",
    "io",
    "postgresql",
    "business analysis",
    "vuejs",
    "git",
    "svn",
    "analysis",
    "redis",
    "ease",
    "operating system",
    "codeigniter",
    "website development",
    "ssl",
    "oop",
    "quality assurance",
    "unity",
    "laravel",
    "socket io",
    "database",
    "class",
    "teamwork",
    "windows operating system",
    "php",
    "mysql",
    "jquery"
  ],
  "fulltext": "Nguyen Minh Thanh Email: Mobile: Day of Birth: 1986 AREA EXPERTISE Operating Systems: Windows, Linux, Mac OS Programming Languages: PHP PHP Frameworks: Laravel, Phalcon, Codeigniter, Zend Framework Javascript libraries:, Node.js, Vuejs, Socket. io, Bootstrap, jQuery Database: MySQL, Postgresql, Mongodb , Redis, Memcache Experience working with remote data via REST and JSON (Web-Service), Soap Experience in Social Network Open API ( Google , Facebook, Yahoo ) Integration payment gateway: zing , soha, 1pay, vnpt-epay, Ngan luong, paypal Experience about build backend system as having tracking user, payment, items knowledge of social games & online games industry SCM: SVN, Git OOP analysis and design Quick inquire and applying in task WORKING EXPERIENCES March, 2017Current IMGROUP Tech Lead Project: Ecommerce Website Project Overview: Build full module & theme Ecommerce website by Laravel Duration: from 2017 to present Participants: 1 FE, 2 BE, 1 QC Responsibilities: Technical Communication with CEO on requirements Business analysis, product optimization, quality assurance, progress and user experience (performance, ease of use, as well as product stability) Research and application of new technologies to make new features and continuous improvement of modules launched Manage the work progress of members in the scrum team Project : Itop.Website Project Overview: The system create an ecommerce website with subdomain. Build backend tracking customers, websites and tools : create multi web, create free ssl, assign primary domain Duration: from 2017 to present Participants: 1 Fullstack, 1 QC Responsibilities: Business analysis, product optimization, quality assurance, progress and user experience (performance) , ease of use, as well as product stability) Manage the work progress of members in the scrum team March, 2016March, 2017 Public Corporation Senior Developer Project: Winplay Casino Game Project Overview: Build api & backend for mobile game Duration: from March 2016 to present Participants: 1 Web Service, 3 Unity, 1 QC Responsibilities: Technical Communication with PM on requirements Build api service Build game master tool : tracking user, payment, items Project:MY PHIM Project Overview: Watch movies on 3G mobile Duration: from March 2016 to present Participants: 1 Web Developer , 1 Java Developer Responsibilities: Developing wap & web myphim.vn Build system recharge money every day. April, 2013 Oct, 2015 PHP Lead Project: Pokiwar Web Game Project Overview: A kind of casual game where you have to conquer pet by fighting Duration: from April 2013 to Oct, 2015 Participants: 1 Web Service, 2 Flash, 1R&D, 1 QC Responsibilities: Technical Communication with R&D on requirements Planning and managing team member to meet agreed deadline in each release Developing new feature, upgrade last feature, fix bug Build game master tool : tracking user, payment, items Providing technical training and mentoring to new team members Project: Age Of Monster Mobile Game Project Overview: A kind of casual game where you have to conquer pet by fighting Duration: from Jan 2014 to May 2015 Participants: 1 Web Service, 3 Unity, 1R&D, 3 Art, 1 QC Responsibilities: Technical Communication with R&D on requirements Developing main feature Build game master tool : tracking user, payment, items July, 2012 Jan, 2013 Joombi Game Senior PHP Developer Project: Kungfu School Web Game Project Overview: You will be transformed into a grandmaster , training student and then led them to fight other class. Duration: from July 2012 to Jan 2013 Participants: 2 Web Service, 2 Flash, 1R&D, 1 QC Responsibilities: Developing new feature, upgrade last feature, fix bug Oct, 2010 June, 2012 FPT Online PHP Developer Project: Lang ta Web Game Project Overview: Collect plant and grow crops with friends as you build the greatest farm around Duration: from Oct 2010 to June 2012 Participants: 1 Web Service, 1 Flash, 1 Art, 1 QC Responsibilities: Developing new feature, upgrade last feature, fix bugs May, 2009 Aug, 2010 K&G Technology PHP Developer Responsibilities: Implement customers project, maintain project, build CMS Aug, 2008 Apr, 2009 Spacegate J.S.C PHP Developer Responsibilities: Implement customers project, maintain project SOFT SKILLS Excellent in logical thinking. Able to work under high pressure. Fast learning. Good at teamwork. Ability to work independently Reading and Writing English EDUCATION 2004 2008 Ho Chi Minh Nong Lam University Bachelor - Information Technology",
  "educations": [
    {
      "id": 5471,
      "gpa": null,
      "major": "Information technology",
      "school": "Ho Chi Minh Nong Lam University",
      "diploma": "Bachelors",
      "end_time": "2008-01-01T00:00:00Z",
      "conf_score": 0.8626633531709375,
      "start_time": "2004-01-01T00:00:00Z",
      "picklist_major": "IT - Hardware/Networking",
      "major categories": "Computer and information technology",
      "major_categories_detail": "Information technology"
    }
  ],
  "experiences": [
    {
      "id": 18288,
      "detail": "articipants: 1 FE, 2 BE, 1 QC Responsibilities: Technical Communication with CEO on requirementsBusiness analysis, product optimization, quality assurance, progress and user experience (performance, ease of use, as well as product stability)Research and application of new technologies to make new features and continuous improvement of modules launchedManage the work progress of members in the scrum teamProject: Itop.Website Project Overview:",
      "company": "IMGROUP",
      "end_time": "2023-04-13T00:00:00Z",
      "industry": "Other",
      "position": "Tech Lead",
      "conf_score": 0.8558847530477725,
      "start_time": "2017-03-01T00:00:00Z"
    },
    {
      "id": 18290,
      "detail": "operProject: Winplay - Casino Game Project Overview: Build api & backend for mobile gameDuration: from March 2016 to presentParticipants: 1 Web Service, 3 Unity, 1 QC Responsibilities: Technical Communication with PM on requirementsBuild api serv",
      "company": "Public Corporation",
      "end_time": "2023-04-13T00:00:00Z",
      "industry": "Other",
      "position": "Senior Developer",
      "conf_score": 0.7451963119369934,
      "start_time": "2016-03-01T00:00:00Z"
    },
    {
      "id": 18291,
      "detail": "Project: Pokiwar - Web Game Project Overview: A kind of casual game where you have to conquer pet by fightingDuration: from",
      "company": "King of Troops",
      "end_time": "2015-10-31T00:00:00Z",
      "industry": "Other",
      "position": "PHP Lead",
      "conf_score": 0.9023262852737323,
      "start_time": "2013-04-01T00:00:00Z"
    },
    {
      "id": 18292,
      "detail": "July, 2012 - Jan, 2013 Joombi Game Senior PHP Developer Project: Kungfu School - Web Game Project Overview: You will be transformed into a grandmaster, training student and then led them to fight other class.Duration: from July 2012 to Jan 2013 Participants : 2 Web Service, 2 Flash, 1R&D, 1 QC Responsibilities: Developing new feature, upgrade last feature, fix bugs",
      "company": "Joombi Game",
      "end_time": "2013-01-31T00:00:00Z",
      "industry": "High Technology",
      "position": "Senior PHP Developer",
      "conf_score": 0.8484957459081394,
      "start_time": "2012-07-01T00:00:00Z"
    },
    {
      "id": 18293,
      "detail": "Project: Lang ta - Web Game Project Overview: Collect plant and grow crops with friends as you build the greatest farm aroundDuration: from",
      "company": "FPT Online",
      "end_time": "2012-06-30T00:00:00Z",
      "industry": "High Technology",
      "position": "PHP Developer",
      "conf_score": 0.8017746558750214,
      "start_time": "2010-10-01T00:00:00Z"
    },
    {
      "id": 18294,
      "detail": "Responsibilities: Implement customers project, maintain project, build CMS",
      "company": "K&G Technology",
      "end_time": "2010-08-31T00:00:00Z",
      "industry": "High Technology",
      "position": "PHP Developer",
      "conf_score": 0.8970418593503166,
      "start_time": "2009-05-01T00:00:00Z"
    },
    {
      "id": 18295,
      "detail": "Responsibilities: Implement customers project, maintain project",
      "company": "Spacegate J.S.C",
      "end_time": "2009-04-30T00:00:00Z",
      "industry": "Other",
      "position": "PHP Developer",
      "conf_score": 0.8970418593503166,
      "start_time": "2008-08-01T00:00:00Z"
    }
  ],
  "address": null
}