{
  "skills": [
    "program analysis",
    "smart home",
    "java",
    "git",
    "c++",
    "analysis",
    "algorithm",
    "femap",
    "python",
    "linux",
    "full stack development",
    "computer vision",
    "c#",
    "stack",
    "cisco",
    "android",
    "spring",
    "restful"
  ],
  "fulltext": "Ngo Dinh ThuongHo Chi Minh City, Vietnamhtt e/apps/dev?id=SummaryWith 7 years of work and research in the field of Information Technology.I have skills in Computer Vision, Product Development, Programing in C#, C++, Java Android.I got a Master's degree in Information Science from the Kyoto Institute of Technology, Japan.ExperienceSenior Software EngineerNichietsu System DevelopmentSep 2020 - Mar 2021 (7 months)\"Femap\" (Finite Element Modeling And Postprocessing) is an engineering analysis program that is usedto build finite element models of complex engineering problems (\"pre-processing\") and view solutionresults (\"postprocessing\") in three-dimensions (3D).Role: Technical Leader, Key-member; Size: 4 members; C# .NET, C++, PythonComputer Vision EngineerAIOZ VIETNAM LIMITED LIABILITY COMPANYNov 2019 - Jun 2020 (8 months)\"OneKYC\" (Know Your Customer) helps to prove that your document belongs to you with 3 steps:capture your document based on your needs, live-matching your real face & your face in the document,extract your information in the document.Role: Researcher, Key-member; Size: 3 members; Android-Java, PythonResearch AssistantImage Processing Lab, Kyoto Institute of TechnologySep 2017 - Sep 2019 (2 years 1 month)\"3D Reconstruction of Bladder Wall\" is to create the 3D model of the bladder from endoscopic movies.We also created the stitched 2D image . These are useful for bladder diagnosis.Role: Researcher, Developer; Size: 1 member; C++, Python3D ProgrammerSeldat Distribution Inc.Mar 2017 - Sep 2017 (7 months)\"3D Capture for Human Body\" is to measure the human body using Kinect devices. We set up a captureroom to capture the 3D model of the human body and measure its sizes. These sizes are useful formaking clothes.Role: Consultant, Problem solver; Size: 4 members; C# .NET Ngo Dinh Thuong - page 1Research Assistant - InternshipImage Processing Lab, Kyoto Institute of TechnologyOct 2016 - Dec 2016 (3 months)\"3D Reconstruction of Bladder Wall\"Role: Researcher, Developer; Size: 1 member; C++Software Engineer in New Technology Division / (R&D) EMB DivisionGlobal CyberSoft JSCSep 2014 - Sep 2015 (1 year 1 month)\"Network System\"(1), we developed the RESTful API as a middleware to help the computer can monitorthe status of network devices or control them. \"Smart Home\"(2), we developed the application on thecomputer and mobile phone to control home devices. \"Public Safety\"(3), we developed the techniquesto detect whether the transportation and pedestrians violate the traffic laws or not.Role: Team Leader, Supporter, Key-member; Size: 5 members; C++, PythonEducationKyoto Institute of TechnologyMaster of Engineering - MEng degree, Information Science - Scholarship program2017 - 2019VNUHCM - University of ScienceMaster student of Computer Science - Coordination program (VNUHCM - JAIST)2015 - 20161. HCMUS (Vietnam National University, Ho Chi Minh University of Science)2. JAIST (Japan Advanced Institute of Science and Technology)VNUHCM - University of ScienceBachelor of Science - BS degree, Information Technology - Honor program2010 - 2014Licenses & CertificationsCISCO CERTIFIED NETWORK ASSOCIATE - Nhat Nghe Education JSC2016 Global Internship Program - Kyoto Institute of TechnologyKIT Bio Tech & IT Spring School - Kyoto Institute of TechnologySkillsLinux Algorithms Git Computer Vision Programming Full-Stack Development TechnicalResearch Android Development Product Development 3D Modeling Ngo Dinh Thuong - page 2",
  "educations": [
    {
      "id": 5474,
      "gpa": null,
      "major": "Safety information",
      "school": "Kyoto Institute of Technology",
      "diploma": "Masters",
      "end_time": null,
      "conf_score": 0.9185003665899493,
      "start_time": null,
      "picklist_major": "IT - Hardware/Networking",
      "major categories": "Computer and information technology",
      "major_categories_detail": "Information technology"
    },
    {
      "id": 5475,
      "gpa": null,
      "major": "Computer science",
      "school": "VNUHCM - University of Science",
      "diploma": "Masters",
      "end_time": "2016-01-01T00:00:00Z",
      "conf_score": 0.7877575753619657,
      "start_time": "2015-01-01T00:00:00Z",
      "picklist_major": "IT - Hardware/Networking",
      "major categories": "Computer and information technology",
      "major_categories_detail": "Computer"
    },
    {
      "id": 5476,
      "gpa": null,
      "major": "Information technology",
      "school": "VNUHCM - University of Science",
      "diploma": "Bachelors",
      "end_time": "2014-01-01T00:00:00Z",
      "conf_score": 0.8413267261986577,
      "start_time": "2010-01-01T00:00:00Z",
      "picklist_major": "IT - Hardware/Networking",
      "major categories": "Computer and information technology",
      "major_categories_detail": "Information technology"
    }
  ],
  "experiences": [
    {
      "id": 18306,
      "detail": "(7 months)\"Femap\" (Finite Element Modeling And Postprocessing) is an engineering analysis program that is used to build finite element models of complex engineering problems (\"pre-processing\") and view solution results (\"postprocessing\") in three- dimensions (3D). Role: Tech",
      "company": "Nichietsu System Development",
      "end_time": "2021-03-31T00:00:00Z",
      "industry": "High Technology",
      "position": "Senior Software Engineer",
      "conf_score": 0.8660280753375414,
      "start_time": "2020-09-01T00:00:00Z"
    },
    {
      "id": 18307,
      "detail": "(8 months)\"OneKYC\" (Know Your Customer) helps to prove that your document belongs to you with 3 steps: capture your document based on your needs, live-matching your real face & your face in the document, extract your information in the document.Role: Re",
      "company": "AIOZ VIETNAM LIMITED LIABILITY COMPANY",
      "end_time": "2020-06-30T00:00:00Z",
      "industry": "Other",
      "position": "Computer Vision Engineer",
      "conf_score": 0.8620747838399072,
      "start_time": "2019-11-01T00:00:00Z"
    },
    {
      "id": 18308,
      "detail": "(2 years 1 month)\"3D Reconstruction of Bladder Wall\" is to create the 3D model of the bladder from endoscopic movies.We also created the stitched 2D image. These are useful for bladder diagnosis.Role:",
      "company": "Image Processing Lab, Kyoto Institute of Technology",
      "end_time": "2019-09-30T00:00:00Z",
      "industry": "High Technology",
      "position": "Research Assistant",
      "conf_score": 0.8620747838399072,
      "start_time": "2017-09-01T00:00:00Z"
    },
    {
      "id": 18309,
      "detail": "(7 months)\"3D Capture for Human Body\" is to measure the human body using Kinect devices. We set up a capture room to capture the 3D model of the human body and measure its sizes. These sizes are useful for making clothes.Role:",
      "company": "Seldat Distribution Inc.",
      "end_time": "2017-09-30T00:00:00Z",
      "industry": "Other",
      "position": "3D Programmer",
      "conf_score": 0.8620747838399072,
      "start_time": "2017-03-01T00:00:00Z"
    },
    {
      "id": 18310,
      "detail": "(3 months)\"3D Reconstruction of Bladder Wall\" Role:",
      "company": "Image Processing Lab, Kyoto Institute of Technology",
      "end_time": "2016-12-31T00:00:00Z",
      "industry": "High Technology",
      "position": "Research Assistant - Internship",
      "conf_score": 0.8620747838399072,
      "start_time": "2016-10-01T00:00:00Z"
    },
    {
      "id": 18311,
      "detail": "1 month)\"Network System\"(1), we developed the RESTful API as a middleware to help the computer can monitor the status of network devices or control them. \"Smart Home\"(2), we developed the application on the computer and mobile phone to control home devices. \"Public Safety\"(3), we developed the techniques to detect whether the transportation and pedestrians violate the traffic laws or not.Role:",
      "company": "Global CyberSoft JSC",
      "end_time": "2015-09-30T00:00:00Z",
      "industry": "High Technology",
      "position": "Software Engineer in New Technology Division / (R&D) EMB Division",
      "conf_score": 0.8674039244441232,
      "start_time": "2014-09-01T00:00:00Z"
    }
  ],
  "address": "Ho Chi Minh City, Vietnam"
}