{
  "skills": [
    "problem solving skills",
    "marketing",
    "solidedge",
    "leadership skills",
    "channel sales",
    "sales and marketing",
    "leasing",
    "sales",
    "problem solving",
    "sell",
    "project management",
    "medium",
    "scheduling"
  ],
  "fulltext": "NGO TOANBUSINESS DEVELOPMENT Ngo Toan Thang - 32 years old, graduated with a Bachelor of Information Technology from University of Information Technology, loves business, 13 years of experience in business, marketing, developing B2B, B2C sales channels, e-commerce in the field Retail, distribution in ICT, electronics, Fashion, F&B, logistics... I received professional sales training from Japan's leading electronic retail supermarket group (Best Denki). I have many years of experience in the development of new products, new projects, partnerships, the ability to work multi-task in charge of many positions in the system. In charge of the whole business. Especially, I have 5 years of experience as Sales Manager (right to run the entire business of the company), 2 start-up projects. I am responsible at work, calm, adapt to new environment quickly. , not afraid of difficulties, interested in finding an effective solution to the problem. I like charity activities, community, fine arts, connecting between team members, companies. Intra-city transportation market in Ho Chi Minh areaBUSINESS DEVELOPMENT LEADER04/201812/2018LALA SERVICES JOINT STOCK COMPANYManages and is in charge of developing the inner-city restaurant market in Hanoi areaCEO, OWNER AND FOUNDER06/201704/2018MAYANH365.COMMachine repair center prestigious and professional image in Hanoi05/2015SALES ACCOUNT MANAGER/ ACTING CEO06/2017 GENERAL ELECTRIC VN CO., LTD Specializes in distributing ICT products to major electronics supermarkets in Hanoi (Tran Anh, Pico, Media Mart, Nguyen Kim, HC) ...)02/2017STORE SUPERVISOR06/2017HONEY DESIGN COMPANY LIMITED Chain of high-end designer fashion boutiques08/2015SALE AND MARKETING SPECIALIST06/2017BAO MINH CAMERA Photo equipment shop. Canon Vietnam authorized dealer SKILLS Teamwork skills, good work interaction ability- Problem solving skills Organizing and planning skills- Report writing skills Presentation skills Environmental adaptability skills market research and development skills Project management skills - Leadership skills, staff training, inspiration... Good emotional control skills Photoshop photo editing skills Search optimization skills keywords to Top Google- Facebook fanpage management skillsSEO fanpage to Top search- Knowledge of computer hardware and software.Bachelor of INFORMATION TECHNOLOGY UNIVERSITY OF INFORMATION TECHNOLOGY FOR COUNTRY STUDIES HO CHI MINH CITY2006-2011Specialist sales INDUSTRIAL PBEST DENKI TRAINING DEPT03/2011 - 04/201111/2013SALE AND MARKETING MANAGER05/2015 ROYAL TRAINING CAMERA A store dealing in photographic equipment, cameras, lenses, camcorders, accessories. No. 1 in the North. MOONTECH VIETNAM JSCSpecializes in distributing ICT products to major electronics supermarkets in Hanoi (Tran Anh, Pico, Media Mart, Nguyen Kim, HC...) OWNER AND FOUNDER09/201311/2013F5 FnR CLUB Entertainment and business club drinks, fast food distribution and retailing company of computers, phones, computer accessories.04/2010SALESMAN12/2010BEST CARINGS Supermarket chain of electrical appliances is ranked in the top 500 leading retailers in Asia - TBDSALESMAN12/200603/2010 Hoang Lan GARDENSpecializes in providing all kinds of orchid varieties Orchids, orchids for rent for interior and exterior decoration, consulting for care, construction of orchids garden, & SAT BAN HANGPTI BUSINESS SCHOOL02/2014 FOREIGN ENGLISH Hobbies Listening to music TravelSports (Football, Basketball) Billiards>m)",
  "educations": [
    {
      "id": 5480,
      "gpa": null,
      "major": null,
      "school": "University of Information Technology",
      "diploma": "Bachelors",
      "end_time": null,
      "conf_score": 0.8878560376497437,
      "start_time": null,
      "picklist_major": "Other",
      "major categories": "",
      "major_categories_detail": ""
    },
    {
      "id": 5481,
      "gpa": null,
      "major": "Information technology",
      "school": "National University of Information Technology, Ho Chi Minh City",
      "diploma": "Bachelors",
      "end_time": "2011-01-01T00:00:00Z",
      "conf_score": 0.7932069450071494,
      "start_time": "2006-01-01T00:00:00Z",
      "picklist_major": "IT - Hardware/Networking",
      "major categories": "Computer and information technology",
      "major_categories_detail": "Information technology"
    }
  ],
  "experiences": [
    {
      "id": 18319,
      "detail": "Managing and in charge of developing the inner city transportation market in Ho Chi Minh area",
      "company": "INSTANT SERVICE JOINT STOCK COMPANY",
      "end_time": "2019-08-31T00:00:00Z",
      "industry": "Other",
      "position": "BUSINESS DEVELOPMENT LEADER",
      "conf_score": 0.9089868123963978,
      "start_time": "2019-01-01T00:00:00Z"
    },
    {
      "id": 18320,
      "detail": "Managing and in charge of developing the inner city restaurant market in Hanoi area",
      "company": "LALA SERVICE JOINT STOCK COMPANY",
      "end_time": "2018-12-31T00:00:00Z",
      "industry": "Other",
      "position": "BUSINESS DEVELOPMENT LEADER",
      "conf_score": 0.9089868123963978,
      "start_time": "2018-04-01T00:00:00Z"
    },
    {
      "id": 18321,
      "detail": "Prestigious and professional camera repair center in Hanoi",
      "company": "MAYANH365.COM",
      "end_time": "2018-04-30T00:00:00Z",
      "industry": "Other",
      "position": "CEO, OWNER AND FOUNDER",
      "conf_score": 0.9089868123963978,
      "start_time": "2017-06-01T00:00:00Z"
    },
    {
      "id": 18322,
      "detail": "Chain of high-end designer fashion stores",
      "company": "HONEY DESIGN CO., LTD",
      "end_time": "2017-06-30T00:00:00Z",
      "industry": "Other",
      "position": "STORE SUPERVISOR",
      "conf_score": 0.9178413110670213,
      "start_time": "2017-02-01T00:00:00Z"
    },
    {
      "id": 18323,
      "detail": "Photo equipment shop. cameras, lenses, camcorders, accessories. Canon Vietnam Authorized Dealer",
      "company": "GUARANTEE CAMERA",
      "end_time": "2017-06-30T00:00:00Z",
      "industry": "Other",
      "position": "SALE AND MARKETING SPECIALIST",
      "conf_score": 0.9178413110670213,
      "start_time": "2015-08-01T00:00:00Z"
    },
    {
      "id": 18324,
      "detail": "Specializing in distributing ICT products to major electronics supermarkets in Hanoi (Tran Anh, Pico, Media Mart, Nguyen Kim, HC...)",
      "company": "GENERAL ELECTRIC VN CO., LTD",
      "end_time": "2017-06-30T00:00:00Z",
      "industry": "Other",
      "position": "SALES ACCOUNT MANAGER/ ACTING CEO",
      "conf_score": 0.9456814271349797,
      "start_time": "2015-05-01T00:00:00Z"
    },
    {
      "id": 18325,
      "detail": "Specializing in distributing ICT products to major electronics supermarkets in Hanoi (Tran Anh, Pico, Media Mart, Nguyen Kim, HC...)",
      "company": "TECH VIETNAM",
      "end_time": "2015-12-31T00:00:00Z",
      "industry": "High Technology",
      "position": null,
      "conf_score": 0.7195163243318522,
      "start_time": "2015-05-01T00:00:00Z"
    },
    {
      "id": 18326,
      "detail": "",
      "company": "ROYAL CAMERA",
      "end_time": "2013-12-31T00:00:00Z",
      "industry": "Other",
      "position": "SALE AND MARKETING MANAGER",
      "conf_score": 0.8181179579651835,
      "start_time": "2013-11-01T00:00:00Z"
    },
    {
      "id": 18327,
      "detail": "Entertainment club and business of drinks, fast food",
      "company": "F5 FnR CLUB",
      "end_time": "2013-11-30T00:00:00Z",
      "industry": "Other",
      "position": "OWNER AND FOUNDER",
      "conf_score": 0.9089868123963978,
      "start_time": "2013-09-01T00:00:00Z"
    },
    {
      "id": 18328,
      "detail": "The leading electronics market in Vietnam, has the largest market share in the North",
      "company": "MEDIA MART VIETNAM JOINT STOCK COMPANY",
      "end_time": "2013-09-30T00:00:00Z",
      "industry": "Other",
      "position": "E - COMMERCE SPECIALIST",
      "conf_score": 0.9089868123963978,
      "start_time": "2012-07-01T00:00:00Z"
    },
    {
      "id": 18329,
      "detail": "The company distributes and retails computers, phones, computer accessories.",
      "company": "SECURITY COMPUTER",
      "end_time": "2012-06-30T00:00:00Z",
      "industry": "Other",
      "position": "MERCHANDISE BUYER",
      "conf_score": 0.9089868123963978,
      "start_time": "2011-03-01T00:00:00Z"
    },
    {
      "id": 18330,
      "detail": "BEST CARINGS Electronic supermarket chain is ranked in the top 500 leading retailers in Asia - TBD",
      "company": "SECURITY COMPUTER",
      "end_time": "2010-12-31T00:00:00Z",
      "industry": "Other",
      "position": "SALESMAN",
      "conf_score": 0.7050867654707917,
      "start_time": "2010-04-01T00:00:00Z"
    },
    {
      "id": 18331,
      "detail": "Specializes in providing all kinds of orchids, orchids for rent for interior and exterior decoration, advice on care and construction of orchid gardens.",
      "company": "ROYAL GARDEN",
      "end_time": "2010-03-31T00:00:00Z",
      "industry": "Other",
      "position": "SALESMAN",
      "conf_score": 0.9089868123963978,
      "start_time": "2006-12-01T00:00:00Z"
    }
  ],
  "address": null
}