{
  "skills": [
    "kafka",
    "css3",
    "payment",
    "java",
    "jboss",
    "javascript",
    "cloud",
    "jdbc",
    "management",
    "search engine",
    "excel",
    "gitlab",
    "java core",
    "gitlab library",
    "security",
    "spring boot",
    "elasticsearch",
    "positive attitude",
    "html5",
    "structure",
    "spring cloud",
    "spring",
    "microservices",
    "database development",
    "search",
    "spring security",
    "scheduling",
    "business service",
    "sql",
    "css",
    "restful",
    "oop",
    "business process management",
    "uml",
    "oracle",
    "database",
    "hibernate",
    "angularjs",
    "process management",
    "bootstrap",
    "mysql",
    "jquery"
  ],
  "fulltext": "CURRICULUM VITAE PERSONAL DETAILS Full Name: Ha Huy Vu Position: Senior Java Developer Date of birth: Oct 7th, 1992 Phone: 0393675365 Email: hahuyvu0710@gmail.com Address: 15A 48 St, Ward 16, District 8, Ho Chi Minh City, Viet Nam OBJECTIVE: To have a good opportunity to work independently or as a part of a dynamic team where I could make a significant contribution and develop as well as improve myself in both technical and soft skills. SUMMARY Java programming capabilities well with more than 4 years' experience. Good experience on Java Core, Spring boot, Spring Microservices, Spring Cloud, Spring Security, Spring Data JPA, Hibernate Good experience with Frontend: HTML5, CSS, Javascript, jQuery, AngularJS Good knowledge of Search Engine as ElasticSearch Good knowledge of Message Queue as Kafka Good knowledge of Keycloak, JBPM, JBOSS server Have experience in GitLab CI/CD Passionate about computer programming, willing to learn new technology. SKILLS Technology: JAVA, JDBC, Thymeleaf HTML5, CSS3, Bootstrap Javascript, Jquery, AngularJS UML, OOAD, OOP, SQL Framework: Spring Boot, Spring Data JPA, SpringMVC, Spring Security, Spring Cloud Eureka - Microservices, Hibernate Keycloak, JBPM ( Jboss Business Process Management) Vert.x Soft skills: Research and solve problem quickly. Work independently. Have positive attitude in team working, work and time organization. Prefer supporting team members. Resume of Ha Huy Vu Page 1 of 3 Foreign Languages: English (intermediate) Vietnamese (native) Others: WebService: RESTful Database: MySQL, Oracle Search Engine: ElasticSearch Message Queue: Kafka GitLab CI/CD EDUCATION Time Institution and Degree From 2011 to 2015 University: Ho Chi Minh City University of Education Faculty: B.S of Information Technology Diploma: IT Engineering Grade: Good WORKING EXPERIENCE JobHop (11/2018 - Present) - Software Backend Engineer Project Name: JobHop Backend Service From: 11/2018 To: Present Project Description: JobHop automatically score your profile and recommend suitable jobs. With AI, we developed a new smart job searching to help you find the best hop Project size: 2 developers - Database Structure and Design for system - Building a microservices with Spring Boot and Spring Cloud - Authenticate using Facebook Login and Google Login - Implementing logging with custom Spring AOP Annotation Responsibilities: - Sending email with Mailgun - Integrate payment gateway with NganLuong - Integrate ElasticSearch for system - Scheduling with google calendar api java - Deploy application with GitLab CI/CD Vietcapital Bank (04/2017 - 11/2018) - Senior Java Developer Project Name: Business Service Desk From: 04/2017 To: 07/2017 Project Description: Project manage ticket process for departments Resume of Ha Huy Vu Page 2 of 3 Project size: 1 developer - Build project use Spring Boot, AngularJS , Keycloak, JBPM - Authorize user with Keycloak Responsibilities: - Management ticket process page Project Name: App Printing From: 08/2017 To: 03/2018 Project Description: Document management system Project size: 1 developer - Document management, export more file types from .jasper file with iReport Responsibilities: - Handles dynamic data retrieved from multiple databases - User authorization for reporting Project Name: Score Card From: 03/2018 To: 11/2018 Project Description: Scoring system customers have qualified for the loan Project size : 1 developer - Manage scoring for customer, Corporation and Retail - Manage report approval processes Responsibilities: - Handles dynamic data from excel file template - Scoring on Excel file (push input to excel file and get output) MoMo (05/2015 - 04/ 2017) - Java Developer Project Name: MoMo Backend Service From: 05/2015 To: 04/2017 Project Description: MoMo e-wallet is a financial application that allows to receive and receive money Super fast, easy to use and absolutely safe Project size : 5 developers - Develop API for Mobile team - Upgrade, develop, manage Backend Server - Build ElasticSearch, clone data from old server to new server Responsibilities: - Build tool noti to manage schedule push noti to user - Write function sync data MIS oracle to data ElasticSearch to manage POS, - Use ElasticSearch to get POS, search location POS Resume of Ha Huy Vu Page 3 of 3",
  "educations": [
    {
      "id": 5482,
      "gpa": null,
      "major": "Information technology",
      "school": "Ho Chi Minh City University of Education",
      "diploma": "Bachelors",
      "end_time": "2015-01-01T00:00:00Z",
      "conf_score": 0.8225550773200425,
      "start_time": "2011-01-01T00:00:00Z",
      "picklist_major": "IT - Hardware/Networking",
      "major categories": "Computer and information technology",
      "major_categories_detail": "Information technology"
    }
  ],
  "experiences": [
    {
      "id": 18332,
      "detail": "",
      "company": "JobHop",
      "end_time": "2023-04-13T00:00:00Z",
      "industry": "Other",
      "position": "Software Backend Engineer",
      "conf_score": 0.9089868123963978,
      "start_time": "2018-11-01T00:00:00Z"
    },
    {
      "id": 18333,
      "detail": "",
      "company": "Vietcapital Bank",
      "end_time": "2018-11-30T00:00:00Z",
      "industry": "Banking",
      "position": "Senior Java Developer",
      "conf_score": 0.793670456519237,
      "start_time": "2017-04-01T00:00:00Z"
    },
    {
      "id": 18334,
      "detail": "Project Description: Project manage ticket process for departments size:1 developer- Build project use Spring Boot, AngularJS, Keycloak, JBPM - Authorize user with Keycloak Responsibilities: - Management ticket process page",
      "company": "Vietcapital Bank",
      "end_time": "2017-07-31T00:00:00Z",
      "industry": "Banking",
      "position": "Business Service Desk",
      "conf_score": 0.6981244904084882,
      "start_time": "2017-04-01T00:00:00Z"
    },
    {
      "id": 18335,
      "detail": "role Description: Scoring system customers have qualified for the loanProject size:1 developer- Manage scoring for customer, Corporation and Retail - Manage report approval processes Responsibilities: - Handles dynamic data from excel file template- Scoring on Excel file (push i)",
      "company": "MoMo",
      "end_time": "2017-04-30T00:00:00Z",
      "industry": "Other",
      "position": "Java Developer",
      "conf_score": 0.823654495990365,
      "start_time": "2015-05-01T00:00:00Z"
    }
  ],
  "address": "15a 48 St, Ward 16, District 8, Ho Chi Minh City, Vietnam"
}