{
  "skills": [
    "linux",
    "read people",
    "rxjava",
    "butterknife",
    "java",
    "glide",
    "analytics",
    "picasso",
    "javascript",
    "cloud",
    "sales",
    "management",
    "gcm",
    "io",
    "git",
    "svn",
    "html5",
    "kotlin",
    "analysis",
    "mvp",
    "retrofit",
    "firebase",
    "spring",
    "android",
    "insurance",
    "recruitment",
    "fcm",
    "okhttp",
    "design patterns",
    "restful",
    "css",
    "mvvm",
    "software development",
    "vcs",
    "mvc",
    "database",
    "sqlite",
    "dagger",
    "agile"
  ],
  "fulltext": "HUYNH KIM KHOA Software Engineer kimkhoa20793@gmail.com +84 937 828 000 kimkhoa20793@gmail.com https://www.linkedin.com/in/khoa-huynh-a45805129/ SUMMARY - Software Engineer with through hands-on experience in Java /Kotlin and mobile development - Four years experienced in Android Development with high skill in performance and scalability optimization, expertise in all aspects of the software development life cycle, including requirements analysis, design, development and production support. - Supportive, responsible and enthusiastic in team work, efficiently resolving project issues. Willing to take ownership of core components. EDUCATION Bachelor of Information Technology (Jun-2016) Duy Tan University (Danang, Vietnam) Major: Information Technology GPA: 3.5/4 Software Engineering Boot-camp (Jun-2016) Enclave ODC (Danang, Vietnam) CAREER/WORK EXPERIENCE Jan 2016 Present Enclave Software Development Center Software Engineer 04 years of professional Android/ Kotlin development experience. Familliar with VCS such as Git, SVN and have experience In Agile/ Scrum methodology. Have an understanding of RESTfull API, Design Pattern Android Architecture (MVP, MVC, MVVM) Worked with many 3rd party libs: - ButterKnife, Picasso, Glide - Dagger, RxJava - SQLite, Realm Database, Room Database - Retrofit, OkHttp - Analytics: Firebase, Facebook - Real-time/Notification: FCM, GCM - Payout: Braintree Experience with custom UI, custom layout components & basic animation technique. SKILLS Android 4 years experience Kotlin 1 year experience Linux 4 years experience AEM/Java script 1 year experience PROJECTS Career System (Personal project) (01/2016 06/2016) Description: The internal system that helps to manage recruitment. Technology: Android/Java, MVP pattern, Restful API, SQLite, Git. Position: Android Developer Team size: 2 Business Repair Application (07/2016 10/2016) Description: A mobile application to match the repairman with customer based on GPS technology Technology: Android/Java, MVP pattern, Restful API, SQLite, Git, Google APIs, Firebase Cloud Messenger, Firebase Database. Position: Android Developer Team size: 10 City Guiding Application (11/2016 02/2017) Description: A mobile application to publish products, sale off, promotion and connect people. Technology: Android/Java, MVP pattern, Restful API, SQLite, Git, Google APIs, Firebase Cloud Messenger. Position: Android Developer Team size: 10 Ear Force Audio Hub Project (03/2017 08/2017) Description: The mobile application provide enhanced features, configurations, and field updates for headphone products Technology: Android/Java, Kotlin, MVP pattern, Restful API, BLE connection Position: Android Developer Team size: 4 Freakick Project (September 2017 07/2018) Description: The social network project built on iOS and Android to connect people with social activities, events, etc Technology: Android/Java, MVP pattern, Socket Connection, Restful API, Firebase Cloud Messenger, Google APIs. Position: Android Developer Team size: 8 AIA Insurance Management (07/2018 05/2019) Description: The management help Insurance Agency easy to manage their customer and digitalize the paperwork Technology: AEM/Java, Javascript, Spring framework, HTML5/ CSS, Git Position: AEM Developer Team size: 16 Maxis Telecom Management (05/2019 present) Description: The mobile application to help Telecom Agency work directly with customer such as register, port-in, telecom plans, in Malaysia. Technology: Android, Java, Kotlin, Realm Database, Git, MVP Pattern. Position: Android Developer Team size: 20 Dallas Morning Newspaper (August 2019 present) Description: The mobile application to help people read the newspaper in their phone, support multiple layout. Technology: Android, Java, Kotlin, MVC, MVP pattern, In-app subscription, Restful API Position: Android Developer Team size: 5",
  "educations": [
    {
      "id": 5491,
      "gpa": null,
      "major": "Information technology",
      "school": "Duy Tan University",
      "diploma": "Bachelors",
      "end_time": "2016-06-01T00:00:00Z",
      "conf_score": 0.8734832502047997,
      "start_time": null,
      "picklist_major": "IT - Hardware/Networking",
      "major categories": "Computer and information technology",
      "major_categories_detail": "Information technology"
    }
  ],
  "experiences": [
    {
      "id": 18353,
      "detail": "04 years of professional Android/ Kotlin development experience.Familliar with VCS such as Git, SVN and have experienceIn Agile/ Scrum methodology.Have an understanding of RESTfull API, Design Pattern Android Architecture (MVP, MVC, MVVM) Worked with many 3rd party libs :- ButterKnife, Picasso, Glide - Dagger, RxJava - SQLite, Realm Database, Room Database - Retrofit, OkHttp - Analytics: Firebase, Facebook - Real-time/Notification: FCM, GCM - Payout: Braintree Experience with custom UI, custom layout components & basic animation techniques.",
      "company": "Enclave Software Development Center",
      "end_time": "2023-04-13T00:00:00Z",
      "industry": "High Technology",
      "position": "Software Engineer",
      "conf_score": 0.9186600440228837,
      "start_time": "2016-01-01T00:00:00Z"
    }
  ],
  "address": null
}