{
  "skills": [
    "critical thinking",
    "operation system",
    "networking",
    "solution method",
    "customer service skills",
    "security",
    "administration",
    "excel",
    "maintenance",
    "management",
    "structure",
    "public speaking"
  ],
  "fulltext": "Edited with the trial version of Foxit Advanced PDF EditorTo remove this notice, visit:www.foxitsoftware.com/shoppingCHAN PHAMDate of birth: 12/10/1991Phone: +Email: Address: Ho Chi Minh City, VietnamPERSONAL HIGHLIGHT SKILLSA young manager with soft -skills and Customer Service skill with high standard experiences in 5 stars serviceswere equiped from years by years. Can-do attitude and strongly passion when working. Critical thinking andanalytical are skills which were received compliments from line-managers and colleagues during working timebefore.EDUCATIONHutech UniversityOct 2009 - May 2013Major: Business AdministrationWORK EXPERIENCEColliers International - Business Development Manager 2017 - PresentProperties Manager/ Develop PropertiesMain responsibilities:- Managing, coordinating and planning essential central services: reception, security, maintenance, mail, cleaning, catering...- Maintains property by investigating and resolving tenant complaints, enforcing rules of occupancy- Training soft skills, supervise and motivate staffs working with in guest service- Building SOP & Cost Plan for estates- Join networking to create and build business for Properties & Asset Services- Meeting with client and present methods/ solutions to clientRecognition and Gains:- Expert in customer services provingding- Well cooperate with Developer and contractor to completely setup facilities for resident's convenience- Dealing cost/ issues with suppliers/ sub-contractors- Presentation with highly skills, convince and persuationBritish Consulate General 2015 - 2017Operations Manager- Manage supplier/ vendor for securities/ cleaning/ maintainance plan anually- Make sure whole maintenance work adapt with Health & Safety of UK's standard- Report to Regional Manager about contracts and operations statusAchievements and skills gained: - Create structures for operations system and apply as standard until presents- Completely contribute for the best working places for whole staffImeria An Phu - Luxury Apartment 2013 - 2015Receptionist - Assistant Operation Manager- Resolves service problems by clarifying resident's complaint- Conduct shift briefing to ensure apartment's activities and operations requirement are known- Report to Operation Manager about apartment's activities and defects in addition to resident's feedbackAchievements and skills achieved: - Contributed into the development of Imperia An Phu was voted for \"the most liveable apartment\" in 2014- Save 60% decoration's fee for management to organize eventsACTIVITIESM.I.K Corporation - PROJECT PRESENTATORApril 2015Member of M.I.K Group- Present a new project with more over 100 entrepreneurs to negotiate and persuade them to invest to our project - Ability in public speaking skill and presentationSKILLSLanguageEnglish IntermediateComputerWord, Excel, PowerpointSoft skillsCommunicate, negotiate and presentation, Feng-shuiREFERENCESVi Hai AuDirector of Alpha King Real Estate Development JSCMobile: 0908 179 877 topcv.vn",
  "educations": [
    {
      "id": 5497,
      "gpa": null,
      "major": "Urban and construction management",
      "school": "Hutech University",
      "diploma": "Bachelors",
      "end_time": "2013-05-01T00:00:00Z",
      "conf_score": 0.9206437183501178,
      "start_time": "2009-10-01T00:00:00Z",
      "picklist_major": "Architecture / Interior Design",
      "major categories": "Architecture and construction",
      "major_categories_detail": "Architecture and planning"
    }
  ],
  "experiences": [
    {
      "id": 18376,
      "detail": "Main responsibilities:- Managing, coordinating and planning essential central services: reception, security, maintenance, mail, cleaning,...- Maintains property by investigating and resolving tenant complaints, enforcing rules of occupancy- Training soft skills, supervise and motivate staffs working with excellent in guest service- Building SOP & Cost Plan for estates- Join networking to create and build business for Properties & Asset Services - Meeting with client and present methods/ solutions to clientRecognition and Gains: - Expert in customer services provingding- Well cooperate with Developer and contractor to completely setup facilities for resident's convenience- Dealing cost/ issues with suppliers/ sub-contractors- Presentation with highly skills, convince and persuation",
      "company": "Colliers International - Business Development Manager",
      "end_time": "2023-04-13T00:00:00Z",
      "industry": "High Technology",
      "position": "Properties Manager/ Develop Properties",
      "conf_score": 0.8310701854240083,
      "start_time": "2017-01-01T00:00:00Z"
    },
    {
      "id": 18377,
      "detail": "- Manage supplier/ vendor for securities/ cleaning/ maintainance plan anually- Make sure whole maintenance work adapt with Health & Safety of UK's standard- Report to Regional Manager about contracts and operations statusAchievements and skills achieved:- Create structures for operations system and apply as standard until presents- Fully contributing for the best working places for whole staff",
      "company": "British Consulate General",
      "end_time": "2017-01-31T00:00:00Z",
      "industry": "Other",
      "position": "Operations Manager",
      "conf_score": 0.9174648511369632,
      "start_time": "2015-01-01T00:00:00Z"
    },
    {
      "id": 18378,
      "detail": "- Resolves service problems by clarifying resident's complaint- Conduct shift briefing to ensure apartment's activities and operations requirement are known- Report to Operation Manager about apartment's activities and defects besides resident's feedbackAchievements and skills achieved:- Contributed into the development of Imperia An Phu was voted for \"the most liveable apartment\" in 2014 - Save 60% decoration's fee for management to organize events",
      "company": "Imperia An Phu - Luxury Apartment",
      "end_time": "2015-01-31T00:00:00Z",
      "industry": "Other",
      "position": "Receptionist - Assistant Operation Manager",
      "conf_score": 0.9174648511369632,
      "start_time": "2013-01-01T00:00:00Z"
    }
  ],
  "address": "Ho Chi Minh City,"
}