{
  "skills": [
    "linux",
    "aws",
    "docker",
    "payment",
    "java",
    "marketing",
    "payment management",
    "c++",
    "javascript",
    "graphql",
    "WIFI",
    "cloud",
    "c#",
    "cloud service",
    "mongodb",
    "management",
    "uml diagram",
    "studio",
    "heroku",
    "sequence diagram",
    "object oriented",
    "git",
    "html5",
    "analysis",
    "typescript",
    "android",
    "trello",
    "WIFI",
    "mobx",
    "class diagram",
    "website development",
    "css",
    "restful",
    "oop",
    "visual studio",
    "software development",
    "bug fixing",
    "language modeling",
    "reactjs",
    "uml",
    "system design",
    "database",
    "class",
    "apollo",
    "game development",
    "nestjs",
    "software development methodology",
    "activity diagram",
    "angularjs",
    "agile",
    "mysql",
    "query language"
  ],
  "fulltext": "Le Xuan NamTP.HCM, Vietnam University Of Information TechnologyAug 2012 - Jan 2017EDUCATIONMajor: Software EngineerMinor: Web developer, Android developerGPA: 6.59/10MegaNetJan 2018 - NowStartupJan 2017 - Jan 2018University Of Information TechnologyAug 2012 - Jan 2017WORK EXPERIENCEFull-timeAnalysis of system design with team and use UML summarize the details of MegaNet system's usersUse scrum management methodLeader project MegaNet Internal Management Software:Analysis system and task division for team membersDesign UI and UXLearn and training technology for teamsCode features for MegaNet Internal Management Software and ADS PlatformReview Code and Fix BugMerge Code of other members in the teamPart-timeSystem design analysis with teamDesign UI and UXCode some features of order food app: book, payment, management menuReview Code and Fix BugLearnComplete the school subjectsLearn the skills needed for programming: -Analysis of system design, use UML diagram draw : Class Diagram, Object Diagram, Use CasesDiagram, Sequence Diagram, Activity Diagram-OOP-Mobile programming-Programming gameUniversity Of Information TechnologyJan 2013 - Feb 2015ACTIVITIESMember of academic training club UIT-Trainning C++, OOP-Volunteer for Blood Donation OrganizationsFront-endLanguages/FrameworksReactj , Angularjs, Mobx, HTML5, CSS, Javascript,TypescriptBack-endLanguages/FrameworksNodeJS, LoopBack, NestJSCloud serviceAWS, HerokuSKILLSDatabaseMySQL, MongoDBAPIs/Query Language/PlatformsRESTful, Graphql, Apollo, LinuxModeling LanguageUMLProgramming MethodologiesObject-orientedDevelopment tools, Functional ProgrammingSoftware DevelopmentelloMethodologies , Visual Code, Visual Studio, Android StudioLanguage EnglishPROJECTSMegaNet: ADS Platform(2019 - Now)Customer MegaNetDescription- This is the app can give wi-fi marketing solutions with features: run ads ofcustomers at site have equipment was provided by MegaNet, Report click andimpression for customers.- The system is a platform providing advertising solutions for customers wishing toadvertise on their wi-fi device with MegaPlus- Customer can book advertising- Portal can device management and WiFi configurationTeam size5My positionDeveloperMy responsibilities- Analysis and design- Development- Review code- Optimize code- Bug FixingTechnologies used- AngularJS, MongoDB, RESTful API, Loopback, HTLM5, CSS- Visual Code, Git, Trello- Software Development Methodologies: Scrum- DockerMegaNet: MegaNet Internal Management Software(2018 - 2019)Customer MegaNetDescription- This is the app with management features : employee, equipment, site, inventory,reportTeam size4My positionDeveloperMy responsibilities- Leader- Analysis and design- Development- Review code- Optimize code- Bug FixingTechnologies used- ReactJS, MongoDB, Graphql, Apollo, NestJS, NodeJS, HTLM5, CSS- Visual Code, Git, Trello- Software Development Methodologies: ScrumStarup:App Order Food(2017 - 2018)Customer StartupDescription- This is the app can book the table, order food, and management system: menu,payment, service, employee. Team size4My positionDeveloperMy responsibilities- Analysis and design- Development- Review code- Optimize code- Bug FixingTechnologies used- Java- Android Studio, Git, TrelloUIT Projects: Restaurant manager, Air ticket management, Order Food, Game Contra, ImageManagement(2012 - 2017) CustomerUniversity Of Information TechnologyDescription- This is the project in my schoolTeam size2-3My positionDeveloperMy responsibilities- Analysis and design- Development- Review code- Optimize code- Bug FixingTechnologies used- C#, C++, Java- Android Studio , Visual Studio, Git, Trello",
  "educations": [
    {
      "id": 5494,
      "gpa": "6.59",
      "major": "Software EngineerMinor: Web developer, Android developer",
      "school": "University Of Information Technology",
      "diploma": "Bachelors",
      "end_time": "2017-01-01T00:00:00Z",
      "conf_score": 0.8116617718100324,
      "start_time": "2012-08-01T00:00:00Z",
      "picklist_major": "Other",
      "major categories": "",
      "major_categories_detail": ""
    }
  ],
  "experiences": [
    {
      "id": 18363,
      "detail": "Full-time Analysis of system design with team and use UML summarize the details of MegaNet system's usersUse scrum management methodLeader project MegaNet Internal Management Software:Analysis system and task division for team membersDesign UI and UX Learn and training technology for teamsCode features for MegaNet Internal Management Software and ADS Platform Review Code and Fix Bug Merge Code of other members in the team",
      "company": "MegaNet",
      "end_time": "2023-04-13T00:00:00Z",
      "industry": "Other",
      "position": null,
      "conf_score": 0.8086621310791741,
      "start_time": "2018-01-01T00:00:00Z"
    },
    {
      "id": 18364,
      "detail": "Part-time System design analysis with teamDesign UI and UX Code some features of order food app: book, payment, management menuReview Code and Fix Bug",
      "company": "Startup",
      "end_time": "2018-01-31T00:00:00Z",
      "industry": "Other",
      "position": null,
      "conf_score": 0.8086621310791741,
      "start_time": "2017-01-01T00:00:00Z"
    }
  ],
  "address": "HCMC, Vietnam"
}