{
  "skills": [
    "digital marketing",
    "regression",
    "marketing",
    "analytics",
    "chef",
    "h2o",
    "predictive analysis",
    "ams",
    "implementation",
    "c#",
    "sales",
    "machine learning",
    "management",
    "svm",
    "finance",
    "association rule",
    "analysis",
    "anomaly detection",
    "adobe analytics",
    "hp",
    "search",
    "lean",
    "commodities",
    "rss",
    "algorithm",
    "sql",
    "lean six sigma",
    "classification technique",
    "powerbi",
    "clustering",
    "class",
    "python",
    "analyst",
    "tableau",
    "six sigma"
  ],
  "fulltext": "Gagan Anand CONTACT SUMMARY I am a seasoned Data Science professional, providing on-site consulting to some of the best names in the industry. I have excelled on predictive analytics and classification techniques like linear and logistic regression, clustering, association rules, sequence pattern mining, NLP and creating KPIs for various business problems in the Finance, Telecommunications and Digital Marketing space. WORK EXPERIENCE Dec17- present Data Scientist Credit Suisse, Pune As a data scientist in the CFOs Innovation team, our objective is to increase efficiency in the finance domain using process standardization, machine learning and predictive analysis. Generated an anomaly detection algorithm to identify unusual trades for the trade audit team using one-class SVM and Isolation forests. Created a suite of tools that breaks the daily FOBO, measures book complexity, detects anomalies and helps line controllers signoff on daily trade for Product Control. Saving 200,000 annually. Aug15 - Nov17 Data Science Consultant Cognizant Technology Solutions, Bangalore As an associate in the Data Science practice I delivered the following projects: Call Volume Prediction: Using machine learning algorithms to predict call volumes and suggest ways to optimize the process through geo-clustering, pattern mining and classification modeling for the largest telecommunications company in the US. Online Search Ads Analytics: Member of the long-term strategy team that identified market opportunities and defined methodologies for monetizing them using predictive and prescriptive analytics techniques for the worlds second largest search ad engine. Projects intensive: oCreated a location based filtering algorithm to improve ad targeting and users propensity to click. oIncreased accuracy of revenue prediction models by using geo-location analytics & user segmentation. oIdentified spending patterns for large advertisers across advertiser categories. Automobile Sales Algorithm: Created an algorithm for targeted sales effort that could predict a prospective customer's propensity to purchase a vehicle and classify leads accordingly. Jun14 - Aug14 Digital Analytics Intern Hewlett Packard, Bangalore Conducted a post-click consumer analysis for HPs monthly newsletter and provided recommendations to increase engagement with consumers. Worked on enhancing the machine learning algorithm for the image recognition and text identification software on HP Autonomys IDOL platform for unstructured data. Research Associate Jul12 - Jun13 Accent Consulting, Noida Created time series models to predict commodity prices and designed dashboards to evaluate KPIs. Liaison Officer Oct09 - Oct10 Commonwealth Games 2010, Delhi Liaised with Sports Ministers, Chef de Missions and other dignitaries from Commonwealth countries during the preparation of the Commonwealth Games in Delhi. CERTIFICATIONS Management, Entrepreneurship and Global Leadership at London School of Economics and Political Sciences, London (United Kingdom). August 11 Applied Machine Learning Specialist from Wiley & Sons October15 Big Data Specialist from Wiley & Sons October15 KEY ACHIEVEMENTS Received the Delivery Excellence Award for Q2 2018 at Credit Suisse for implementation of the PC- Straight Through Processing Suite. Saving 200,000 annually. Presented with the Pinnacle Award in April 2016 for successfully delivering multiple projects. Liaison Officer to Sports Ministers and Chef de Missions at Commonwealth Games, Delhi TOOLS Proficient in R, Tableau, H2O, Adobe Analytics, SQL, Scope & MS-Office. Working knowledge of Python, SAS, C# and PowerBI. INTERESTS Volunteer Analyst at United Way of Delhi, an NGO which synergizes the efforts of corporate bodies and other NGOs. Certified advance open water scuba diver and trek leader. Lean Six Sigma Green Belt from KPMG August15 EDUCATION 2015 MBA (Business Economics, Marketing) Department of Business Economics, University of Delhi 2012 BA (Hons) Business Economics Sri Guru Tegh Bahadur Khalsa College, University of Delhi 2009 XII (AISSCE) Apeejay School Noida (CBSE) 2007 X (AISCE) Apeejay School Noida (CBSE)",
  "educations": [
    {
      "id": 5501,
      "gpa": null,
      "major": null,
      "school": "Sri Guru Tegh Bahadur Khalsa College",
      "diploma": "Colleges",
      "end_time": "2009-01-01T00:00:00Z",
      "conf_score": 0.7050867654707917,
      "start_time": "2007-01-01T00:00:00Z",
      "picklist_major": "Other",
      "major categories": "",
      "major_categories_detail": ""
    },
    {
      "id": 5500,
      "gpa": null,
      "major": "Economy",
      "school": "University of Delhi",
      "diploma": "Bachelors",
      "end_time": "2012-01-01T00:00:00Z",
      "conf_score": 0.765408085552725,
      "start_time": null,
      "picklist_major": "Economical",
      "major categories": "Social and behavioral sciences",
      "major_categories_detail": "Economics"
    }
  ],
  "experiences": [
    {
      "id": 18382,
      "detail": "Pune As a data scientist in the CFOs Innovation team, our objective is to increase efficiency in the finance domain using process standardization, machine learning and predictive analysis.Generated an anomaly detection algorithm to identify unusual trades for the trade audit team using one- class SVM and Isolation forests.Created a suite of tools that meet the daily FOBO breaks, measures book complexity, detects anomalies and helps line controllers signoff on daily trades for Product Control. Saving 200,000 annually.",
      "company": "Credit Suisse",
      "end_time": "2023-04-13T00:00:00Z",
      "industry": "Non-banking",
      "position": "Data Scientist",
      "conf_score": 0.9125776658202421,
      "start_time": "2017-12-13T00:00:00Z"
    },
    {
      "id": 18383,
      "detail": "As an associate in the Data Science practice I delivered the following projects:Call Volume Prediction: Using machine learning algorithms to predict call volumes and suggest ways to optimize the process through geo-clustering, pattern mining and classification modeling for the largest telecommunications company in the US. Online Search Ads Analytics: Member of the long-term strategy team that identified market opportunities and defined methodologies for monetizing them using predictive and prescriptive analytics techniques for the worlds second largest search ad engine. Projects intensive: oCreated a location based filtering algorithm to improve ad targeting and users propensity to click. oIncreased accuracy of revenue prediction models by using geo-location analytics & user segmentation. oIdentified spending patterns for large advertisers across advertiser categories.Automobile Sales Algorithm: Created an algorithm for targeted sales effort that could predict a prospective customer's propensity to purchase a vehicle and classify leads accordingly.",
      "company": "Cognizant Technology Solutions, Bangalore",
      "end_time": "2017-11-30T00:00:00Z",
      "industry": "High Technology",
      "position": "Data Science Consultant",
      "conf_score": 0.7707675877424722,
      "start_time": "2015-08-13T00:00:00Z"
    },
    {
      "id": 18384,
      "detail": ", Bangalore Conducted a post-click consumer analysis for HPs monthly newsletter and provided recommendations to increase engagement with consumers.Worked on enhancing the machine learning algorithm for the image recognition and text identification software on HP Autonomys IDOL platform for unstructured data.",
      "company": "Hewlett Packard",
      "end_time": "2014-08-31T00:00:00Z",
      "industry": "Other",
      "position": "Digital Analytics Internet",
      "conf_score": 0.9125776658202421,
      "start_time": "2014-06-13T00:00:00Z"
    },
    {
      "id": 18385,
      "detail": ", Noida Created time series models to predict commodity prices and designed dashboards to evaluate KPIs.",
      "company": "Accent Consulting",
      "end_time": "2013-06-30T00:00:00Z",
      "industry": "Other",
      "position": "Research Associate",
      "conf_score": 0.9174648511369632,
      "start_time": "2012-07-13T00:00:00Z"
    }
  ],
  "address": null
}