{
  "skills": [
    "encoding",
    "streaming",
    "c++",
    "algorithm",
    "python",
    "class diagram",
    "project management",
    "class",
    "yolo",
    "protocol",
    "sequence diagram",
    "cuda",
    "android",
    "matlab",
    "management",
    "medium"
  ],
  "fulltext": "Hieu Hong Hoang hoanghonghieu@gmail.com 0973 912019 Objectives Find an appropriate company with my ability. Cultivate skill, self-improvement. Willing to learn new technologies. Technologies C++ C Python Opencv FFMPEG Experience Developer, DMP February 2019 Now C++ Python Develop the image processing library: implement a wrapper library for FPGA functions. The library supports : Harris corners, optical flow, canny edge Detect seven-segment led: training and inference the number by Yolo. Developer, FPT Software July 2018 January 2019 C++ Implement EMV specification for contactless card (POS system). Write development document: state diagram, class diagram, sequence diagram. Developer, Technology company Softfront January 2015 March 2018 C Opencv Python Integrate the hardware video codecs to library. CNG(Comfort noise generator) : implement CNG using LPC(linear predictive coding). Fail product detection: analyze image using OpenCV to detect fail product. WebRTC echo canceller: integrate WebRTC echo canceller to library. Research protocol to transfer media: modify the RUDP to transfer the media data. ... Developer, Technology company Softfoundry January 2014 December 2014 C Matlab CUDA Research the intra prediction and inter prediction in H265. Using Cuda to improve the performance. Evaluates H265 codec (integrate, measure the performance in Window and Android). Use Cuda to improve the performance of comparing audio matrix (in frequency domain). Packetization of video printing: FUA. .. Developer, Computing center-Ho Chi Minh City University of Technology (HCMUT) June 2013 December 2013 C Streaming video using FFMPEG: libavformat, libavcodec, libavdevice. Produce the lecture video (record, encoding, public ). .. Implement Stereo Matching, Course project HCMUT September 2011 - February 2012 Matlab C++ Research Stereo Matching: provide two image of a scene from two camera, calculate depth map (distance between camera and object in that scene). Implement the graph cut edge in graph, which presents the relationship between neighbor pixels or two pixels in two image, use maximum flow algorithm to cut the graph and get depth map. Education B.E. Computer Science, Ho Chi Minh City University of Technology 2008 - 2013 Honor program. Good degree, 7.65 .. Project Management Workshop, Fujitsu Learning Media Ltd. 2010 .. TOEIC 540, ETS 2012 Powered by TCPDF (www.tcpdf.org)",
  "educations": [
    {
      "id": 5512,
      "gpa": "7.65",
      "major": "Computer science",
      "school": "Ho Chi Minh City University of Technology",
      "diploma": "Bachelors",
      "end_time": "2013-01-01T00:00:00Z",
      "conf_score": 0.8192126064482432,
      "start_time": "2008-01-01T00:00:00Z",
      "picklist_major": "IT - Hardware/Networking",
      "major categories": "Computer and information technology",
      "major_categories_detail": "Computer"
    }
  ],
  "experiences": [
    {
      "id": 18422,
      "detail": "Python Develop the image processing library: implement a wrapper library for FPGA functions. The library supports : Harris corners, optical flow, canny edge ... Detect seven-segment led: training and inference the number by Yolo.",
      "company": null,
      "end_time": "2023-04-13T00:00:00Z",
      "industry": "Other",
      "position": "Developer, DMP",
      "conf_score": 0.8977742170017428,
      "start_time": "2019-02-01T00:00:00Z"
    },
    {
      "id": 18423,
      "detail": "Implement EMV specification for contactless card (POS system). Write development document: state diagram, class diagram, sequence diagram.",
      "company": "FPT Software",
      "end_time": "2019-01-31T00:00:00Z",
      "industry": "High Technology",
      "position": "Developer",
      "conf_score": 0.8856016897332171,
      "start_time": "2018-07-01T00:00:00Z"
    },
    {
      "id": 18424,
      "detail": "Integrate the hardware video codecs to library. CNG(Comfort noise generator) : implement CNG using LPC(linear predictive coding). Fail product detection: analyze image using OpenCV to detect fail product. WebRTC echo canceller: integrate WebRTC echo canceller to library. Research protocol to transfer media: modify the RUDP to transfer the media data.",
      "company": "Technology company Softfront",
      "end_time": "2018-03-31T00:00:00Z",
      "industry": "High Technology",
      "position": "Developer",
      "conf_score": 0.8856016897332171,
      "start_time": "2015-01-01T00:00:00Z"
    },
    {
      "id": 18425,
      "detail": "Research the intra prediction and inter prediction in H265. Using Cuda to improve the performance. Evaluates H265 codec (integrate, measure the performance in Window and Android). Use Cuda to improve the performance of comparing audio matrix (in frequency domain). Packetization of video printing: FUA. ................................. ................................. ..............................",
      "company": "Technology company Softfoundry",
      "end_time": "2014-12-31T00:00:00Z",
      "industry": "High Technology",
      "position": "Developer",
      "conf_score": 0.8659650395474194,
      "start_time": "2014-01-01T00:00:00Z"
    },
    {
      "id": 18426,
      "detail": "Streaming video using FFMPEG: libavformat, libavcodec, libavdevice. Produce the lecture video (record, encoding, public ...). ................................. ................................. ................................. Implement Stereo Matching, Course project - HCMUT September 2011 - February 2012 Matlab C++ Research Stereo Matching: provide two image of a scene from two camera, calculate depth map (distance between camera and object in that scene). Implement the graph cut edge in graph, which presents the relationship between neighbor pixels or two pixels in two image, use maximum flow algorithm to cut the graph and get depth map.",
      "company": "Computing center - Ho Chi Minh City University of Technology (HCMUT)",
      "end_time": "2013-12-31T00:00:00Z",
      "industry": "Education",
      "position": "Developer",
      "conf_score": 0.9404253900297244,
      "start_time": "2013-06-01T00:00:00Z"
    }
  ],
  "address": null
}