{
  "skills": [
    "linux",
    "unix",
    "software architecture",
    "angular",
    "java",
    "embedded linux",
    "c++",
    "microsoft access",
    "javascript",
    "cloud",
    "c#",
    "machine learning",
    "matlab",
    "management",
    "drone",
    "studio",
    "vba",
    "picture archiving",
    "videos on demand",
    "git",
    "svn",
    "project management",
    "android",
    "javascript framework",
    "website development",
    "algorithm",
    "sql",
    "visual studio",
    "microsoft",
    "physic",
    "unity",
    "character recognition",
    "class",
    "hmi",
    "unix shell",
    "agile",
    "html"
  ],
  "fulltext": "Duc TRAN, Dong Da District, Hanoi SUMMARY Fullstack .NET developer with strong passion in Cloud Technology. I have worked in many different projects and in various technology. I'm also known as a good problem solver and not only as a simple coder. Currently, I have stronger skill in backend than frontend. In long term, I want to myself in frontend technology with JavaScript framework such as Angular JS, React, Vue.js... Developer EDUCATION 2011 2015 : ESIEE Paris, Marne-la-Vallée Major Embedded Systems 2009 2011 : Classes préparatoires at Chaptal High School, Paris Specialty mathematics physic WORK EXPERIENCES 09/2018 Curent : Fullstack .NET developer/Machine Learning engineer Mesoco, Hanoi, Vietnam Fulltime job Participated in design software architecture and development of a picture archiving and communication system in medical imaging domain using . NET frameworks. With startup spirit, all members take responsibility in all technology aspect of the project such like write and deploy windows service, deploy the project in server with IIS,... Researched AI and machine learning to help radiologist in the diagnosis using NLP (for labelization ) and Fully Convolutional Network, Unet. 01/2018 Current : Unity developer/Project Manager Hanoi, Vietnam Personal project Developed a 3D game, a programming puzzle game with a landing page Connected the game's frontend with the backend Managed a team of 4 members (artist/designer, web developer, Unity) developer) 10/2016 08/2018: Senior Mobile Android developer, Gameloft Hanoi, Vietnam Fulltime job Learned computer graphics by developing a 3D engine with C++ and OpenGL. Ported a game written in C++ to Android platform. Implemented new game feature with C++/Java/Flash (Action Script). 01/2016 08/2016: Android developer , Dotscreen Paris, France Fulltime job Development for Android platform Video-On-Demand applications (OCS, FilmoTV, Beinsport, Natgeo, ...) Optical Character Recognition application using Tesseract bibrary 01/2015 06 /2015 : Embedded Linux developer, Parrot Paris, France Internship Participated in design software architecture and development of a drone simulator. Studied about many sensors's functions: GPS, Ultrasound. Used Gazebo simulator to simulate environment's physics. 04/2013 07/2013 : Frontend .NET developer The Kite, Prague, Czech Republic Internship Developed the TKHS (The Kite Homeport Sytem) bikesharing sytème Writed an algorithm for interchange between two fields Added intellisense function in HMI SKILLS Fullstack .NET Engineering : Languages : Java/JEE, C/C++, C#, SQL, HTML, VBA, UNIX Shell, Batch, Action Script Environment : Windows, Linux, Android, Visual Studio, .NET, Eclipse, Microsoft Access, SVN, Git, Matlab Project Management : Scrum/Agile methodology Languages ​​: French : Fluent English : Professional Vietnamese : Mother-tongue ACTIVITES/INTERESTS Interests : Running, Unity 3D, scientific blog, Go chess Travel : European countries, Thailand, USA",
  "educations": [
    {
      "id": 5534,
      "gpa": null,
      "major": "Math",
      "school": "Chaptal High School",
      "diploma": "Other",
      "end_time": "2011-01-01T00:00:00Z",
      "conf_score": 0.9201489608858643,
      "start_time": "2009-01-01T00:00:00Z",
      "picklist_major": "Other",
      "major categories": "Math and statistics",
      "major_categories_detail": "Math"
    },
    {
      "id": 5533,
      "gpa": null,
      "major": "Embedded Systems",
      "school": "ESIEE Paris",
      "diploma": "Other",
      "end_time": "2015-01-01T00:00:00Z",
      "conf_score": 0.8091472125915703,
      "start_time": "2011-01-01T00:00:00Z",
      "picklist_major": "Other",
      "major categories": "",
      "major_categories_detail": ""
    }
  ],
  "experiences": [
    {
      "id": 18482,
      "detail": "- Hanoi, Vietnam Personal projectDeveloped a 3D game, a programming puzzle game with a landing pageConnected the game's frontend with the backendManaged a team of 4 members (artist/designer, web developer, Unity developer)",
      "company": "Mexico",
      "end_time": "2023-04-13T00:00:00Z",
      "industry": "Other",
      "position": "Unity developer/Project Manager",
      "conf_score": 0.8086621310791741,
      "start_time": "2018-01-01T00:00:00Z"
    },
    {
      "id": 18483,
      "detail": ", Hanoi, Vietnam Fulltime jobParticipated in design software architecture and development of a picture archiving and communication system in medical imaging domain using .NET framework.With startup spirit, all members take responsibility in all technology aspect of the project such like write and deploy windows service , deploy the project in server with IIS,... Researched AI and machine learning to help radiologist in the diagnosis using NLP (for labelization) and Fully Convolutional Network, Unet.",
      "company": "Mexico",
      "end_time": "2018-12-31T00:00:00Z",
      "industry": "Other",
      "position": "Fullstack .NET developer/Machine Learning engineer",
      "conf_score": 0.9183108138921148,
      "start_time": "2018-09-01T00:00:00Z"
    },
    {
      "id": 18484,
      "detail": "- Hanoi, Vietnam Fulltime jobLearned computer graphics by developing a 3D engine with C++ and OpenGL. Ported a game written in C++ to Android platform.Implemented new game feature with C++/Java/Flash (Action Script).",
      "company": "Gameloft",
      "end_time": "2018-08-31T00:00:00Z",
      "industry": "High Technology",
      "position": "Senior Mobile Android developer",
      "conf_score": 0.9283402044765778,
      "start_time": "2016-10-01T00:00:00Z"
    },
    {
      "id": 18485,
      "detail": "- Paris, France Fulltime jobDevelopment for Android platformVideo-On-Demand applications (OCS, FilmoTV, Beinsport, Natgeo, ...) Optical Character Recognition application using Tesseract bibrary",
      "company": "Dotscreen",
      "end_time": "2016-08-31T00:00:00Z",
      "industry": "Other",
      "position": "Android developer",
      "conf_score": 0.9125776658202421,
      "start_time": "2016-01-01T00:00:00Z"
    },
    {
      "id": 18486,
      "detail": "Participated in design software architecture and development of a drone simulator.Studied about many sensors's functions: GPS, Ultrasound. Used Gazebo simulator to simulate environment's physics.",
      "company": "Parrot",
      "end_time": "2015-06-30T00:00:00Z",
      "industry": "Other",
      "position": "Embedded Linux developer",
      "conf_score": 0.9389890236131184,
      "start_time": "2015-01-01T00:00:00Z"
    },
    {
      "id": 18487,
      "detail": ", Prague, Czech Republic Internship Developed the TKHS (The Kite Homeport Sytem) - bikesharing sytèmeWrited an algorithm for interchange between two fieldAdded intellisense function in HMI Engineering : Languages ​​: Java/JEE, C/C++, C#, SQL, HTML, VBA, UNIX Shell, Batch, Action Script Environment : Windows, Linux, Android, Visual Studio, .NET, Eclipse, Microsoft Access, SVN, Git, Matlab Project Management : Scrum/Agile methodologyLanguages ​​: French : Fluent English : Professional Vietnamese : Mother-tongue",
      "company": "The Kites",
      "end_time": "2013-07-31T00:00:00Z",
      "industry": "Other",
      "position": "Frontend .NET developer",
      "conf_score": 0.9183108138921148,
      "start_time": "2013-04-01T00:00:00Z"
    }
  ],
  "address": "Dist. Dong Da, Hanoi"
}