{
  "skills": [
    "accounting",
    "taxation activities",
    "aluminum",
    "leasing",
    "auditing",
    "excel"
  ],
  "fulltext": "Le Thi ThuDate of birth: 16/02/1982 Gender: Female Phone:Email:Address: Tran Thu Do, Phap Van Urban Area, Hoang Liet, Hoang Mai, Hanoi EDUCATION10/2006 - 10/2010 Hanoi University of Industry Specialization major: AccountingGraduate with honors WORK EXPERIENCE2010 - 7/2012Asian Financial Investment Consulting and Auditing Co., Ltd. Staff Accountant in manufacturing and construction sectors Input documents, declare taxes, prepare financial statements and finalize taxes at DN07/2012 - 09/2014 1 TV Company Limited- Vietnam Cable Television Corporation General Accounting- Revenue and expense accounting and tax reporting. 07/2012 - Currently Delta & Associates Joint Stock Company General accounting- Accounting for revenue, expenses and tax reporting for office leasing and real estate business.October 2014 - Currently An Hung Trading & Manufacturing Co., Ltd. Chief Accountant- Responsible for accounting and reporting tax and internal for production and mechanical processing activities of the enterprise.07/2017 - Currently HNC Phuc Hung Joint Stock Company Chief Accountant- Responsible for accounting and tax reporting and internal for production and processing activities. business aluminum doors.07/2019 - Currently Techso vina Construction Technology Solutions and Trade Investment Joint Stock CompanyTax Accountant-Responsible for accounting and tax reporting for background painting construction activities.07/2019 - Currently CAPITAL CONSTRUCTION INVESTMENT AND CONSULTATION CO., LTD. Tax accountant- Responsible for accounting and tax reporting for construction activities, electrical and plumbing equipment and consulting construction accounts. TOPCV office informatics- Use Proficient in Word, Excel.English tools - English communication skills TBC SKILLS Anh Quang Director of An Hung Manufacturing & Trading Co., Ltd: Anh Nguyen Director of Phuc Hung HNC Joint Stock Company: Chu Tuyen Deputy Director of Thu TV & Construction Company Do: Em Ly PT Techsovina Company: REFERENCE topcv.vn",
  "educations": [
    {
      "id": 5536,
      "gpa": null,
      "major": "Accountant",
      "school": "Hanoi University of Industry",
      "diploma": "Bachelors",
      "end_time": "2010-10-01T00:00:00Z",
      "conf_score": 0.9199016996386107,
      "start_time": "2006-10-01T00:00:00Z",
      "picklist_major": "Accounting",
      "major categories": "Business and management",
      "major_categories_detail": "Finance Bank Insurance"
    }
  ],
  "experiences": [
    {
      "id": 18494,
      "detail": "-Responsible for accounting and tax reporting for background painting activities.",
      "company": "Techso Vina construction technology solutions and trade investment joint stock company",
      "end_time": "2023-04-13T00:00:00Z",
      "industry": "High Technology",
      "position": "Tax accounting",
      "conf_score": 0.9472457262967573,
      "start_time": "2019-07-01T00:00:00Z"
    },
    {
      "id": 18495,
      "detail": "- Responsible for accounting and tax reporting and internally for the production and processing of aluminum doors and windows of the enterprise.",
      "company": "HNC Phuc Hung Joint Stock Company",
      "end_time": "2023-04-13T00:00:00Z",
      "industry": "Other",
      "position": "Chief accountant",
      "conf_score": 0.9317225827471284,
      "start_time": "2017-07-01T00:00:00Z"
    },
    {
      "id": 18496,
      "detail": "- Responsible for accounting and tax reporting and internally for production and mechanical processing activities of the enterprise.",
      "company": "An Hung Manufacturing & Trading Co., Ltd",
      "end_time": "2023-04-13T00:00:00Z",
      "industry": "Other",
      "position": "Chief accountant",
      "conf_score": 0.9406198050175063,
      "start_time": "2014-10-01T00:00:00Z"
    },
    {
      "id": 18497,
      "detail": "- Calculating revenue and expenses and compiling tax reports.",
      "company": "1 TV Company Limited - Vietnam Cable Television Corporation",
      "end_time": "2014-09-30T00:00:00Z",
      "industry": "Other",
      "position": "General Accounting",
      "conf_score": 0.950849894617377,
      "start_time": "2012-07-01T00:00:00Z"
    },
    {
      "id": 18498,
      "detail": "Enter documents, declare taxes, submit financial statements and finalize taxes at enterprises",
      "company": "Asia Financial Investment Consulting and Auditing Co., Ltd",
      "end_time": "2012-07-31T00:00:00Z",
      "industry": "Non-banking",
      "position": "Staff Accountant in the production and construction sector",
      "conf_score": 0.878127356808164,
      "start_time": "2010-01-01T00:00:00Z"
    }
  ],
  "address": "Tran Thu Do, Phap Van Urban Area, Hoang Liet, Hoang Mai, Hanoi"
}