{
  "skills": [
    "analysis",
    "index",
    "lettuce"
  ],
  "fulltext": "Curriculum Vitae Name Hung T, Ta (Born 17.11.1981) Email address tathehung@yahoo.com Home address Apartment 606, 17T2 Building, Hapulico Complex, 1 Nguyen Huy Tuong Street, Thanh Xuan, Hanoi, Vietnam Academic qualifications 2018 Ph.D Crop physiology (Lincoln University, New Zealand) 2011 M Hort. Sci. (Seoul National University, South Korea) 2004 B Agr. Sci. (Thai Nguyen University, Vietnam) Qualification summary Over ten years of R&D research experience in field and greenhouse crop experimentations. Knowledge of crop physiology and crop production modeling. Skill in statistical analysis and background in irrigation of horticultural crops. Publication and presentation of various articles and reports at international journals and conferences. Work experiences Institute of Regional Research and Development, MOST, Vietnam (March 2018- present) Manager of R&D Department - Fundraising and coordinating R&D projects on agriculture and rural development. - Identifying and assessing new methods/models of agriculture production to transfer into practice. Lincoln University, Canterbury, New Zealand (February 2014- March 2018) Ph.D. study - Understanding of crop growth and development of lucerne with different fall dormancy ratings. Institute of Regional Research and Development, MOST, Vietnam (March 2012- December 2013) Researcher - Identified new grasses and crop varieties for their suitable application on these areas of mixed crop-animal production. Seoul National University, South Korea (March 2009-January 2012) Master study - Investigated paprika transpiration model for its application in greenhouse soilless irrigation. - Participated in research on paprika/lettuce growth responses by using LEDs, CO2 supplementation. Institute of Regional Research and Development, MOST, Vietnam (April 2007-January 2009) Research Assistance - Designed and undertaking field trials to test crop varieties suitable for these areas areas. 1 | Page of 3 Technology Services for Vegetable, Fruit and Flower (May 2005-April 2007) In Vinh Phuc Province, Vietnam Technician - Designed, implemented and tested new vegetable, and flower varieties. Publications (selected) Ta, T.H., Teixeira, I.E., Brown, E.H and Moot, J.D. (2019) Yield and quality changes in lucerne of different fall dormancy ratings under three defoliation regimes (resubmitted based on reviewers comments to European Journal of Agronomy). Ta, T.H., Moot, J.D., Teixeira, I.E. 2016. Impact of autumn (fall) dormancy rating on growth and development of seedling lucerne. Journal of New Zealand Grasslands. 78:169-176. Ta, H. T., Teixeira, I.E. and Moot, J.D. Print Press. Impact of fall dormancy rating on phenological development of regrowth lucerne. Proceedings of the Australian Agronomy Conference. Ta, T.H., Shin, J.H., Noh, E.H, and Son, J.E. 2012. Transpiration, growth, and water use efficiency of paprika plants (Capsicum annuum L.) as affected by irrigation frequency. Hort. Environ. Biotechnol. 53:129-134. Ta, T.H., Shin, J.H., Ahn, T.I, and Son, J.E. 2011. Modeling of transpiration of paprika (Capsicum annuum L.) plants based on radiation and leaf area index in soilless culture. Hort. Environ. Biotechnol. 52:265-269. Oral presentations - Presented at the 18th Australian Society of Agronomy Conference, Ballarat, Australia, 24-28 September 2017. - Presented at the Perennial Pasture Systems, Ararat, Australia, 29 September 2017. - Presented at New Zealand Grassland Association Conference Timaru, New Zealand, 2016. References Name: Derrick Moot, Professor of plant science. Lincoln University, New Zealand Tel: +64 3 423 0705, E-mail: derrick.moot@lincoln.ac.nz Name: Hamish Brown, Scientist. The New Zealand Institute for Plant & Food Research Limited Tel: +64 3 325 9394, E-mail: hamish.brown@plantandfood.co.nz Name: Minh Nguyen, Director. Institute of Regional Research and Development, Vietnam Tel: +84 243 2151247, E-mail: nguyendacbinhminh@gmail.com 2 | Page of 3",
  "educations": [
    {
      "id": 5543,
      "gpa": null,
      "major": "crop physiology",
      "school": "Lincoln University",
      "diploma": "Other",
      "end_time": "2018-01-01T00:00:00Z",
      "conf_score": 0.8469454335797157,
      "start_time": null,
      "picklist_major": "Other",
      "major categories": "",
      "major_categories_detail": ""
    },
    {
      "id": 5548,
      "gpa": null,
      "major": null,
      "school": "Lincoln University",
      "diploma": "Other",
      "end_time": "2018-03-01T00:00:00Z",
      "conf_score": 0.7950857789812512,
      "start_time": "2014-02-01T00:00:00Z",
      "picklist_major": "Other",
      "major categories": "",
      "major_categories_detail": ""
    },
    {
      "id": 5544,
      "gpa": null,
      "major": "M Hort.",
      "school": "Seoul National University",
      "diploma": "Bachelors",
      "end_time": "2011-01-01T00:00:00Z",
      "conf_score": 0.8190733310569501,
      "start_time": null,
      "picklist_major": "Other",
      "major categories": "",
      "major_categories_detail": ""
    },
    {
      "id": 5550,
      "gpa": null,
      "major": null,
      "school": "Seoul National University",
      "diploma": "Bachelors",
      "end_time": "2012-01-01T00:00:00Z",
      "conf_score": 0.7431162769020557,
      "start_time": "2009-03-01T00:00:00Z",
      "picklist_major": "Other",
      "major categories": "",
      "major_categories_detail": ""
    },
    {
      "id": 5546,
      "gpa": null,
      "major": "B Ag.",
      "school": "Thai Nguyen University",
      "diploma": "Bachelors",
      "end_time": "2004-01-01T00:00:00Z",
      "conf_score": 0.8278652726293674,
      "start_time": null,
      "picklist_major": "Other",
      "major categories": "",
      "major_categories_detail": ""
    }
  ],
  "experiences": [
    {
      "id": 18524,
      "detail": "- Fundraising and coordinating R&D projects on agriculture and rural development.- Identifying and assessing new methods/models of agriculture to transfer into practice.",
      "company": "Institute of Regional Research and Development, MOST",
      "end_time": "2023-04-13T00:00:00Z",
      "industry": "High Technology",
      "position": "Manager of R&D Department",
      "conf_score": 0.871097099726393,
      "start_time": "2018-03-01T00:00:00Z"
    },
    {
      "id": 18526,
      "detail": "- Identified new grasses and crop varieties for their suitable application on these areas of mixed crop- animal production.",
      "company": "Institute of Regional Research and Development, MOST",
      "end_time": "2013-12-31T00:00:00Z",
      "industry": "High Technology",
      "position": "Researcher",
      "conf_score": 0.9355788230522663,
      "start_time": "2012-03-01T00:00:00Z"
    },
    {
      "id": 18528,
      "detail": "Designed and undertaken field trials to test crop varieties suitable for these areas.",
      "company": "Institute of Regional Research and Development, MOST",
      "end_time": "2009-01-31T00:00:00Z",
      "industry": "High Technology",
      "position": "Research Assistance",
      "conf_score": 0.9355788230522663,
      "start_time": "2007-04-01T00:00:00Z"
    },
    {
      "id": 18530,
      "detail": "Designed, implemented and tested new vegetable, and flower varieties.Publications (selected)Ta, T.H., Teixeira, I.E., Brown, E.H and Moot, J.D. (2019) Yield and quality changes in lucerne of different fall dormancy ratings under three defoliation regimes (resubmitted based on reviewers comments toEuropean Journal of Agronomy). Ta, T.H., Moot, J.D., Teixeira, I.E. 2016. Impact of autumn (fall) dormancy rating on growth and development of seedling lucerne. Journal of New Zealand Grasslands. 78:169-176. Ta, H. T., Teixeira, I.E. and Moot, J.D. Print Press. Impact of fall dormancy rating on phenological development of regrowth lucerne. Proceedings of the Australian Agronomy Conference. Ta, T.H., Shin, J.H., Noh, E.H, and Son, J.E. 2012. Transpiration, growth, and water use efficiency of paprika plants (Capsicum annuum L.) as affected by irrigation frequency. Hort. Environ. Biotechnol. 53:129-134. Ta, T.H., Shin, J.H., Ahn, T.I, and Son, J.E. 2011. Modeling of transpiration of paprika (Capsicum annuum L.) plants based on radiation and leaf area index in soilless culture. Hort. Environ. Biotechnol. 52:265-269. Oral presentations- Presented at the 18th Australian Society of Agronomy Conference, Ballarat, Australia, 24-28 September",
      "company": "Technology Services for Vegetable, Fruit and Flower",
      "end_time": "2007-04-30T00:00:00Z",
      "industry": "High Technology",
      "position": "Technician",
      "conf_score": 0.8566421377800082,
      "start_time": "2005-05-01T00:00:00Z"
    }
  ],
  "address": "Apartment 606, 17t2 Building, Hapulico Complex, 1 Nguyen Huy Tuong Street, Thanh Xuan, Hanoi, Vietnam"
}