{
  "skills": [
    "css",
    "ant design",
    "c++",
    "dom",
    "rtos",
    "python",
    "ant",
    "mongoose",
    "html",
    "reactjs",
    "css3",
    "ubuntu",
    "redux",
    "io",
    "jquery",
    "class",
    "c#",
    "html5",
    "responsive",
    "embedded c",
    "javascript",
    "oop",
    "sc",
    "pwa",
    "bootstrap",
    "docker",
    "jwt",
    "frontend development",
    "switch",
    "socket io",
    "mongodb",
    "vuejs",
    "restful",
    "proxy"
  ],
  "fulltext": "Nguyen Duc Luong PhatREACTJS DEVELOPER Summary- Looking for more opportunities in Frontend developer- Self - study and ability to look for information quickly - Problem solving skills and ability to work under high pressure- Ability to work with system, server, mobile- All my time for Education developing EducationHCM UNIVERSITY OF TECHNOLOGY2013 - 2018Major: Mechantronic EngineeringGPA: 8.08/10 29/01/1995 Male 0378306893 nguyenducluongphat7049@gmail.comHo Chi Minh, VietnamWork ExperienceSTYL SOLUTIONS12/2017 - 3/2019EmbeddedC/C++/C#/Python(Free RTOS, Script , App)HTML5/CSS3/Javascript Developer - ReactJs- Building Back Office for manage account (Token), build, monitor and simulation sensor 3D...- Building templates using Webpack or create-react-app, configuration runtime fordevelop/production environments ,- Reactjs for developing single page application- HTML5/CSS3 ( style, animation...)/React/Redux for developing UI from PSD.FPT TELECOM4/2019 - NOWHTML5/CSS3/Javascript Developer - Vuejs- Voice Detector (web speech api) ) on web (chrome, firefox..), on smart tv (samsung)- Experience in using Javascript/Jquery to build library- HTML5/CSS3 ( style, animation...) for developing UI from PSD (fptplay's project).- Vuejs for developing single page application- for developing library applied on web, smart television.- Build javascript/jquery library base on attribute, event (trigger, on), dom element for interactwith application as: notification, preview-thumbnails, scroll, switch control library.- Build Vuejs component for reuse- Developing decorator and OOP in javascript(proxy, prototype, function, class)- Using XmlHttpRequest for catching the request- Nodejs (Buffer, Stream, EventEmitter, Restful, Crawl...)CERTIFICATIONS05/ 01/2019 - 02/03/2019- Certification of ReactJS at Nordic CoderSKILL+ HTML5/CSS3 (cross browser / responsive), SCSS/CSS, Adobe XD, Bootstrap, Socket IO,React-Bootstrap, Ant Design + Javascript(Proxy, prototype ...), Jquery(animate, class, attribute, query dom, trigger...),Reactjs (context, redux, lazy Loading, middleware...), Redux (logger, thunk...), Vuejs (mixins) ,directives...), NodeJS (ExpressJS, JWT, CRUD, sort, paginate..), MongoDB (Mongoose),Webpack (alias, chunk...), Restful, PWA, Voice Detector on web+ Docker, Vagrant, Ubuntu , WindowSKILLSJavascriptJqueryReactJSVueJSHTML/CSS3NodeJSLogical thinking and creativeSketch topcv.vn",
  "educations": [
    {
      "id": 5551,
      "gpa": "8.08",
      "major": "Mechanical engineering technology",
      "school": "HCM UNIVERSITY OF TECHNOLOGY",
      "diploma": "Bachelors",
      "end_time": "2018-01-01T00:00:00Z",
      "conf_score": 0.8413267261986577,
      "start_time": "2013-01-01T00:00:00Z",
      "picklist_major": "Technical",
      "major categories": "Technology",
      "major_categories_detail": "Mechanical engineering technology"
    }
  ],
  "experiences": [
    {
      "id": 18534,
      "detail": "- Voice Detector (web speech api) on web (chrome, firefox..), on smart tv (samsung)- Experience in using Javascript/Jquery to build library- HTML5/CSS3 ( style, animation...) for developing UI from PSD (fptplay's project).- Vuejs for developing single page application- for developing library applied on web, smart tv.- Build javascript/jquery library base on attribute, event (trigger, on), dom element for interact with application as: notification , preview-thumbnails, scroll, switch control library.- Build Vuejs component for reuse- Developing decorator and OOP in javascript(proxy, prototype, function, class)- Using XmlHttpRequest for catching the request- Nodejs (Buffer, Stream, EventEmitter, Restful , Crawl...)",
      "company": "FPT TELECOM",
      "end_time": "2023-04-13T00:00:00Z",
      "industry": "High Technology",
      "position": "HTML5/CSS3/Javascript Developer - Vuejs",
      "conf_score": 0.905449349642689,
      "start_time": "2019-04-01T00:00:00Z"
    },
    {
      "id": 18535,
      "detail": "- Building Back Office for manage account (Token), build, monitor and simulation sensor 3D... - Building templates using Webpack or create-react-app, configuration runtime for develop/production environments,- Reactjs for developing single page application- HTML5 /CSS3 ( style, animation...)/React/Redux for developing UI from PSD.",
      "company": "STYL SOLUTIONS",
      "end_time": "2019-03-31T00:00:00Z",
      "industry": "High Technology",
      "position": "HTML5/CSS3/Javascript Developer - ReactJs",
      "conf_score": 0.8760915295747093,
      "start_time": "2017-12-01T00:00:00Z"
    }
  ],
  "address": "Ho Chi Minh City, Vietnam"
}