{
  "skills": [
    "stocktaking",
    "eye for detail",
    "accounting",
    "solidedge",
    "calculating salaries",
    "analysis",
    "decision making",
    "can",
    "contracting",
    "excel",
    "drafting contracts",
    "scheduling"
  ],
  "fulltext": "PERSONAL CVCV- NGUYEN THI HA NHUNG 1. Contact information: Full name: Nguyen Thi Ha Nhung Date of birth: November 1, 1990 Height: 1m65 Weight: 52 kg Permanent address: Chan Hung, Vinh Tuong district Vinh Phuc province Current address : Chan Hung Vinh Tuong district Vinh Phuc province 2. Education level : School : College of Economics and Technology Major : Accounting Grade : Good GPA : 7.61 3. Career goals: After graduation, I want to find a stable job, with many opportunities to learn and develop, with a dynamic and professional working environment. Through that, I can learn new knowledge about different areas in society; If you have the opportunity to work and develop your abilities, that's even more wonderful. At that time, I will focus on strengthening my current working position, cultivating the missing practical knowledge and learning a lot of work experience; If given the opportunity, I will strive for higher working values. 4. Working history and working experience: I. Warehouse accountant Partron Vina Company Name: Partron Vina Company Limited Working period: From November 2011 to January 2013 Position: Warehouse accountant Salary: 4,500,000 VND/month Assigned tasks: - Synthesize work and make salaries for employees in the department. - Manage import and export of input materials and exported finished products - Order raw materials and make daily export plans. - Track the amount of import and export inventory at all stages and parts in the production system in a timely manner. - Inventory inventory by day, by week, by month. - Checking invoices of goods imported from manufacturers, handling all cases of shortage of materials and goods. Accumulated skills: - Good analytical and synthesis ability - Practice carefulness and meticulousness in work. - Practice teamwork skills, work under pressure. Reason for not wanting to continue working: Because the working environment is not suitable. II. Employee of TPC Construction and Electrical Equipment Company Name of Company: TPC Construction and Electrical Equipment Company Working time: 05/2013 to 07/2016 Position: Personnel Administration Officer Salary received 5,000,000 VND/month Assigned tasks: Answering and answering phones at the office. Perform new employee searches on all media. Manage records and resumes of employees of the whole company, make a list of employees according to the form, update monthly. Drafting contracts and decisions for employees. Manage stationery and distribute uniforms for company employees. Timekeeping and making payroll for employees in the company. Support other tasks of the departments and under the direction of the Board of Directors. III. Staff of Truong Xuan Technical and Tourism Joint Stock Company Unit Name: Truong Xuan Technical and Tourism Joint Stock Company Working time: October 2016 to July 2019 Position: Tour Operator Level Salary received : 6,000,000 VND/month Assigned tasks : Answering and answering phone calls at the Operations Department Ordering and supervising services of suppliers and partners Operating, supervising, arranging for drivers to leave tour. Operating, supervising, arranging tour guides. Handling situations during the tour. Resolve inquiries, complaints of agents, customers, suppliers. Daily tour operator. Implement some common administrative procedures Make a daily/weekly work plan. Support other tasks of departments and under the direction of the board of directors + Liquidation and settlement of tour contracts. + Timekeeping, doing procedures for recruiting new employees. Accumulated experience: Good communication and negotiation skills, always keeping a calm attitude, asking customers to react quickly and flexibly in different cases. Practice teamwork skills, work under pressure. Skills to take care of customers, communicate information, create trust for customers to listen and choose the company's services. Ability to arrange time as well as work reasonably Reasons for not wanting to continue working: Because of wanting to change the working environment. 5. My skills: Proficient in office computing (word, excel, powerpoint). Proficient in the use of accounting software. Ability to manage time and work reasonably. Work in a team and can work under great pressure. Communicate, negotiate and negotiate well with customers. 6. Other information: Enthusiastic, hardworking, not afraid of hard work Hobbies: Reading, listening to music, traveling, exploring. Good health, sociable and have many friends and colleagues. Studying continuously to university, Hanoi Open University, majoring in accounting.",
  "educations": [
    {
      "id": 5552,
      "gpa": "7.61",
      "major": "Accountant",
      "school": "College of Economics and Technology",
      "diploma": "Colleges",
      "end_time": null,
      "conf_score": 0.8329796093347952,
      "start_time": null,
      "picklist_major": "Accounting",
      "major categories": "Business and management",
      "major_categories_detail": "Finance Bank Insurance"
    },
    {
      "id": 5553,
      "gpa": null,
      "major": "Accountant",
      "school": "Hanoi Open University member",
      "diploma": "Bachelors",
      "end_time": null,
      "conf_score": 0.8257906557987156,
      "start_time": null,
      "picklist_major": "Accounting",
      "major categories": "Business and management",
      "major_categories_detail": "Finance Bank Insurance"
    }
  ],
  "experiences": [
    {
      "id": 18536,
      "detail": "Salary received: 6,000,000 VND/month Assigned tasks: Answering and answering phones at the Operations room Ordering and monitoring services of suppliers, partners Operating, supervising, arranging drivers go on tour. Operating, supervising, arranging tour guides. Handling situations during the tour. Resolve inquiries, complaints of agents, customers, suppliers. Daily tour operator. Implement some common administrative procedures Make a daily/weekly work plan. Support other tasks of departments and under the direction of the board of directors+ Liquidation and settlement of tour contracts.+ Timekeeping and procedures for recruiting new employees. Accumulated experience: Good communication and negotiation skills, always keeping a calm attitude, asking customers to react quickly and flexibly in different cases. Practice teamwork skills, work under pressure. Skills to take care of customers, communicate information, create trust for customers to listen and choose the company's services. Ability to arrange time as well as work reasonably Reasons for not wanting to continue working: Because of wanting to change the working environment.",
      "company": "Truong Xuan Technical and Tourism Joint Stock Company",
      "end_time": "2019-07-31T00:00:00Z",
      "industry": "Other",
      "position": "Tour operator staff",
      "conf_score": 0.8530472174026816,
      "start_time": "2016-10-01T00:00:00Z"
    },
    {
      "id": 18537,
      "detail": "Salary received 5,000,000 VND/month Assigned tasks: Answering and answering phones at the office. Perform new employee searches on all media. Manage records and resumes of employees of the whole company, make a list of employees according to the form, update monthly. Drafting contracts and decisions for employees. Manage stationery and distribute uniforms for company employees. Timekeeping and making payroll for employees in the company. Support other tasks of the departments and under the direction of the Board of Directors.",
      "company": "Partron Vina Co., Ltd",
      "end_time": "2016-07-31T00:00:00Z",
      "industry": "Other",
      "position": "HR administrative staff",
      "conf_score": 0.6981244904084882,
      "start_time": "2013-05-01T00:00:00Z"
    },
    {
      "id": 18538,
      "detail": "Salary: 4,500,000 VND/month Assigned tasks: - Synthesize work and make salaries for employees in the department.- Manage import and export of input materials and exported finished goods- Order raw materials and make daily export and export plan.- Track inventory at all stages and parts in the production system in a timely manner.- Inventory inventory by day, by week, by month.- Checking Invoices to import goods from the manufacturer, handle all cases of shortage of materials and goods. Accumulated skills: - Ability to analyze and synthesize well- Train to be careful and meticulous in work.- Practice teamwork skills, withstand work pressure. Reason for not wanting to continue working: Because the working environment is not suitable.",
      "company": "Partron Vina Co., Ltd",
      "end_time": "2013-01-31T00:00:00Z",
      "industry": "Other",
      "position": "Bookkeeper staff",
      "conf_score": 0.9020380838656434,
      "start_time": "2011-11-01T00:00:00Z"
    }
  ],
  "address": "Chan Hung - Vinh Tuong district - Vinh Phuc province"
}