{
  "skills": [
    "payment",
    "futures",
    "public relations",
    "analysis",
    "digital marketing",
    "people skills",
    "mobile platform",
    "management",
    "marketing",
    "revenue streams"
  ],
  "fulltext": "Edited with the trial version of Foxit Advanced PDF EditorTo remove this notice, visit:www.foxitsoftware.com/shoppingMinh Tu TranCustomer Success Executive | Saigon, Vietnam | +84913019999 PROFILEService-oriented Customer Success bringing the solid history of accurate processing payments and resolving customer concerns. Excellent people skills with positive and upbeat nature. Effectively build customer loyalty with fast and friendly service.DETAILSSaigon, VietnamEMPLOYMENT HISTORYCustomer Success Executive at KMS Technology (Vietnam Branch, Ho Chi Minh CitySep 2018 - Apr 2019Reached out to customers to assess satisfaction, discuss concerns, and highlight additional offerings.Performed budget management duties and coordinated public relations programsDefine and finalize the Customer Support process to integrate with the Product team.Act as the point of contact for the Corporate Branding team and the Product team.Achievements:Successfully deploy the pilot launch in Vietnam Office (1000 staff): 70 % activation rate, 35% Weekly active users.Build a Help center for users self-service using ZendeskCustomer Experience and Payment Specialist at Agoda Ltd (Thailand), BangkokSep 2017 - Sep 2018Met and exceeded call speed, accuracy and volume benchmarks on a consistent basis .Maintained revenue streams by exhausting every option before offering refunds on accelerated calls.Collected customer feedback and recommended procedural or product changes to enhance future service delivery.Documented conversations with customers in Avaya and Genesys to track requests, problems and solutions offered.Achievements:Maintain KPIs at 3.5/5. Customer satisfaction and resolution rate : >90%.The number of cases resolved daily: 35 with 100% accuracy.Digital Marketing Executive at KMS Technology (Vietnam Branch), Ho Chi Minh CityMay 2017 - Aug 2017Planned, implemented and maintained successful SEO strategies. Completed in-depth analyzes of competitor ad, keyword, bids and landing page activities.Monitored metrics such as redirects, click and bounce rates and other KPIs to proactively optimize campaigns.SKILLSCustomer ServiceMicroso officeProperty Management SowareDigital Marketing ToolsLANGUAGESVietnameseEnglishOperation executive at AirMe (SMAAP Ltd), Ho Chi Minh CityNov 2016 - Apr 2019 Maintain and ensure smooth operations between platforms ( Mobile and Web App)Supporting cabin crews with orders and deliver top-notch customer services: answered order placement calls, responded to customer inquiries and addressed with appropriate manners. Prepare financial projection for the fiscal year 2017 and 2018. Maintained Company data records in compliance with rules and regulations.Responsible for the whole team communication and daily updates; report directly to the CEO.Achievements:3000 monthly active users and 200 active crewsTotal orders placing value at 20,000 USD EDUCATIONCass Business School, London, United Kingdom2017Degree: Master of ScienceBrunel University London, London, United Kingdom2014Degree: Bachelor of Science",
  "educations": [
    {
      "id": 5561,
      "gpa": null,
      "major": null,
      "school": "Brunel University London",
      "diploma": "Bachelors",
      "end_time": "2014-01-01T00:00:00Z",
      "conf_score": 0.7050867654707917,
      "start_time": null,
      "picklist_major": "Other",
      "major categories": "",
      "major_categories_detail": ""
    },
    {
      "id": 5559,
      "gpa": null,
      "major": null,
      "school": "Cass Business School",
      "diploma": "Masters",
      "end_time": "2017-01-01T00:00:00Z",
      "conf_score": 0.7050867654707917,
      "start_time": null,
      "picklist_major": "Other",
      "major categories": "",
      "major_categories_detail": ""
    }
  ],
  "experiences": [
    {
      "id": 18560,
      "detail": "Reached out to customers to assess satisfaction, discuss concerns, and highlight additional offerings. Performed budget management duties and coordinated public relations programs Define and finalize the Customer Support process to integrate with the Product team. Act as the point of contact for the Corporate Branding team and the Product team.Achievements: Successfully deploy the pilot launch in Vietnam Office (1000 staff): 70% activation rate, 35% Weekly active users. Build a Help center for users self-service using Zendesk",
      "company": "KMS Technology (Vietnam Branch",
      "end_time": "2019-04-30T00:00:00Z",
      "industry": "High Technology",
      "position": "Customer Success Executive",
      "conf_score": 0.9007656797693221,
      "start_time": "2018-09-01T00:00:00Z"
    },
    {
      "id": 18562,
      "detail": "Maintain and ensure smooth operations between platforms ( Mobile and Web App) Supporting cabin crews with orders and deliver top-notch customer services: answered order placement calls, responded to customer inquiries and addressed with appropriate manners. Prepare financial projection for the fiscal year 2017 and 2018. Maintained Company data records in compliance with rules and regulations. Responsible for the whole team communication and daily updates; report directly to theCEO. Achievements: 3000 monthly active users and 200 active crews Total orders placing value at 20,000 USD",
      "company": "AirMe (SMAAP Ltd),",
      "end_time": "2019-04-30T00:00:00Z",
      "industry": "Other",
      "position": "Operations executive",
      "conf_score": 0.9089868123963978,
      "start_time": "2016-11-01T00:00:00Z"
    },
    {
      "id": 18564,
      "detail": "Met and exceeded call speed, accuracy and volume benchmarks on a consistent basis. Maintained revenue streams by exhausting every option before offering refunds on accelerated calls. Collected customer feedback and recommended procedural or product changes to enhance future service delivery. Documented conversations with customers in Avaya and Genesys to track requests, problems and solutions offered.Achievements: Maintain KPIs at 3.5/5. Customer satisfaction and resolution rate : >90%. The number of cases resolved daily: 35 with 100% accuracy.",
      "company": "Agoda Ltd",
      "end_time": "2018-09-30T00:00:00Z",
      "industry": "Other",
      "position": "Customer Experience and Payment Specialist",
      "conf_score": 0.9089868123963978,
      "start_time": "2017-09-01T00:00:00Z"
    },
    {
      "id": 18566,
      "detail": "Planned, implemented and successfully maintained SEO strategies. Completed in-depth analyzes of competitor ad, keyword, bids and landing page activities. Monitored metrics such as redirects, click and bounce rates and other KPIs to proactively optimize campaigns.",
      "company": "KMS Technology (Vietnam Branch),",
      "end_time": "2017-08-31T00:00:00Z",
      "industry": "High Technology",
      "position": "Digital Marketing Executive",
      "conf_score": 0.9089868123963978,
      "start_time": "2017-05-01T00:00:00Z"
    }
  ],
  "address": "Saigon, Vietnam"
}