{
  "skills": [
    "stack",
    "angular",
    "java",
    "solution design",
    "javascript",
    "c#",
    "sales",
    "mongodb",
    "studio",
    "excel",
    "redux",
    "frontend development",
    "analysis",
    "html",
    "sell",
    "typescript",
    "ajax",
    "database development",
    "insurance",
    "css",
    "visual studio",
    "software development",
    "bug fixing",
    "mvc",
    "eclipse idea",
    "database",
    "full stack development",
    "bootstrap",
    "mysql",
    "jquery"
  ],
  "fulltext": "To Nguyen Thien Chi Fullstack Developer Date of birth: Dec 09, 1993 Gender: Male Phone: Email: Address: Go Vap, Ho Chi Minh Website: OBJECTIVE Take advantages of technology skills, experience and understand of coding to become a professional software developer. EDUCATION Jun 2017 - Jun 2019 FPT Aptech Major: Higher Diploma in Software Engineering Study and knowledge: HTML/CSS, JavaScripts, Jquery, Bootstrap, Angular, JavaEE, C# MVC... WORK EXPERIENCE Jun 2019 - Present Lucid Foundry Company Front-end Developer - Design website about the template. - Build animation or implement and improve features for Front End and Mobile App. - Analyze customer requirements and design solutions. - Research into new technologies.Fix bugs and optimize performance. Oct 2018 - Jun 2019 Monster Pixel Company Full Stack Developer - Design website about the template. - Build animation or implement and improve features for Front End. - Build a server and write tools or API for Server. - Analyze customer requirements and design solutions. - Research into new technologies.Fix bugs and optimize performance. Oct 2017 - Sep 2018 Finviet Limited Company Full Stack Developer - Design website about the template. - Build effect animations or feature for front-end. - Write tools or API for Server. - Fix bugs and optimize performance. SKILLS Programming Javascript, jQuery, Angular, HTML, CSS, Typescript, React, Redux, Nodejs, Java, C# ... Eclipse IDE, Intellij, Visual Studio Code Database MongoDB, MySQL, ... PROJECTS Good Seeker (5/2019 - present) Customer Customer Description Good Seeker is a social network for the company and member's, it can review a company, and contribute to helping the company have a better reputation. Team size 6 My position Developer - Receive a requirement from customers. - Development for the project by analysis, design and build new features for web My responsibilities and mobile app. - Code review. - Optimize code. - Fix bugs. Technologies used - HTML + CSS, Jquery, Javascript, KonvaJs, AJAX, Angular, Redux Sproutbeat CMS/Website (10/2018 - 4/2019) Customer Customer Sproutbeat Leap is a music minigame business model, Sproutbeat Leap Description membership packages for music teachers, they can create their own music minigames, then assign minigame exercises to the students to have can study at home. Team size 4 My position Developer - Receive requirement from customers. - Development for project by analysis, design and build new features for Server, My responsibilities Client site and Admin site. - Code review. - Optimize code. - Fix bugs. Technologies used - HTML + CSS, Jquery, Javascript, KonvaJs, AJAX, Angular, Nodejs, MongoDB. Report Adcolony (2/2019 - 4/2019) Customer Customer Description Report Adcolony is a collection of sources of Adcolony Company advertising channels. They are then saved record and exported as reports or excel files for customers to track in detail. Team size 2 My position Developer - Receive requirement from customers. - Development for project by analysis, design and build new features for Servre My responsibilities and Client site. - Code review. - Optimize code. - Bug Fixing. Technologies used - HTML + CSS, Jquery, Javascript, AJAX, Angular, Nodejs, MongoDB. Finviet NPP + CMS Finviet (October 2017 - September 2018) Customer Customer - Manager information of all product of my company and partner company, Description settingconfig for mobile app. - Build chart for sale and admin manager can see and printer by excel. - Create tools. - Build system. Team size 10 My position Developer - Receive requirement from customers. - Development for project by analysis, design and build new features for Servre My responsibilities and Client site. - Code review. - Optimize code. - Bug Fixing. Technologies used - HTML + CSS, Jquery, Javascript, AJAX, Angular, React navite, Redux, Nodejs, MongoDB. Website VASS Finviet (January 2018 - January 2018) Customer Customer Description - This is the website buy insurance online Team size 1 My position Developer - Analysis and design My responsibilities - Development - Review code - Optimize code - Bug Fixing Technologies used - HTML + CSS, Jquery, Javascript, AJAX, Angular, Nodejs, MongoDB. REFERENCES PhoHai Cofounder Cione.vn Company Email: dang.pho@cione.vn Phone: 0982.360.370 topcv.vn",
  "educations": [
    {
      "id": 5555,
      "gpa": null,
      "major": "Software technology",
      "school": "FPT Aptech",
      "diploma": "Other",
      "end_time": "2019-06-01T00:00:00Z",
      "conf_score": 0.9054589156856725,
      "start_time": "2017-06-01T00:00:00Z",
      "picklist_major": "IT - Hardware/Networking",
      "major categories": "Computer and information technology",
      "major_categories_detail": "Computer"
    }
  ],
  "experiences": [
    {
      "id": 18542,
      "detail": "Design website about the template.- Build animation or implement and improve features for Front End and Mobile App. - Analyze customer requirements and design solutions.- Research into new technologies.Fix bugs and optimize performance.",
      "company": "Lucid Foundry Company",
      "end_time": "2023-04-13T00:00:00Z",
      "industry": "Other",
      "position": "Front-end Developer",
      "conf_score": 0.9522775204635103,
      "start_time": "2019-06-01T00:00:00Z"
    },
    {
      "id": 18543,
      "detail": "- Design website about the template.- Build animation or implement and improve features for Front End. - Build a server and write tools or API for Server. - Analyze customer requirements and design solutions.- Research into new technologies.Fix bugs and optimize performance.",
      "company": "Monster Pixel Company",
      "end_time": "2019-06-30T00:00:00Z",
      "industry": "Other",
      "position": "Full Stack Developer",
      "conf_score": 0.9522775204635103,
      "start_time": "2018-10-01T00:00:00Z"
    },
    {
      "id": 18544,
      "detail": "- Design website about the template.- Build effect animations or feature for front-end.- Write tools or API for Server. - Fix bugs and optimize performance.",
      "company": "Finviet Limited Company",
      "end_time": "2018-09-30T00:00:00Z",
      "industry": "Other",
      "position": "Full Stack Developer",
      "conf_score": 0.9522775204635103,
      "start_time": "2017-10-01T00:00:00Z"
    }
  ],
  "address": "Go Vap, Ho Chi Minh"
}