{
  "skills": [
    "assembly language",
    "recruiting",
    "python",
    "spectral clustering",
    "java",
    "clustering",
    "computer language",
    "hadoop",
    "excel",
    "spring",
    "matlab",
    "electrical engineering",
    "management",
    "communication skills"
  ],
  "fulltext": "Curriculum Vitae Personal detail Full name: Khue Dao Tran Date of birth: March 20th, 1989 Gender: Male Marital Status: Single Nationality: Vietnam Email: khuedaotran@gmail.com Phone: +84 938964203 Current Position: Data Scientist, Trusting Social, Vietnam Education May 2012 University of Oklahoma, Norman, OK, USA Bachelor of Science Summa cum Laude Electrical Engineering Aug 2014 University of Oklahoma, Norman, OK, USA Master of Science Electrical Engineering June 2016 Eni Corporate University, Scuola Enrico Mattei Masters in Management and the Economics of Energy and the Enviroment Professional experience From September 2017 to Present: Data Scientist at Trusting Social Building financial models using alternative telco data, working across projects in Vietnam, Indonesia, India etc. Projects include: credit scoring, fraud modeling, ecommerce fraud and other related projects. Leading the recruiting process/training-mentoring incoming research engineer. From August 2014 to September 2017: Electrical Engineer at PetroVietnam Exploration Production Corporation, Field Development Division Preparing production report for oversea projects, following projects under development, preparing development plan for potential project, performing tasks assigned from division managers. Have spent 6 months working at a production platform as I&E engineer From June 2012 to June 2014: Graduate Research Assistant at Advanced Radar Research Center, University of Oklahoma Working with Dr. Nathan Goodman in Radar Signal Processing field and inquire on spectral clustering application on knowledge enhanced compressive sensing. From Summer 2011 to Spring 2012: Research Assistant at University of Oklahoma Working with Dr. Ding Lei ECE Department in brain computer interface research (BCI2000) utilizes EEG signal, specifically P300 signal. Summer 2010: Research Assistant at University of Oklahoma Working with Dr. Choon Yik Tang ECE Department in network optimization Skills Language skill: Vietnamese, English, Italian (elementary) Programming skill: Python, Matlab, Spark, Hadoop, Java, Assembly Language Computer skill: Word, Excel, Power Point, Visio, Window OS, Mac OS, Soft skill: Ability to work under pressure, analytical mind, presentation and communication skill Academic Achievements Presidents Honor Roll University College Deans Honor Roll Billy A Couch Scholarship - ECE Department 2010-2011 Merle Ward Lucas Scholarship - ECE Department 2011-2012 OG&E Scholarship from ECE Department 2011-2012 References Available upon request",
  "educations": [
    {
      "id": 5563,
      "gpa": null,
      "major": null,
      "school": "Eni Corporate University",
      "diploma": "Bachelors",
      "end_time": "2016-06-01T00:00:00Z",
      "conf_score": 0.7255079258306127,
      "start_time": null,
      "picklist_major": "Other",
      "major categories": "",
      "major_categories_detail": ""
    },
    {
      "id": 5562,
      "gpa": null,
      "major": "Electrical Engineering",
      "school": "University of Oklahoma,",
      "diploma": "Masters",
      "end_time": "2014-08-01T00:00:00Z",
      "conf_score": 0.7625990117186952,
      "start_time": null,
      "picklist_major": "Technical",
      "major categories": "Technique",
      "major_categories_detail": "Electrical engineering, electronics and telecommunications"
    },
    {
      "id": 5560,
      "gpa": null,
      "major": "Electrical Engineering",
      "school": "University of Oklahoma, Norman, OK, USA",
      "diploma": "Bachelors",
      "end_time": "2012-05-01T00:00:00Z",
      "conf_score": 0.7551834254203837,
      "start_time": null,
      "picklist_major": "Technical",
      "major categories": "Technique",
      "major_categories_detail": "Electrical engineering, electronics and telecommunications"
    }
  ],
  "experiences": [
    {
      "id": 18561,
      "detail": "Building financial models using alternative telco data, working across projects in Vietnam, Indonesia, India etc.Projects include: credit scoring, fraud modeling, ecommerce fraud and other related projects.Leading the recruiting process/training-mentoring incoming research engineer.",
      "company": "Trusting Social",
      "end_time": "2023-04-13T00:00:00Z",
      "industry": "Other",
      "position": "Data Scientist",
      "conf_score": 0.8986425279419377,
      "start_time": "2017-09-01T00:00:00Z"
    },
    {
      "id": 18563,
      "detail": ", Field Development Division Preparing production report for oversea projects, following projects under development, preparing development plan for potential project, performing tasks assigned from division managers. Have spent 6 months working at a production platform as",
      "company": "PetroVietnam Exploration Production Corporation",
      "end_time": "2017-09-30T00:00:00Z",
      "industry": "Petroleum",
      "position": "Electrical Engineer",
      "conf_score": 0.7757503484728027,
      "start_time": "2014-08-01T00:00:00Z"
    },
    {
      "id": 18565,
      "detail": "Working with Dr. Nathan Goodman in Radar Signal Processing field and inquire on spectral clustering application on knowledge enhanced compressive sensing.",
      "company": "Advanced Radar Research Center, University of Oklahoma",
      "end_time": "2014-06-30T00:00:00Z",
      "industry": "Education",
      "position": "Graduate Research Assistant",
      "conf_score": 0.8986425279419377,
      "start_time": "2012-06-01T00:00:00Z"
    },
    {
      "id": 18567,
      "detail": "Working with Dr. Ding Lei ECE Department in brain computer interface research (BCI2000) utilizes EEG signal, specifically P300 signal.",
      "company": "University of Oklahoma",
      "end_time": "2012-01-31T00:00:00Z",
      "industry": "Education",
      "position": "Research Assistant",
      "conf_score": 0.8986425279419377,
      "start_time": "2011-01-01T00:00:00Z"
    }
  ],
  "address": null
}