{
  "skills": [
    "television network",
    "networking",
    "team management",
    "analysis",
    "strategic planning",
    "arc",
    "project management",
    "performance management",
    "microsoft",
    "making decision",
    "marketing",
    "sales",
    "negotiation skill",
    "event promotion",
    "event management",
    "quality management",
    "marketing communications",
    "identity",
    "management",
    "medium"
  ],
  "fulltext": "CURRICULUM VITAEHAI NGUYENMarketing ManagerA Marketing & Media Manager with extensive experience in Real Estate, Customer Service,Entertainment & Event. My responsibilities cover management and budget allocation forproduct launch, client events as well as potential target customers analysis for company'sproductEDUCATIONPhan Dang Luu - HighshoolInternational Hong Bang UniversityMajored in Information TechnologyWORK EXPERIENCE(mMar 2012 - May 2014Yeahl! NetworkTelevision Producer Music & Film ChanelManages the original source Schedule broadcasts and deploy them to ensure that technical issues are resolved as quickly as possible.Working with team production, casting actors for \\feahTs television.Skills/Qualifications : Work management , time management, team work, high work pressure.Referral Person : Mr, Nguyen Anh Nhuoc Tong (General Director) -Aug 2015- Feb 2017DANH KHAI REAL ESTATE COMPANY LTD.(DKRC GROUP)Marketing Manager-Planning marketing communications for real estate projects that the company is implementing, training, coaching, counseling, and disciplining managers; communicating values, strategies, forSale Team, organizing sales events & Promotion for apartment buyers.-Develops strategic plan by studying technologiacal and inancial opportunities; presentingassumptions; recommending objectives-Contributes to team effort by accomplishing related results as needed.Skills/Qualifications : Performance Management, Management Pro iciency, Coordination, Decisionmaking, Strategic Planning, Quality Management.Referral Person : Mr, Vu NguyenSn Tri C$n (Marketing Director) -Aug 2014 - july 2015Thanh Nien MediaAccount & Event Manager-Advertising management and PR articles on www.motthegioi.vn of Thanh Nien Media -Deployingclients' advertising campaigns on the media of Thanh Nien Media, Some typical brands such as: Du c Ranee, Vietnam Airline, Adiva, Dang Quang Watch,... -Invite to sponsor and promote beautycontest Duyen Dang Vietnam55, Organize side events for contestants and sponsored brandsSkills/Qualifications : Performance Management, PR Management, Coordination, negotiation skills,Strategic Planning, Quality Management .Referral Person : Mr. Nguyen Minh Cuong (Sale Manager) -DOB:Planer & MediaEnglishCopy & WriterNegotiation &CommunicationProject ManagerSKILLOnline MarketingPhotoshopIllustratorFacebook AdsAdobe PremierUX/UIMicrosoft OfficeCURRICULUM VITAEHAI NGUYENWORK EXPERIENCEMar 2017- Music companyBranding & Media planning , building artists for the company. Cooperate withmedia partners for big events and showcase organized by TZM.-Financi al management, direction al development plan for each stage for the company, Buildingimage and reputation for artists at TZM.-Build periodic music theater for students, negotiate with sponsored brands, work with TV chanel,Brands, Digital Music Website and Social Network: \\feah1TV, YanTV, Mp3.zing, NCT, Verga,Icustomers and the press through events and conferences.-Develop cooperation with medical and scientific partners in the country and abroad: Metagen -ic, Vinmec, Merdic, Orthor,...Skills/Qualifications: Project management, Media, Social Network Ads, Deal with SponsoredBrands, Planner, building distribution channels, Setup Event & Media PressOct 2019 - NowANTI-FRAGILITY HEALTH CLINICSocial Media Director- Build internal communication and social media channels between the US and Vietnam-Building a brand identity system of media publications, Websiet, Fanpage, media stories anddevelopment strategy vision in Vietnam market-Standardize content and images in the media and newspapers in line with the orientationbased on the medical values ​​from the parent company ARC.-Organize events for press conferences, introduce AFHC's medical products and services toReferral Person : Ms, Hoi (Office Manager) -Social8,Skills/Qualifications : Music event management, Media TVC, Social Network Ads , Deal withSponsored Brands, Build celebrity for the artist.Referral Person : Mr, Matt Do (General Director) -EXPECTATIONPlaner & MediaProject ManagerCopy & WriterNegotiation &CommunicationEnglishSKILLOnline MarketingMicrosoft OfficeDOB:PhotoshopIllustratorFacebook AdsNetworking &Friend EntertainingReading Book Listen MusicTravelHOBBIESVITAERRIC environment whereeveryone develops the company together. Where I can devote all myskills and experience and achieve high positions at the company.Adobe Premierux/ui",
  "educations": [
    {
      "id": 5581,
      "gpa": null,
      "major": "Information technology",
      "school": "Phan Dang Luu - HighshoolInternational Hong Bang University",
      "diploma": "Bachelors",
      "end_time": null,
      "conf_score": 0.7215300996230176,
      "start_time": null,
      "picklist_major": "IT - Hardware/Networking",
      "major categories": "Computer and information technology",
      "major_categories_detail": "Information technology"
    }
  ],
  "experiences": [
    {
      "id": 18635,
      "detail": "ild internal communication and social media channels between the US and Vietnam -Building a brand identity system of media publications, Websiet, Fanpage, media stories and development strategy vision in Vietnam market-Standardize content and images in the media and newspapers in line with the orientation based on the medical values ​​from the parent company ARC. -Organize events for press conferences, introduce AFHC's medical products and services toReferral Person : Ms, Ho i (Office Manager) -",
      "company": "ANTI - FRAGILITY HEALTH CLINIC",
      "end_time": "2023-04-13T00:00:00Z",
      "industry": "Other",
      "position": "Social Media Director",
      "conf_score": 0.9650200552429793,
      "start_time": "2019-10-01T00:00:00Z"
    },
    {
      "id": 18636,
      "detail": "-Branding companies, planning music projects, building artists for the company. Cooperate with media partners for big events and showcase organized by TZM. -Financi al management, direction al development plan for each stage for the company, Building image and reputation for artists at TZM. -Build periodic music theater for students, negotiate with sponsored brands, work with TV chanel,Brands, Digital Music Website and Social Network: \\feah1TV, YanTV, Mp3.zing, NCT, Verga,",
      "company": "TZM Entertainment - Music company",
      "end_time": "2019-05-31T00:00:00Z",
      "industry": "Other",
      "position": "Marketing & Media Director",
      "conf_score": 0.9650200552429793,
      "start_time": "2017-03-01T00:00:00Z"
    },
    {
      "id": 18637,
      "detail": "-Planning marketing communications for real estate projects that the company is implementing, training, coaching, counseling, and disciplining managers; communicating values, strategies, forSale Team, organizing sales events & Promotion for apartment buyers.-Develops strategic plan by studying technologiacal and inancial opportunities; presenting assumptions; recommending objectives-Contributes to team effort by accomplishing related results as needed.Skills/Qualifications : Performance Management, Management Pro iciency, Coordination, Decision making, Strategic Planning, Quality Management. Referral Person : Mr, Vu NguyenSn Tri C$n (Marketing Director) -",
      "company": "REAL ESTATE COMPANY LTD.,(DKRC GROUP)",
      "end_time": "2017-02-28T00:00:00Z",
      "industry": "Real Estate",
      "position": "Marketing Manager",
      "conf_score": 0.9522775204635103,
      "start_time": "2015-08-01T00:00:00Z"
    },
    {
      "id": 18638,
      "detail": "-Advertising management and PR articles on www.motthegioi.vn of Thanh Nien Media -Deploying clients' advertising campaigns on the media of Thanh Nien Media, Some typical brands such as: Du c Ranee, Vietnam Airline, Adiva, Dang Quang Watch,. .. -Invite to sponsor and promote beauty contest Duyen Dang Vietnam55, Organize side events for contestants and sponsored brandsSkills/Qualifications : Performance Management, PR Management, Coordination, negotiation skills,Strategic Planning, Quality Management. Referral Person : Mr, Nguyen Minh Cuong (Sale Manager) -",
      "company": "Thanh Nien Media",
      "end_time": "2015-07-31T00:00:00Z",
      "industry": "Other",
      "position": "Account & Event Manager",
      "conf_score": 0.9650200552429793,
      "start_time": "2014-08-01T00:00:00Z"
    },
    {
      "id": 18639,
      "detail": "Manages the original source of the chanel. Encode Source ensures the image quality with the lowest storage capacity. Schedule broadcasts and deploy them to ensure that technical issues are resolved as quickly as possible.Working with team production, casting actors for \\feahTs television programs.Skills/Qualifications : Work management, time management, team work, high work pressure.Referral Person : Mr. Nguyen Anh Nhuoc Tong (General Director) -",
      "company": "Yeahl! Network",
      "end_time": "2014-05-31T00:00:00Z",
      "industry": "High Technology",
      "position": "Television Producer Music & Film Chanel",
      "conf_score": 0.9574157446682403,
      "start_time": "2012-03-01T00:00:00Z"
    }
  ],
  "address": null
}