{
  "skills": [
    "google analytics",
    "creative thinking",
    "studio",
    "data studio",
    "wordpress",
    "analytics",
    "testing",
    "administration",
    "digital marketing",
    "data analytics",
    "marketing",
    "medium",
    "service advertising",
    "google ads"
  ],
  "fulltext": "FAMILY HIEPEDUCATION2018Workshops- Messenger marketing & Chatbot- Entity Building- Google Digital 4.0 Training2017Motion Graphic by After EffectCourse2016Video Content CreativeCourse2009Business AdministrationDa Nang University Of EconomicsWORK EXPERIENCE2016 - PresentmyG LimitedContent creatorMain responsibilities:- Plan, execute and distribute the product content- Optimize content for marketing campaigns- Manage content channels- Execute Facebook ads campaigns- Analyze data through insight tools- Support game operation division of game research, testingoperating...- Manage the collaboratorsReference:- Website: http://tocchien.vn- Youtube channel: htto:// bit.ly/tocchientvSkills achieved:- Create content for targeted audiences- Use data analytics to adjust and improve advertising- Use creative tools: Adobe After Effect, Premier, Photoshop.. andother support tools- Use analytic tools: Facebook, Google Analytics, Game insight tool2015VNPay CorporationContent creatorMain responsibilities:- Plan, create and distribute product content- Advertising writing- Manage the product fanpages, websitesSkills achieved:- Improved marketing knowledge, digital media and advertising- Understood social networks2014VTC Mobile South DepartmentCommunity EmployeeMain responsibilities:- Host community events- Advertising writing- Support game operation division of game research, testingSkills achieved:- Learned basic game operation2013ME CorporationCommunityMain responsibilities:- Manage products' forums- Host community events- Customer service- Advertising wrtingSkills gained:- Improved knowledge about the customer and game market- Learned basic marketing2011Game magezines (Gamek.vn, RGN.vn, Inforgame.vn..)FreelancerMain responsibilities:- Research game market, up to date game news- Create content- SeedingSkills achieved:- Improved knowledge about the Vietnamese game market andgamers' behaviors- Writing skillsSKILLSCContent creating(3 years)Hard skillsCreate and analyze media content, optimize for advertisingSoft skillsMarketing knowledge, creative thinking, learning skillToolsAdobe After Effects / Premieres / Photoshop,...Projects Toc Chien, Boom Ba, Chaos Tam Gioi 3D, BIT Cafe.. Digital marketing(2 years)Hard skillsCreate marketing campaigns through Facebook Ads, Google Adsense.Analyze marketing results and game dataSoft skillsVietnamese game market understanding, marketing knowledge, learning skillToolsFacebook Ads/ Insights/ Analytics, Google Ads/ Keyword PlannerlData Studio, Ahrefs... Projects Toc Chien, Boom Ba, Chaos Tam Gioi 3D, BIT Cafe..ClientsHai Yen Cosmetics, Gioi Do Tap, Bach Long MobileAdvertising writing(4 years)Hard skillsAdvertising and SEO writing, seedingSoft skillsWriting and learn skills, creative thinkingToolsWordpress, CMS tool, Dream WeaverProjects Journey to the West, Ba Dao Tam Quoc, Giang Long Chi Kiem, Fire Rush,...ClientsGamek, RGN, Inforgame, GameNCommunity managing(4 years)Hard skillsCreate and manage public channels, create content, analyze insight,host events, manage collaboratorsSoft skillsSocial network knowledge, creative thinking, communication, leadershipToolsFacebook, Youtube, Product websiteProjectsBIT Cafe, Hao Han Ca, Journey to the West, Ba Dao Tam Quoc,..EventsWorld Of Tank VN Champion 2015, CyberCore Customer Conference 2016REFERENCES Ngo Trung Hau (Mr.) Nguyen Van Quoc Minh (Mr.)myG South Department Manager VTC Mobile South Department ManagerEmail: naoga@myg.vnEmail: minh.mvq@vtc.vn",
  "educations": [
    {
      "id": 5584,
      "gpa": null,
      "major": "Urban and construction management",
      "school": "Da Nang University Of Economics",
      "diploma": "Bachelors",
      "end_time": "2016-01-01T00:00:00Z",
      "conf_score": 0.8122306558073306,
      "start_time": "2009-01-01T00:00:00Z",
      "picklist_major": "Architecture / Interior Design",
      "major categories": "Architecture and construction",
      "major_categories_detail": "Architecture and planning"
    }
  ],
  "experiences": [
    {
      "id": 18642,
      "detail": "Main responsibilities:- Plan, execute and distribute the product content- Optimize content for marketing campaigns- Manage content channels- Execute Facebook ads campaigns- Analyze data through insight tools- Support game operation division of game research, testing operating...- Manage the collaboratorsReference: - Website: http://tocchien.vn- Youtube channel: htto://bit.ly/tocchientvSkill targeteds achieved:- Create content for audiences- Use data analytics to adjust and improve advertising- Use creative tools: Adobe After Effect , Premier, Photoshop.. and other support tools- Use analytic tools: Facebook, Google Analytics, Game insight tool",
      "company": "myG Limited",
      "end_time": "2023-04-13T00:00:00Z",
      "industry": "Other",
      "position": "Content creator",
      "conf_score": 0.9171087048027518,
      "start_time": "2016-01-01T00:00:00Z"
    },
    {
      "id": 18643,
      "detail": "Main responsibilities:- Plan, create and distribute product content- Advertising writing- Manage the product fanpages, websitesSkills gained:- Improved marketing knowledge, digital media and advertising- Understood social networks",
      "company": "VNPay Corporation",
      "end_time": "2015-12-31T00:00:00Z",
      "industry": "Other",
      "position": "Content creator",
      "conf_score": 0.7968365464642849,
      "start_time": "2015-01-01T00:00:00Z"
    },
    {
      "id": 18644,
      "detail": "Main responsibilities:- Host community events- Advertising writing- Support game operation division of game research, testingSkills achieved:- Learned basic game operation",
      "company": "VTC Mobile South Department",
      "end_time": "2014-12-31T00:00:00Z",
      "industry": "Other",
      "position": "Community Employee",
      "conf_score": 0.7968365464642849,
      "start_time": "2014-01-01T00:00:00Z"
    },
    {
      "id": 18645,
      "detail": "Main responsibilities:- Manage products' forums- Host community events- Customer service- Advertising wrtingSkills gained:- Improved knowledge about the customer and game market- Learned basic marketing",
      "company": "ME Corporation",
      "end_time": "2013-12-31T00:00:00Z",
      "industry": "Other",
      "position": "Community",
      "conf_score": 0.7968365464642849,
      "start_time": "2013-01-01T00:00:00Z"
    },
    {
      "id": 18646,
      "detail": "Main responsibilities:- Research game market, up to date game news- Create content- Seeding Skills gained:- Improved knowledge about the Vietnamese game market and gamers' behaviors- Writing skills",
      "company": "Game magazines (Gamek.vn, RGN.vn, Inforgame.vn",
      "end_time": "2011-12-31T00:00:00Z",
      "industry": "High Technology",
      "position": "Freelancer",
      "conf_score": 0.7968365464642849,
      "start_time": "2011-01-01T00:00:00Z"
    }
  ],
  "address": null
}