{
  "skills": [
    "fund management",
    "corporate stationery",
    "accounting",
    "calculating salaries",
    "insurance",
    "sell",
    "buy",
    "sales",
    "contracting",
    "balance sheet exposure",
    "drafting contracts"
  ],
  "fulltext": "PROFESSIONAL OBJECTIVE PMWish to work in a professional, dynamic and challenging environment, improve knowledge and professional experience. Make the best effort to complete the assigned tasks well, contribute to building personal career, contribute to the development of the company. HOANG THI KIEU TRANG Administrative staff - human resources EDUCATION 08/2014 - 12/2017 University School of Finance - Banking, HanoiDepartment of AccountingAccountingGraduate from 25/07/1996Female WORK EXPERIENCE1/2018 - 03/2018 ATS GLOBAL Vietnam Co., Ltd. Accounting Intern- Entering purchase and sale invoices, bank statements goods- Making timesheets, calculating wages- Tax reconciliation- VAT declaration- Printing books and documents,- And doing other jobs arising 03/2018 - Currently Asimco Scientific and Technical Services Joint Stock Company Employees Administration - accounting - Data entry into software - Making balance sheet - Making payroll, time sheet - Tax reconciliation - Printing books and documents - Drafting contracts, orders, minutes delivery....- Debt recovery- Fund management- Consolidation of inventory import and export- Bank transactions, insurance agencies,- Collection and expenditure collection- Invoicing- VAT declaration- Call to sell goods- Manage company's stationery, timekeeping...And do other jobs assigned by superiors0977826257Hoangkieutrang257@gmail.comTien Phong - Me Linh - Hanoi https://www.facebook.com/kieutrang.hoang. 1441Skills Communication: Teamwork:ACTIVITIES 04/2014 - 12/2017 Charity group of Hanoi University of Finance - Banking Volunteers- Participate in fundraising, support for poor children in mountainous provinces. Carrying out volunteer trips to bring books and warm clothes to the highlands, participating in programs to clean up the environment, repainting schools, volunteering to help build houses for the poor... GoodCV.vn1/1",
  "educations": [
    {
      "id": 5593,
      "gpa": null,
      "major": "Accountant",
      "school": "Hanoi University of Finance - Banking",
      "diploma": "Bachelors",
      "end_time": "2017-12-01T00:00:00Z",
      "conf_score": 0.9394705661952214,
      "start_time": "2014-08-01T00:00:00Z",
      "picklist_major": "Accounting",
      "major categories": "Business and management",
      "major_categories_detail": "Finance Bank Insurance"
    }
  ],
  "experiences": [
    {
      "id": 18678,
      "detail": "- Enter data into the software - Make a balance sheet - Make payroll, time sheet - Reconcile taxes - Print books and documents - Draft contracts, orders, delivery minutes.... - Debt recovery - Fund management - General inventory import and export - Banking transactions, insurance agencies, - Collection and expenditure collection - Invoicing - VAT declaration - Sales calls - Document management company stationery, timekeeping...And do other tasks assigned by superiors",
      "company": "Asimco Scientific and Technical Service Joint Stock Company",
      "end_time": "2023-04-13T00:00:00Z",
      "industry": "Science",
      "position": "Administrative staff - accountant",
      "conf_score": 0.959177526346337,
      "start_time": "2018-03-01T00:00:00Z"
    },
    {
      "id": 18679,
      "detail": "- Enter purchase and sale invoices, bank statements - Make timesheets, calculate wages - Reconcile taxes - Declare VAT - Print documents, - And do other arising jobs",
      "company": "ATS GLOBAL Vietnam Co., Ltd",
      "end_time": "2018-03-31T00:00:00Z",
      "industry": "Other",
      "position": "Trainee accountant",
      "conf_score": 0.9542271074073599,
      "start_time": "2018-01-01T00:00:00Z"
    }
  ],
  "address": "Tien Phong - Me Linh - Hanoi"
}