{
  "skills": [
    "recruiting",
    "investments",
    "analysis",
    "customer relationship management",
    "Internet",
    "scheduling",
    "insurance",
    "human resources",
    "project management",
    "microsoft",
    "market research",
    "marketing",
    "sales",
    "negotiation skill",
    "excel",
    "sales and marketing",
    "workflow",
    "recruitment",
    "business strategy",
    "relationship management",
    "problem solving skills",
    "management",
    "communication skills",
    "problem solving"
  ],
  "fulltext": "NGUYEN SON TRARICHARDSUMMARY Success in building and managing a team of 150 salesMotivated and self driven with 8 years of sales, known for ability opening new customers account, customer relationship management, resulting in good customer satisfaction and retention thus increasing sales.Demonstrating professionalism in pressure environment , result oriented with negotiation skills, presentation skills, communication skills, organizational skills, time management and problem-solving skill.EXPERIENCEConsultant (freelancer)nowSAPO05/2019Develop a module (product) to provide delivery serviceBuild up, training operating procedures and customer serviceSupport connect and negotiate with delivery partnersGTV (GameTV)Research and determine business modelBuild up business processes and inter-departmental coordinationFormulate business policies, sale packagesSupport to recruitment, training sales staffsBusiness Development Manager, GHN Giaohangnhanh05/201901/2019Analyze current and past financial data, such as sales reports , and providestrategies to cut costs and increase revenue.Perform market research to identify new opportunities and engage withexecutives to establish strategies for pursuing those new opportunities.Create and improve proposals for our existing and new clients.Prepare the company resources and continually track expenses, as well as makesure were on track to hit revenue targetsAnd tasks of Sales Manager (under Sales Director)12/2018 05/2018Regional Sales Manager, GHN GiaohangnhanhAccomplishes national sales human resource objectives by recruiting, selecting, orienting, training, assigning, scheduling, coaching, counseling, motivating and disciplining employees; communicate jobexpectations; planning, monitoring, appraising, and reviewing job contributions; planning and reviewing. ompensation actions; enforcing policies and procedres.Analyze then make the market and competiors reportAnalyze the sales data to propose sales and marketing campaignPropose and working with MKT team to build and maintain a strong, consistentbrand through the packages of online and offline marketing channels04/2018Sales Team Leader, VNPT EPAY JSCTraining and coaching team members to support their personal development01/2017Supports the team to meet the goals and expectations of customersParticipates in reviewing processes and workflow to diagnose areas for improvementAchieve sales & revenue targets by identifying and securing businessopportunities from prospective customersReview & analysis the market situation12/ 2016International Business Executive, VNPT EPAY JSC 08/2014MAIN RESPONSIBILITYResearch and develop new services, new functionsMaintain and take care current customersDevelop market and open new B2B, B2C customersTraining staffsACHIEVEMENTBest seller in 2016Best seller in 201504/2014Sale executive, Agrivina Co., Ltd, Ha Noi 11/2011MAIN RESPONSIBILITYDevelop new market, opening new customer accountRecover customer due paymentsEducate new customers and consult customers about products, prices andtechniquesResponsible for branding a new product (Chrysal) into North Viet NamACHIEVEMENTConsistently hit or exceeded personal monthly sales target as much as 5% andearned reputation as best seller in branch sales teamBuilt a loyal customer base by using a consultative sales approachBe promoted to be leader developing new market and increasing sales of newproduct ( Increased 350% sales compare to previous year revenue)PERSONAL INFOMATION27th Sep 19890919 027 989Room 1008, Sunrise Building 3B New Urban Sai Dong, Long Bien, HNng.sontra2709@gmail.comEDUCATIONBachelors Degree of Economics 2011 National Economics University, Ha NoiINTERRESTS TravelingCOMPETENCIES & SKILLSBasic backgroundPlanning economics, project managementAdditional important trainingMarketing, investment economics, insurance technics, business strategy and customer service.ITCertificate of Microsoft Office and proficient in the use of: MS Word, MS Excel, Outlook Express, MS Power Point, Internet etc.CertificateGeneral Accountant, Bank credit, Communication and Customer Management skills, Salepro leadership, Inspiring leadership",
  "educations": [
    {
      "id": 5599,
      "gpa": null,
      "major": "Economy",
      "school": "National Economics University",
      "diploma": "Bachelors",
      "end_time": "2011-01-01T00:00:00Z",
      "conf_score": 0.8044329014146352,
      "start_time": null,
      "picklist_major": "Economical",
      "major categories": "Social and behavioral sciences",
      "major_categories_detail": "Economics"
    }
  ],
  "experiences": [
    {
      "id": 18712,
      "detail": "Develop a module (product) to provide delivery serviceBuild up, training operating procedures and customer serviceSupport connect and negotiate with delivery partnersGTV (GameTV) Research and determine business modelBuild up business processes and inter-departmental coordinationFormulate business policies, sale packagesSupport to recruitment, training sales staffs",
      "company": "SAPO",
      "end_time": "2023-04-13T00:00:00Z",
      "industry": "Other",
      "position": "Consultant (freelancer",
      "conf_score": 0.9142206543796373,
      "start_time": "2019-05-01T00:00:00Z"
    },
    {
      "id": 18713,
      "detail": "Analyze current and past financial data, such as sales reports, and provide strategies to cut costs and increase revenue. Perform market research to identify new opportunities and engage with executives to establish strategies for pursuing those new opportunities.Create and improve proposals for our existing and new clients.Prepare the company resources and continually track expenses, as well as make sure were on track to hit revenue targetsAnd tasks of Sales Manager (under Sales Director)",
      "company": "GHN Giaohangnhanh",
      "end_time": "2019-05-31T00:00:00Z",
      "industry": "Transportation & Logistics",
      "position": "Business Development Manager",
      "conf_score": 0.9310285007634038,
      "start_time": "2019-01-01T00:00:00Z"
    },
    {
      "id": 18714,
      "detail": "Accomplishes national sales human resource objectives by recruiting, selecting, orienting, training, assigning, scheduling, coaching, counseling, motivating and disciplining employees; communicate job expectations; planning, monitoring, appraising, and reviewing job contributions; planning and review c. ompensation actions; enforcing policies and procedres.Analyze then make the market and competiors reportAnalyze the sales data to propose sales and marketing campaignPropose and working with MKT team to build and maintain a strong, consistent brand through the packages of online and offline marketing channels",
      "company": "GHN Giaohangnhanh",
      "end_time": "2018-12-31T00:00:00Z",
      "industry": "Transportation & Logistics",
      "position": "Regional Sales Manager",
      "conf_score": 0.9257062876052345,
      "start_time": "2018-05-01T00:00:00Z"
    },
    {
      "id": 18715,
      "detail": "Supports the team to meet the goals and expectations of customersParticipates in reviewing processes and workflow to diagnose areas for improvementAchieve sales & revenue targets by identifying and securing business opportunities from prospective customersReview & analysis the market situation",
      "company": "VNPT EPAY JSC",
      "end_time": "2018-04-30T00:00:00Z",
      "industry": "Other",
      "position": "Sales Team Leader",
      "conf_score": 0.9307491808413652,
      "start_time": "2017-01-01T00:00:00Z"
    },
    {
      "id": 18716,
      "detail": "MAIN RESPONSIBILITY Research and develop new services, new functionsMaintain and take care current customersDevelop market and open new B2B, B2C customersTraining staffsACHIEVEMENT Best seller in 2016 Best seller in 2015",
      "company": "VNPT EPAY JSC",
      "end_time": "2016-12-31T00:00:00Z",
      "industry": "Other",
      "position": "International Business Executive",
      "conf_score": 0.9462813080854472,
      "start_time": "2014-08-01T00:00:00Z"
    },
    {
      "id": 18717,
      "detail": "MAIN RESPONSIBILITY Develop new market, opening new customer accountRecover customer due paymentsEducate new customers and consult customers about products, prices and techniquesResponsible for branding a new product (Chrysal) into North Vietnam ACHIEVEMENT Consistently hit or exceeded personal monthly sales target as much as 5% and earned reputation as best seller in branch sales teamBuilt a loyal customer base by using a consultative sales approachBe promoted to be leader developing new market and increasing sales of new product ( Increased 350% sales compare to previous year revenue)",
      "company": "Agrivina Co., Ltd",
      "end_time": "2014-04-30T00:00:00Z",
      "industry": "Agriculture",
      "position": "Sales executive",
      "conf_score": 0.9423911728571437,
      "start_time": "2011-11-01T00:00:00Z"
    }
  ],
  "address": "Room 1008, Sunrise Building 3b New Urban Sai Dong, Long Bien, Hanoi"
}