{
  "skills": [
    "linux",
    "stack",
    "aws",
    "angular",
    "flutter",
    "docker",
    "mongo",
    "javascript",
    "graphql",
    "cloud",
    "c#",
    "mongodb",
    "search engine",
    "gitlab",
    "unit test",
    "security",
    "elasticsearch",
    "git",
    "svn",
    "analysis",
    "html",
    "typescript",
    "search",
    "asp",
    "kendo ui",
    "website development",
    "sql",
    "css",
    "nunit",
    "software development",
    "mvc",
    "reactjs",
    "database",
    "dart",
    "apollo",
    "problem solving",
    "jest",
    "mysql",
    "jquery"
  ],
  "fulltext": "Lam Dao Cuong - Senior Software Developer | | Ho Chi Minh City, Vietnam Summary Passionate Software Engineer with 8+ years of experience, especially in .NET, NodeJS stack and Web Development. Able to work with team or myself perfectly to develop features and resolve problems. Willing to learn and adapt new technology to the work and sharing with others is my happiness. Skills & Abilities # Languages: C#, HTML, CSS, JavaScript, TypeScript, Dart, NodeJS. # Databases: MS SQL, MySQL, Mongo DB. # Unit test: Jest, Nunit, Xunit. # Cloud: AWS (S3, CloudFront, Lambda, EC2, Elasticsearch...). # Source Control: GIT, SVN. # Business: Ecommerce, Search Engine, Logistics. # Security thinking, problem solving, debugging. # Independent and team working. Experience ECOE, Ho Chi Minh City, January 2019 - present. Senior software engineer ECOE is a start-up company provide a website and platform for realstate brokers. Activities: Analysis requirement, code feature search utilities, set up CI/CD for NodeJS (Backend - Server), research and training team about GraphQL Apollo (Server Client). Achievements: Learn about ReactJS, GraphQL Apollo. Main technologies: NodeJS, ReactJS. Esilicon Corporation, Ho Chi Minh City, March 2016 2019. Senior software engineer Activities: Worked as Full Stack Engineer, maintained and resolved performance Web application using NodeJS, Angular 7, React JS, MySQL, MongoDB. Setup CI/CD using GitLab. Achievements: Learn about Flutter, Linux, Node JS, React JS, Docker. Main technologies: NodeJS, ReactJS, Flutter. Silicon Prime, 2012 2016 Senior Full-stack Web Developer Activities: Develop company and customer website. Achievements: ASP.Net MVC (3-4-5), HTML, JavaScript, Kendo UI, jQuery. Main technologies: ASP.Net MVC, SQL, jQuery. Education : Sai Gon Technology University: Bachelor of Software Engineering 2007 2011. Aptech Academy Certificate: 2010 2012. Languages: English, Vietnamese.",
  "educations": [
    {
      "id": 5601,
      "gpa": null,
      "major": "Software technology",
      "school": "Sai Gon Technology University",
      "diploma": "Bachelors",
      "end_time": "2011-01-01T00:00:00Z",
      "conf_score": 0.8211412546833458,
      "start_time": "2007-01-01T00:00:00Z",
      "picklist_major": "IT - Hardware/Networking",
      "major categories": "Computer and information technology",
      "major_categories_detail": "Computer"
    }
  ],
  "experiences": [
    {
      "id": 18723,
      "detail": "ECOE is start-up company provide a website and platform for realstate brokers.Activities: Analysis requirement, code feature search utilities, set up CI/CD for NodeJS (Backend - Server), research and training team about GraphQL Apollo (Server - Client) . Achievements: Learn about ReactJS, GraphQL Apollo. Main technologies: NodeJS, ReactJS.",
      "company": "ECOE",
      "end_time": "2023-04-13T00:00:00Z",
      "industry": "Other",
      "position": "Senior software engineer",
      "conf_score": 0.9330320967770662,
      "start_time": "2019-01-01T00:00:00Z"
    },
    {
      "id": 18724,
      "detail": "Activities: Worked as Full Stack Engineer, maintained and resolved performance Web application usingNodeJS, Angular 7, React JS, MySQL, MongoDB. Setup CI/CD using GitLab. Achievements: Learn about Flutter, Linux, Node JS, React JS, Docker. Main technologies: NodeJS, ReactJS, Flutter.",
      "company": "Esilicon Corporation",
      "end_time": "2019-01-31T00:00:00Z",
      "industry": "Other",
      "position": "Senior software engineer",
      "conf_score": 0.9330320967770662,
      "start_time": "2016-03-01T00:00:00Z"
    },
    {
      "id": 18725,
      "detail": "activities: Develop company and customer website.Achievements: ASP.Net MVC (3-4-5), HTML, JavaScript, Kendo UI, jQuery. Main technologies: ASP.Net MVC, SQL, jQuery.",
      "company": "Silicon Prime",
      "end_time": "2016-01-31T00:00:00Z",
      "industry": "Other",
      "position": "Senior Full - stack Web Developer",
      "conf_score": 0.8166249114202191,
      "start_time": "2012-01-01T00:00:00Z"
    }
  ],
  "address": "Ho Chi Minh City, Vietnam"
}