{
  "skills": [
    "angular",
    "css3",
    "java",
    "futures",
    "javascript",
    "es6",
    "management",
    "redux",
    "blockchain",
    "jquery",
    "git",
    "html5",
    "spring",
    "maintenance",
    "website development",
    "css",
    "restful",
    "rod",
    "le",
    "reactjs",
    "npm",
    "hibernate",
    "yarn",
    "bootstrap",
    "material ui",
    "mysql",
    "html"
  ],
  "fulltext": "Vu Van LinhFront-end web Developerlinhvu.vv@gmail.com+84 34 914 987619 Tu Cuong - Tan Binh district, Ho Chi Minh, Viet Namlinkedin.com/in/linh-vu-van-7902a5141linh.vu.htth@outlook. comAlways try to find and improve my skills to produce quality productsWORKING03/2018 PresentStreamy59 Xa Lo Ha Noi street - 2 districtHo Chi Minh city - Viet NamReview the company on this https://streamy.live/aboutCreate new version on front-end for website use React Js,redux and third party component Material-UI.07/2017 12/2017Quoine259 Tran Hung Dao street - 1 districtHo Chi Minh city - Viet NamWe are a leading findtech company that provides trading, exchange, and nextgeneration financial services powered by blockchain technology. We believecryptocurrencies and blockchain technology will shape the future of financialservices.Using react for create chat app on web with telegram API.Implement front-end function on trading web-apps. (Tradingweb-apps is product of QUOINE https://trade.quoinex.com/)04/2016 06/2017Clearway Solutions33 Ba Vi street - Tan Binh districtHo Chi Minh City - Viet NamPROVIDE SOFTWARE SOLUTIONS AS A SERVICE FOR OUR CUSTOMERS TOMINIMIZE CAPEX AND MAXIMIZE ROI.Develop for company's product: Grande Tracking System GTS(Management of furniture production process, From orderreceipt to completion of installation and maintenance)Development with J-Query, React JS, Knock-out Js andBootstrap for font-end. Spring frame work of Java for back-end.Contact:Tuan Leinfo@clearway.vnAchievements/TasksTasks/AchievementsEDUCATION08/2013 04/2016Faculty Information TechnologyInformation Technology CollegeHo Chi Minh city - Viet NamSKILLReact JsReduxVue JsKnockout JS, JQueryJava, Hibernate, Spring Framework JSMySqlAngular , BootstrapEXPERIENCEMore than two year of experience develop webapplications using React JSExperience using framework design Bootstrap,Antd, Material UI, etc...Fluent in integrating RESTful APIs, Web SocketStrong knowledge of JavaScript (ES6) and HTML5,CSS, CSS3 AnimationKnowledge in Front- end building and packagingscript, dependencies manager, task runners (npm,yarn, webpack)Experienced in Java back-end service use Springframework, Data JPA, HibernateFamiliar with source control system Git(Open mind to research new technical)LANGUAGESEnglishINTERESTSI have spend time for reading a bookSometime for soccerPowered by TCPDF (www.tcpdf.org)",
  "educations": [
    {
      "id": 5607,
      "gpa": null,
      "major": "Information technology",
      "school": "Information Technology College",
      "diploma": "Colleges",
      "end_time": "2016-04-01T00:00:00Z",
      "conf_score": 0.8326789499906532,
      "start_time": "2013-08-01T00:00:00Z",
      "picklist_major": "IT - Hardware/Networking",
      "major categories": "Computer and information technology",
      "major_categories_detail": "Information technology"
    }
  ],
  "experiences": [
    {
      "id": 18748,
      "detail": "y59 Xa Lo Ha Noi street - 2 districtHo Chi Minh city - Viet Nam Review the company on this https://streamy.live/aboutCreate new version on front-end for website use React Js, redux and third party component Material-UI. Achievements/Tasks",
      "company": null,
      "end_time": "2023-04-13T00:00:00Z",
      "industry": "Other",
      "position": "Stream",
      "conf_score": 0.8086621310791741,
      "start_time": "2018-03-01T00:00:00Z"
    },
    {
      "id": 18749,
      "detail": "259 Tran Hung Dao street - 1 districtHo Chi Minh city - Viet Nam We are a leading findtech company that provides trading, exchange, and next generation financial services powered by blockchain technology. We believe cryptocurrencies and blockchain technology will shape the future of financial services.Using react for create chat app on web with telegram API. Implement front-end function on trading web-apps. (Trading web-apps is product of QUOINE https://trade.quoinex.com/)",
      "company": "Quoine",
      "end_time": "2017-12-31T00:00:00Z",
      "industry": "Other",
      "position": null,
      "conf_score": 0.8086621310791741,
      "start_time": "2017-07-01T00:00:00Z"
    },
    {
      "id": 18750,
      "detail": "33 Ba Vi street - Tan Binh districtHo Chi Minh City - Viet Nam PROVIDE SOFTWARE SOLUTIONS AS A SERVICE FOR OUR CUSTOMERS TO MINIMIZE CAPEX AND MAXIMIZE ROI. Develop for company's product: Grande Tracking System GTS (Management of furniture production process, From order receipt to completion of installation and maintenance)Development with J-Query, React JS, Knock-out Js andBootstrap for font-end. Spring frame work of Java for back-end.Contact:Tuan Le-info@clearway.vn Tasks/Achievements",
      "company": "Clearway Solutions",
      "end_time": "2017-06-30T00:00:00Z",
      "industry": "High Technology",
      "position": null,
      "conf_score": 0.8086621310791741,
      "start_time": "2016-04-01T00:00:00Z"
    }
  ],
  "address": "19 Tu Cuong - Tan Binh district, Ho Chi Minh, Vietnam"
}