{
  "skills": [
    "microsoft excel",
    "payment",
    "database",
    "android",
    "testing",
    "excel",
    "microsoft",
    "translator"
  ],
  "fulltext": "HUYNH ANH TUANProduct ExecutiveHUYNH ANH TUANProduct Executive PERSONAL PROFILEGender: MaleBirthday: 05/07/1988Marital status: SingleNationality: VietnameseCountry: VietnamPhone number: 0902702575Email: kenvip88@gmail.comAddress: 637 Ba Hat, District 10, Ho ChiMinh, VietnamLevel: Experienced INFORM - Manager)Salary: NegotiableJob type: Full timeIndustry: IT - Software, CustomerService, Interpreter/TranslatorLocation: Ho Chi Minh OBJECTIVESWith experiences achieved from 5 years working as aContent Product Manager for a Web-Mobile Product, Ihave been involved in some important parts ofproduct development like research, problemidentification, manage content, and testing for myprevious companys product.My goal is to do well within my ability and to become the connection between all the teams, the products,and users. I believe only when I do something I reallyhave passion in and is capable of, I will do my best. SKILLSCMS ToolsProblems SolvingTeam WorkTech KnowledgeMicrosoft Excel LANGUAGESEnglish EXPERIENCEYear(s) of Experience: 7Current Level: Team Leader / Supervisor4/2017 - Now : Freelance Translator - Team Leader - Klook- Localize travel activities (tours, travel pass, 4G SIM, atraction's ticket.. .) on Klookwebsite/application - Manage and assign activities to junior translators to translate - Proofread translations - Test and feedback for new features in Application / CMS Tool6/2016 - 8/2017 : Customer Service Rep - NCT Corp- Handle user feedbacks from multiple platforms: Website/Wapsite, Mobile Application (Android,iOS) - Work with several teams (Product Web, Product Mobile, Technical...) to determine and solve userproblems and product bugs - Handle payment problems for user10/2015 - 5/2016 : Mobile Product Executive - NCT Corp- Work directly with Mobile Developer to improve UX and features of NhacCuaTui mobile app - Handle user feedbacks from Google Play Store4/2013 - September 2015 : Content Product Manager - NCT Corp- Manage content on NhacCuaTui Homepage: Banner, Top Videos - Upload, create and manage content in NhacCuaTui Database: Songs, Playlists, Video3/2012 - March 2013 : Outsource Staff - Adeco- Outsource for Baidu Online Music Application - Create karaoke lyric for songs in Baidu Database - Create playlist for PC ApplicationCompletion date 10-2010No degree - Open UniversityBusiness Administrator. Dropped out of University after 3 years as majoring didn't fit with personality. EDUCATIONHighest Degree Level: Bachelor- Nominated for \"Top People 2016\" at NCT Corp- Acknowledged as one of the best outsource-staff of Klook CAREER HIGHLIGHTSTruc Nguyen0937712575 / truc.nguyen@klook.comCountry HeadKlookHuynh Vu Van0918500889 / vanhtv@nct.vnAccount DirectorNCT REFERENCES CareerBuilder.vn",
  "educations": [
    {
      "id": 5608,
      "gpa": null,
      "major": "Urban and construction management",
      "school": "Open University",
      "diploma": "Bachelors",
      "end_time": "2010-10-01T00:00:00Z",
      "conf_score": 0.7846891793916948,
      "start_time": null,
      "picklist_major": "Architecture / Interior Design",
      "major categories": "Architecture and construction",
      "major_categories_detail": "Architecture and planning"
    }
  ],
  "experiences": [
    {
      "id": 18751,
      "detail": "- Localize travel activities (tours, travel pass, 4G SIM, atraction's ticket...) on Klook website/application- Manage and assign activities to junior translators to translate- Proofread translations- Test and feedback for new features in Application / CMS Tool",
      "company": "Klook",
      "end_time": "2023-04-13T00:00:00Z",
      "industry": "Other",
      "position": "Freelance Translator - Team Leader",
      "conf_score": 0.8701154159704395,
      "start_time": "2017-04-01T00:00:00Z"
    },
    {
      "id": 18752,
      "detail": "- Handle user feedbacks from multiple platforms: Website/Wapsite, Mobile Application (Android, iOS) - Work with several teams (Product Web, Product Mobile, Technical...) to determine and solve user problems and product bugs- Handle payment problems for user",
      "company": "NCT Corp",
      "end_time": "2017-08-31T00:00:00Z",
      "industry": "Other",
      "position": "Customer Service Rep",
      "conf_score": 0.9433697436645392,
      "start_time": "2016-06-01T00:00:00Z"
    },
    {
      "id": 18753,
      "detail": "- Work directly with Mobile Developer to improve UX and features of NhacCuaTui mobile app- Handle user feedbacks from Google Play Store",
      "company": "NCT Corp",
      "end_time": "2016-05-31T00:00:00Z",
      "industry": "Other",
      "position": "Mobile Product Executive",
      "conf_score": 0.9509459675543098,
      "start_time": "2015-10-01T00:00:00Z"
    },
    {
      "id": 18754,
      "detail": "- Manage content on NhacCuaTui Homepage: Banner, Top Videos - Upload, create and manage content in NhacCuaTui Database: Songs, Playlists, Videos",
      "company": "NCT Corp",
      "end_time": "2015-09-30T00:00:00Z",
      "industry": "Other",
      "position": "Content Product Manager",
      "conf_score": 0.9433697436645392,
      "start_time": "2013-04-01T00:00:00Z"
    },
    {
      "id": 18755,
      "detail": "- Outsource for Baidu Online Music Application - Create karaoke lyric for songs in Baidu Database - Create playlist for PC Application",
      "company": "Adeco",
      "end_time": "2013-03-31T00:00:00Z",
      "industry": "Other",
      "position": "Outsource Staff",
      "conf_score": 0.9242047582276173,
      "start_time": "2012-03-01T00:00:00Z"
    }
  ],
  "address": "637 Ba Hat, District 10, Ho Chi Minh, Vietnam"
}