{
  "skills": [
    "sourcetree",
    "java",
    "git",
    "json",
    "testing",
    "github",
    "firebase",
    "reactjs",
    "es6",
    "sqlite",
    "sql",
    "c#",
    "bug fixing",
    "javascript",
    "oop",
    "database",
    "math",
    "react native",
    "ams",
    "teamwork",
    "php",
    "android",
    "mongodb",
    "management",
    "restful"
  ],
  "fulltext": "Vu Viet Hoang Github: https://github.com/hoangvv511 SUMMARY I am a 4th year student at UIT (University of Information Technology), my hobby is watching movies and coding, I have a passion for moblie programming, especially with android because I always want to be able to create close applications and help my friends and relatives in daily life. I also often find out about new languages ​​and technologies, my ability to work in a team is good and I also regularly help my teammates. TECHNICAL SKILLS Programming Languages:-JavaScript (ES6)- C#- JavaFrameworks/ Platforms:-React-Native / Reactjs / Nodejs-Restful API / JSONDatabase :-MS SQL- Firebase- MongoDBOthers :-Understand OOP architecture-Basic Photoshop skill. Can do simple design: logo, bannerVersion Control:- Git- SourceTreeForeign Languages: English-Document reading comprehension-Basic communicationSoft Skills:-Time management- TeamworkEDUCATION University of Information Technology (UIT)From 09/2015 to Now Studying Software Engineering.GPA : 7.43PROJECT AT UNIVERSITY Ho Chi Minh City Blood Donation Center Project Description : A mobile application that helps people in Responsibilities Ho Chi Minh City keep upwith the latest blood donation news and help them register for blood donation.Team Size : 3 :-Design UI- Build API get data from server-Develop and bug fixingE-Math Project Description : An application that helps students prepare for college mathematics exams efficiently, and evaluates exam results, and issues topics that need improvement. Team Size : 3 Responsibilities: - Build database with firebase and sqlite - Analyze the exam data and return result statistics - Develop and bug fixing Movie247 Project Description : The mobile app helps people watch movies for free Team Size : 3 Responsibilities: - Design UI - Build API server using PHP - Develop and test EXPERIENCES UHOUSE From 03/2019 to Now Position: Fresher Project: Dinogo Project Description: Dinogo is an innovative, cutting-edge english learning app focused on improving users communicative english speaking and listening skill. Team Size: 7 Responsibilities: - Design UX/UI and implement the solution (both back-end and front-end) based on the requirements - Develop game modules for learning skill - Develop admin page to connect with API server",
  "educations": [
    {
      "id": 5612,
      "gpa": "7.43",
      "major": "Software technology",
      "school": "University of Information Technology (UIT)",
      "diploma": "Bachelors",
      "end_time": "2023-04-01T00:00:00Z",
      "conf_score": 0.7625990117186952,
      "start_time": "2015-09-01T00:00:00Z",
      "picklist_major": "IT - Hardware/Networking",
      "major categories": "Computer and information technology",
      "major_categories_detail": "Computer"
    }
  ],
  "experiences": [
    {
      "id": 18765,
      "detail": "Project: Dinogo Project Description: Dinogo is an innovative, cutting-edge english learning app focused on improving users communicative english speaking and listening skill.Team Size: 7 Responsibilities: - Design UX/UI and implement the solution (both back-end and front -end) based on the requirements- Develop game modules for learning skill- Develop admin page to connect with API server",
      "company": "UHOUSE",
      "end_time": "2023-04-13T00:00:00Z",
      "industry": "Other",
      "position": "Fresher",
      "conf_score": 0.9114124613063752,
      "start_time": "2019-03-01T00:00:00Z"
    }
  ],
  "address": null
}