{
  "skills": [
    "brand marketing",
    "marketing",
    "liaising",
    "management",
    "security",
    "audio visual",
    "human resources",
    "hard working",
    "liaising with",
    "maintenance",
    "insurance",
    "recruitment",
    "dependability",
    "recruiting",
    "cfa",
    "class",
    "teamwork",
    "problem solving"
  ],
  "fulltext": "MYANHNGAIam a hard-working, motivated and enthusiastic person with highresponsibility. I always strive to achieve the highest standard possible.at any given tasks and in any situations. Ilove working at a challengingand fast-pacedenvironment.WORK HISTORYAT ELSA CORP.2018 - 2019Admin - HR & Personal Assistant to Country ManagerHandling administrative tasks Managing: organizing meetings and appointmentsReminding the Executives of important tasks and deadlinesTyping, compiling and preparing reports, presentations and correspondenceLiaising with internal team, and external contacts, acting on behalf of theExecutive when neededFiling expenses.Organizing Year End Party, Employee's birthday, Farewell partyGeneral HR and Admin ExecutiveHuman Resources:Building and implementing HR policies and processesManaging various aspects of HR processes and practices, including recruitment .employee on-boarding and off-boarding, engagement compensation andbenefits, employee relations, learning and development. company complianceManaging and maintaining employment contracts and records, companyagreements, insurance and other legal matters needed in the companyOverseeing employee satisfaction. productivityBuilding and maintaining positive culture values.Admin:Setting up and implementing proper administrative proceduresIn charge for security, hygiene, office maintenance, office stationery andsupplies...Managing company assets and legal documentsManaging schedules: organizing meetings and appointments.Filing expenses.Event coordinatorWorking close with Senior Brand Marketing to prepare and implement eventexecution plans.Looking for and comparing different vendors (catering, decorators, musicians.etc.)Researching and booking appropriate venues.Liaising and negotiating with vendors to have affordable prices.Setting up and following up processes. Also taking on the role of a receptionist.Organized events: News conference: Vietnamese teachers teach English well.VietnamWorks Tech Expo 2019, Digital HR Summit, Ivy Prep Summit, EdtechSingapore, Linkbynet meeting, Citibank meeting, Talkshow Startup founderstell all: Stories of Struggle & SuccessDETAILSD.O.B: February 02, 1997Hometown: An Giang provinceM: +84 949 680 584E: ngamyanh22@gmail.comA: District 10, HCM CityNationality: VietnameseEDUCATIONUniversity of Economics HCMCBachelor of HR Management(2019)Thoai Ngoc HauHigh School for the GiftedChemistry Class (2012 - 2015)INTERESTTravelingWatching movieTaking photosFootballCodingMYANHNGAIam a hard-working, motivated and enthusiastic person with highresponsibility. I always strive to achieve the highest standard possible.at any given tasks and in any situations. I love working at a challenging and fast-paced environment.ACTIVITIESAT UNIVERSITY (AS an attendee)The final round of IQ challenge 2015 -TTK.The program to welcome fresher: \"Enlisting 2015\"-_TTK\"Tri an gift\" program for celebrating Vietnamese Teachers Day\"Spring campaign 2016\"The final round of \"Equator square 2016\" contestCFA - international certification at hand program - 2017AT TRAVEL GROUP - HR DEPARTMENT2016 - 2018Camping trip/Party:Carry out a survey to know the next destination which most of members lovePreparing F&B, accommodation, transportation, ..Finding suppliers: printing standees, backdrops, keychainsPreparing and managing budgetsDecorating and setting up the stage for night showMaintaining an inventory of facilities and equipment used.In charge of paperwork to get approval for organizingGetting feedback after tripRecruiting collaborators:Planning and discussing the number of new members to recruit for eachdepartment.Finding ideas and topics Arranging welcome meeting between new and old membersOrganizing teambuilding for trainees to get closedUsing mail-merged for sending information to candidatesFinding suppliers: standees, backdrops, keychains, notebooksPreparing and managing budgetsArranging interview appointments.Contests/workshops/seminors:Planning & organizing all practical aspects of events i.e. catering, audio visualroom set up, parking lot, security & cleaning.Reviewing and sourcing the locations where the event is to be heldCreating promotional material for the event & distributing it to the targetaudiencePreparing and managing budgets for the eventSetting a booth to inform students about eventLiaising andanh Negotiable suppliers such as florists and external caterers.Charity programs:Setting a fundraising goalCreating charity event's budgetReaching potentials attendees and donorsFinding location (pagodas, orphanage, the poor, ..)Preparing materials for programSKILLSTeamworkComputerProblem - solvingPhotoshopAdaptabilityFast learningTRAITSEnthusiasmFriendSOCI /in/myanhngaREFERENCESAvailable on request",
  "educations": [
    {
      "id": 5617,
      "gpa": null,
      "major": "Chemistry",
      "school": "Thoai Ngoc Hau High School for the Gifted",
      "diploma": "Other",
      "end_time": "2015-01-01T00:00:00Z",
      "conf_score": 0.8470593259602887,
      "start_time": "2012-01-01T00:00:00Z",
      "picklist_major": "Other",
      "major categories": "Natural Sciences",
      "major_categories_detail": "Material Science"
    },
    {
      "id": 5616,
      "gpa": null,
      "major": "Heat engineering",
      "school": "University of Economics HCMC",
      "diploma": "Bachelors",
      "end_time": "2019-01-01T00:00:00Z",
      "conf_score": 0.8524379266032192,
      "start_time": null,
      "picklist_major": "Technical",
      "major categories": "Technique",
      "major_categories_detail": "Mechanical engineering and mechanical engineering"
    }
  ],
  "experiences": [
    {
      "id": 18782,
      "detail": "Handling administrative tasksManaging schedules: organizing meetings and appointmentsReminding the Executives of important tasks and deadlinesTyping, compiling and preparing reports, presentations and correspondenceLiaising with internal team, and external contacts, acting on behalf of theExecutive when neededFiling expenses.Organizing Year End Party, Employee's birthday, Farewell partyGeneral HR and Admin Executive Human Resources: Building and implementing HR policies and processesManaging various aspects of HR processes and practices, including recruitment. employee on-boarding and off-boarding, engagement compensation and benefits, employee relations, learning and development. company complianceManaging and maintaining employment contracts and records, company agreements, insurance and other legal matters needed in the companyOverseeing employee satisfaction. productivityBuilding and maintaining positive culture values.Admin: Setting up and implementing proper administrative proceduresIn charge for security, hygiene, office maintenance, office stationery and supplies...Managing company assets and legal documentsManaging schedules: organizing meetings and appointments.Filing expenses.Even",
      "company": "AT ELSA CORP.",
      "end_time": "2019-01-31T00:00:00Z",
      "industry": "Other",
      "position": "Admin - HR & Personal Assistant to Country Manager",
      "conf_score": 0.8464702658024449,
      "start_time": "2018-01-01T00:00:00Z"
    }
  ],
  "address": "District 10, Ho Chi Minh City"
}