{
  "skills": [
    "money flow",
    "payment",
    "accounting",
    "payment management",
    "calculating salaries",
    "insurance",
    "auditing",
    "personal income tax",
    "contracting",
    "drafting contracts"
  ],
  "fulltext": "Edited with the trial version of Foxit Advanced PDF EditorTo remove this notice, visit:www.foxitsoftware.com/shopping TO COLLECT THE ACCOUNTING PAGE - ADMINISTRATION Co Nhue 2, Bac Tu Liem, Hanoi CAREER OBJECTIVES Apply the knowledge and experience of to become a professional employee. Thereby helping the Company to operate effectively and continuously develop. WORK EXPERIENCEC PLUS ONE03/2017 COMPANY LIMITED - CURRENT ACCOUNTING AND ADMINISTRATIVE * Accounting work:- Tracking debts, making payment plans, making payment records - Internal revenue and expenditure management, cash flow reports - Calculating salary and personal income tax for employees - Checking the validity of vouchers and payment authorizations; banking transactions; making loan documents when needed - Quarterly tax declaration, monthly invoice usage report - Storing documents and accounting on Misa software * Administrative work:- Building recruitment process, posting job postings, receiving resumes, screening resumes, assisting in organizing interviews, evaluating candidates- Timekeeping of employees, drafting contracts, monitoring labor contract dues - In charge of monitoring and completing insurance procedures for employees in accordance with labor laws - Organizing events such as travel, teambuilding, birthdays, company festivals - Managing stationery and other public works tools, company assets- Making documents for temporary residence, guarantee, work permits for foreigners STUDYING FINANCIAL ACADEMY08/2013 - 07/2017Specialization: AUDIT Graduated with good grade, GPA 7.52ACTIVE MOBILE OF THE Youth Union of Co Nhue Ward 206/2013 - 12/2016- Coordinate and support departments and mass organizations in the ward to organize collective movements and activities- Organize cultural and artistic movements in the area Residential- Gathering youth to build Unions, Teams SKILLS Office Informatics HobbiesReading EnglishSports topcv.vn",
  "educations": [
    {
      "id": 5618,
      "gpa": "7.52",
      "major": "Audit",
      "school": "FINANCIAL INSTITUTIONS",
      "diploma": "Bachelors",
      "end_time": "2017-07-01T00:00:00Z",
      "conf_score": 0.7920696522308077,
      "start_time": "2013-08-01T00:00:00Z",
      "picklist_major": "Auditing",
      "major categories": "Business and management",
      "major_categories_detail": "Finance Bank Insurance"
    }
  ],
  "experiences": [
    {
      "id": 18783,
      "detail": "* Accounting work: - Track debts, make payment plans, make payment records - Manage internal revenue and expenditure, cash flow reports - Calculate salary, personal income tax for employees - Check validity of documents, payment authorization; banking transaction; Making loan documents when needed- Quarterly tax declaration, monthly invoice usage report - Storing documents and accounting on Misa software * Administrative work:- Building process recruiting, posting job ads, receiving resumes, screening resumes, assisting in organizing interviews, evaluating candidates - Timekeeping employees, drafting contracts, monitoring employee's labor contract due dates - In charge of monitoring and completing insurance procedures for employees in accordance with labor law - Organizing events such as travel, teambuilding, birthdays, company festivals - Managing stationery and tools tools, company assets- Make temporary residence documents, guarantee, work permits for foreigners",
      "company": "PLUS ONE CO., LTD",
      "end_time": "2023-04-13T00:00:00Z",
      "industry": "Other",
      "position": "ACCOUNTING AND ADMINISTRATION SMALL",
      "conf_score": 0.9174648511369632,
      "start_time": "2017-03-01T00:00:00Z"
    }
  ],
  "address": "Co Nhue 2, Bac Tu Liem, Hanoi"
}