{
  "skills": [
    "search",
    "serverless",
    "java",
    "css",
    "git",
    "typescript",
    "aws ec",
    "firebase",
    "desktop",
    "guidance system",
    "reactjs",
    "html",
    "kotlin",
    "redis",
    "dart",
    "signalr",
    "mysql",
    "metasploit",
    "io",
    "redux",
    "sqlite",
    "cloud messaging",
    "nosql",
    "sql",
    "sell",
    "elasticsearch",
    "c#",
    "javascript",
    "xamarin",
    "mongo",
    "laravel",
    "ecs",
    "react native",
    "mvc",
    "bootstrap",
    "docker",
    "flutter",
    "dynamodb",
    "cloud",
    "css framework",
    "php",
    "software development",
    "android",
    "computer science education",
    "socket io",
    "aws lambda",
    "aws",
    "restful"
  ],
  "fulltext": "DINH TRUONG THAO NGUYENSoftware DeveloperProfileWork with 5+ years experience in Computer ScienceLearn from others, improve and improve my skillsEducationComputer Science | HCMC University of Technology09/2010 - 04/2015ExperienceFresher Developer | Techlove08/2015 - 12/2017Mobile Developer | Beeknights01/2018 - 12/2018Software Developer | Devblock01/2019 - PresentLanguagesVietnamese - NativeEnglish - IntermediateInterestsMusic, SoccerSkillKotlinSocket io/ SignalrJavakkxLRestful APIFirebaseKredisxamarin android YnosqlReact nativekXXreduxNode.jsXXuphp laravelGitkC/C+C#tkwawshtmlxposed frameworkcstukbootstrap.NET /sqlite/roomElastic SearchKkkk*reactjsDockerKXLUGdarttypescriptxkkk*FlutterttköhkkkktkkkkKKtKtKtLLXXLKKKỮỮAKXLLLXXttttkktkKXUAKXLLtktttKkAKtttttkktkProjectsProjectsPlatize Console APIiTestHTML/CSS/Javascript/Multiple choice Test OnlinePHP/MySQLTopTraderAndroid NativeTrading ContestWalletAndroid NativeDownload Offer app and earn moneyNightingalesXamarin AndroidThe app like Uber with same feature(For doctor and patient)Alarm AppAndroid NativeSet your morning alarm and wake up every daywith Manny Pacquiao calling you in themorning ! Fight with Manny Pacquiao to turnthe alarm off!https://play.google.com/store/apps/detail2id=sg.megapixel.manny.alarmVietnamworksAndroid NativeJob Searchhttps://lay.google.com/store/apps/details?. id=com.vietnamworks.vietnamworksStrawberryAndroid NativeJob Search In SingaporeDriver Guidance SystemAndroid NativeAssist taxi drivers to locate the current demandof passengers near themhttps://play.google.com/store/apps/details2id=sg.edu.smu.dgsSony Demo AppAndroid NativeBuild utility with sensor for Sony deviceFake Device InfoXposed Framework/C/C+Hook everything in Android OS to fake deviceinformation.E-commerce WebsiteHTML/CS/Javascript/Botstrap/FiView and order shop's products easily within 3steps without account.rebase/Algolia/Support Desktop /Mobile/TabletNodejs/Redis/AWSWebsite: htps://doraeshop.vn/DynamoDB/One Signal/TawkTo/Minify/LazyLoading/GoogleAnalyticsLuxstayReact NativeSearch hotels & book easilyedyzoNodeJS/Typescript/Docker/MongoAn e-commerce system that help admin,DB/ Redis/ElasticSearch/AWScompany and user connecting easilyEC2/AWS S3/Firebase CloudMessagingERP appAndroid NativeFul ERP SolutionStark CIReact NativeManage the worker and report dailyOriginsNodeJS/Typescript/Docker/MySQLBuy/Sell medicine/AWS ECS/AWS Lambda Function(Serverless)",
  "educations": [
    {
      "id": 5620,
      "gpa": null,
      "major": "Computer science",
      "school": "HCMC University of Technology",
      "diploma": "Bachelors",
      "end_time": "2015-04-01T00:00:00Z",
      "conf_score": 0.9333149135004584,
      "start_time": "2010-09-01T00:00:00Z",
      "picklist_major": "IT - Hardware/Networking",
      "major categories": "Computer and information technology",
      "major_categories_detail": "Computer"
    }
  ],
  "experiences": [
    {
      "id": 18784,
      "detail": "",
      "company": "Beeknights",
      "end_time": "2023-04-13T00:00:00Z",
      "industry": "Other",
      "position": "Software Developer | Devblock",
      "conf_score": 0.7130919161122453,
      "start_time": "2019-01-01T00:00:00Z"
    },
    {
      "id": 18785,
      "detail": "",
      "company": "Beeknights",
      "end_time": "2018-12-31T00:00:00Z",
      "industry": "Other",
      "position": "Mobile Developer",
      "conf_score": 0.8967422729948165,
      "start_time": "2018-01-01T00:00:00Z"
    },
    {
      "id": 18786,
      "detail": "",
      "company": "Techlove",
      "end_time": "2017-12-31T00:00:00Z",
      "industry": "High Technology",
      "position": "Fresher Developer",
      "conf_score": 0.8967422729948165,
      "start_time": "2015-08-01T00:00:00Z"
    }
  ],
  "address": null
}