{
  "skills": [
    "mongodb",
    "search",
    "python",
    "image search",
    "data mining",
    "information management",
    "computer vision",
    "product management",
    "deep learning",
    "management information system",
    "sales",
    "software development",
    "machine learning",
    "team management",
    "management",
    "search engine",
    "data collection"
  ],
  "fulltext": "Edited with the trial version of Foxit Advanced PDF EditorTo remove this notice, visit:www.foxitsoftware.com/shoppingContact(LinkedIn)Ha TranSoftware Development Engineer at CitigoVietnamTop SkillsArtificial Intelligence (AI)Product ManagementProduct DevelopmentSummaryI have over 2 years of experience working in Software Industry bothas a Software Engineer as well as a Big Data Engineer. Currently,I working as a startup cofounder, we build a platform for sportconnection. And working as a Software Developer Engineer in Citigo,research and developing requirements from boss. From a small academic competition in my school, I had started tolearn to be a software engineer. I have some experience aboutmachine learning focus deep learning, NLP, and model predictionand little computer vision. I wanna be a Data Scientist, while I keepto learn more about machine learning, statistical, Data mining, ...ExperienceCitigoSoftware Research Development SpecialistApril 2019-PresentVietnamDevelopment search engine for KiotViet : text search and Image Search.KoramaCoFounder - Chief Operating OfficerFebruary 2018-Presentvinacoma jscAssistant Chairman and Chief Technology OfficerNovember 2018-February 2019(4 months)Vietnam- To provide administrative services to field offices such as responding toqueries, opening memos and following up on Chairman requests.- Work with partner outsourcing from India to development Ecommerceplatform.ABIVINBig Data EngineerPage 1 of 2August 2018 - October 2018 (3 months)Vietnam- Development solution solve Sales Territory Planning.- Maintain report system using Python and MongoDB.ISOFH, JSC - Innovative Solution For HealthcareReseacher and Development PartnerJanuary 2017 - December 2017 (1 year)- Building and manage research team to apply AI in Medical.- Development solution to mining Electric Medical Record data.DRAWManagement ConsultantJune 2015 - December 2017 (2 years 7 months)Vietnam- Carry out research and data collection to understand the organization andpartner.- Interview the client's employees, management team and other stakeholders.- Present findings and recommendations to clients.EducationNational Economics University (Vietnam)Bachelor's degree, Management Information Systems (2015 - 2019)Page 2 of 2",
  "educations": [
    {
      "id": 5625,
      "gpa": null,
      "major": "Management information systems",
      "school": "National Economics University (Vietnam)",
      "diploma": "Bachelors",
      "end_time": "2019-01-01T00:00:00Z",
      "conf_score": 0.8413267261986577,
      "start_time": "2015-01-01T00:00:00Z",
      "picklist_major": "Administrative/Clerical",
      "major categories": "Business and management",
      "major_categories_detail": "Management Management"
    }
  ],
  "experiences": [
    {
      "id": 18794,
      "detail": "ietnamDevelopment search engine for KiotViet : text search and Image Search.",
      "company": "Citigo",
      "end_time": "2023-04-13T00:00:00Z",
      "industry": "High Technology",
      "position": "Software Research Development Specialist",
      "conf_score": 0.9242047582276173,
      "start_time": "2019-04-01T00:00:00Z"
    },
    {
      "id": 18796,
      "detail": "",
      "company": "Korama",
      "end_time": "2023-04-13T00:00:00Z",
      "industry": "Other",
      "position": "CoFounder - Chief Operating Officer",
      "conf_score": 0.92919420939445,
      "start_time": "2018-02-01T00:00:00Z"
    },
    {
      "id": 18798,
      "detail": "onths)Vietnam - To provide administrative services to field offices such as responding to queries, opening memos and following up on Chairman requests.- Work with partner outsourcing from India to development Ecommerce platform.",
      "company": "vinacoma jsc",
      "end_time": "2019-02-28T00:00:00Z",
      "industry": "Other",
      "position": "Assistant Chairman and Chief Technology Officer",
      "conf_score": 0.9404253900297244,
      "start_time": "2018-11-01T00:00:00Z"
    },
    {
      "id": 18800,
      "detail": "(3 months)Vietnam - Development solution solve Sales Territory Planning. - Maintain report system using Python and MongoDB.",
      "company": "ABIVIN",
      "end_time": "2018-10-31T00:00:00Z",
      "industry": "Other",
      "position": "Big Data Engineer",
      "conf_score": 0.9243558553099895,
      "start_time": "2018-08-01T00:00:00Z"
    },
    {
      "id": 18801,
      "detail": "(1 year)- Building and manage research team to apply AI in Medical. - Development solution to mining Electric Medical Record data.",
      "company": "ISOFH, JSC - Innovative Solution For Healthcare",
      "end_time": "2017-12-31T00:00:00Z",
      "industry": "High Technology",
      "position": "Research and Development Partner",
      "conf_score": 0.9279876821088635,
      "start_time": "2017-01-01T00:00:00Z"
    },
    {
      "id": 18802,
      "detail": "(2 years 7 months)Vietnam - Carry out research and data collection to understand the organization and partner.- Interview the client's employees, management team and other stakeholders.- Present findings and recommendations to clients.",
      "company": "DRAW",
      "end_time": "2017-12-31T00:00:00Z",
      "industry": "Other",
      "position": "Management Consultant",
      "conf_score": 0.91474298265062,
      "start_time": "2015-06-01T00:00:00Z"
    }
  ],
  "address": null
}