{
  "skills": [
    "video marketing",
    "google ads",
    "product advertising",
    "marketing",
    "promote contents",
    "content marketing",
    "medium",
    "scripting",
    "scheduling"
  ],
  "fulltext": "Nguyen Thi My Linhnguyenmylinh.media@gmail.com 0782.555.947435 Le Duc Tho Street, Ward 17, GoVap District CAREER OBJECTIVES Looking forward to continuously developing my skills and experience in the future. At the same time, helping organizations and businesses create and maintain their image and reputation in the market by new and professional communication methods. THONG NAM HUONG 04/2017 - 11/2017- Make a plan to write articles to advertise products through facebook channels, forums,...- Introduce, consult, answer customer questions and concerns via phone and email to class learning kungfukids- Facebook ads, google ads- Segmenting customers for effective communication- Supporting events organized by the company MAGIC MARKETING COMPANY SEO staff12/2017 - 05/2018- Making an SEO plan for each SEO phase and implementation- Build backlinks, syndicate content, leech content- PBN: find domain, manage domain/hosting,- Blog: Research keywork, set title for blog- Work report, keyword position, traffic Weekly website visit;- Handling other tasks as required by Team Leader;- Making videos VIET MONEYLEADER CONTENT4/2018 - December 2018- Planning content for online media channels (Facebook,Adword, PR, ). NOW- Build content, manage articles on the media (Fanpage Facebook, Zalo, Website)- Contribute, receive ideas, create topics, make articles about products, advertising content , Company events.- Proposing ideas, writing scripts, supporting recording clips, editing clips according to each marketing campaign. The newspapers.",
  "educations": [
    {
      "id": 5624,
      "gpa": null,
      "major": "Communication technology",
      "school": "College of Radio and Television 2",
      "diploma": "Colleges",
      "end_time": "2019-01-01T00:00:00Z",
      "conf_score": 0.9278458268411796,
      "start_time": "2017-01-01T00:00:00Z",
      "picklist_major": "Advertising/Promotion/PR",
      "major categories": "Press and information",
      "major_categories_detail": "Press and media"
    }
  ],
  "experiences": [
    {
      "id": 18793,
      "detail": "- Build content, manage articles on the media (Fanpage Facebook, Zalo, Website) - Contribute, receive ideas, create topics, make articles about products, advertising content , Company events.- Proposing ideas, writing scripts, supporting video recording, editing clips according to each Marketing campaign.",
      "company": "LAND VIETNAM TOUR",
      "end_time": "2023-04-13T00:00:00Z",
      "industry": "Real Estate",
      "position": "CONTENT MARKETING & VIDEO EDITOR",
      "conf_score": 0.9125776658202421,
      "start_time": "2018-01-01T00:00:00Z"
    },
    {
      "id": 18795,
      "detail": "- Plan content for online communication channels (Facebook, Adword, PR, ...) and offline.- Check and approve all content marketing products of team members (Pr post, facebook, publications...) - Coordinate with other departments such as: communication, design, video,...",
      "company": "VIET MONEY",
      "end_time": "2018-12-31T00:00:00Z",
      "industry": "Other",
      "position": "LEADER CONTENT",
      "conf_score": 0.9142206543796373,
      "start_time": "2018-04-01T00:00:00Z"
    },
    {
      "id": 18797,
      "detail": "- Planning SEO for each stage and implementing SEO - Build backlinks, syndicate content, leech content- PBN: find domain, manage domain/hosting,- Blog: Research keywork, set title for blog- Work report, keyword position, weekly website traffic; - Handling other tasks when requested by Team Leader; - Making videos",
      "company": "MAGIC MARKETING COMPANY",
      "end_time": "2018-05-31T00:00:00Z",
      "industry": "Other",
      "position": "SEO STAFF",
      "conf_score": 0.9142206543796373,
      "start_time": "2017-12-01T00:00:00Z"
    },
    {
      "id": 18799,
      "detail": "- Make a plan to write articles to advertise products through facebook channels, forums,... - Introduce, consult, answer customer's questions and concerns via phone and email about kungfukids classes- Facebook advertising, google advertising- Segment customers for effective communication- Support events organized by the company",
      "company": "NAM HUONG INVESTMENT AND COMMUNICATION JOINT STOCK COMPANY",
      "end_time": "2017-11-30T00:00:00Z",
      "industry": "Other",
      "position": "COPYWRITER, EVENT ORGANIZATION",
      "conf_score": 0.9142206543796373,
      "start_time": "2017-04-01T00:00:00Z"
    }
  ],
  "address": "435 Le Duc Tho, Ward 17, Go Vap District"
}