{
  "skills": [
    "css",
    "dependency injection",
    "dom",
    "extjs",
    "oauth",
    "rss",
    "full stack development",
    "ajax",
    "entity framework",
    "io",
    "ftp",
    "xml file",
    "angular",
    "orm",
    "sql",
    "sales",
    "stack",
    "javascript",
    "xamarin",
    "excel",
    "xml",
    "flutter",
    "jwt",
    "android",
    "management",
    "serilog",
    "asp"
  ],
  "fulltext": "8/21/2019 Truong Dinh Tu Full Stack Engineer Resume.iohttps://resume.io/r/fbIvkEplL 1/1 TRUONG DINH TUFull Stack Engineer0834190594PROFILEAer graduated, i've worked as a Full Stack developer at FSo for 3 years. Familiar with .NET &front-end, SQL server. Have knowledge with common web architecture & principles.EMPLOYMENT HISTORY.NET Developer at FPT Soware, Ho Chi MinhAugust 2016 August 2019Working on DMS (Distributor Management System) projects, reuse the framework of team toimplement functions, develop functions only.Using ASP .NET to build Web APIs.Autofac for dependency injection.ORM: Entity framework with code first, generate model with T4Template, some moduleuse Dapper.Logging with log4net.Transfer XML files using WinSCP via FTP, implement windows service jobs to sync data.Front-end: use ExtJS to create page, AJAX to call API.Design & implement report use Telerik reporrt.Using .NET Core to build backend framework based on build-in .NET Core APIs include OAuth,DI...Both authenticate with JWT & authorize user permissions based on build-in middleware.Logging with Serilog to log system errors, otherwise return semantic validationexceptions via middleware.Implement import/export excel with dynamic template.Front-end: using Angular 6 for UI. Build & optimize custom common components such asGridView, Autocomplete... able to customize DOM with Client javascript, CSS, designsemantic layout.Familiar with SQL Server, can optimize & analyze query.Coding mobile app use Flutter for sales with some functions such as synchronizing data, scanbar code. Maintain Xamarin android application.Achieved FSOFT Quality Honor of quater 2018: key member take part in building frameworkhelp develop more quickly.EDUCATIONUniversity Of Science, Ho Chi MinhDecember 2013 December 2016Degree: GoodEXTRA-CURRICULAR ACTIVITIESBlood donation & company volunteer activities at FPT Soware, Ho Chi MinhAugust 2016 August 2019DETAILS0834190594tutruong.se@gmail.comLANGUAGESEnglishHOBBIESReading book, research newtechnology, traveling, listen tomusic, swimming and do gymexcercises...",
  "educations": [
    {
      "id": 5623,
      "gpa": null,
      "major": null,
      "school": "University of Science, Ho Chi Minh",
      "diploma": "Bachelors",
      "end_time": "2016-12-01T00:00:00Z",
      "conf_score": 0.7411424838253973,
      "start_time": "2013-12-01T00:00:00Z",
      "picklist_major": "Other",
      "major categories": "",
      "major_categories_detail": ""
    }
  ],
  "experiences": [
    {
      "id": 18792,
      "detail": "Working on DMS (Distributor Management System) projects, reuse the framework of team to implement functions, develop functions only.Using ASP .NET to build Web APIs. Autofac for dependency injection.ORM: Entity framework with code first, generate model with T4Template, some module use Dapper. Logging with log4net.Transfer XML files using WinSCP via FTP, implement windows service jobs to sync data.Front-end: use ExtJS to create page, AJAX to call API. Design & implement report use Telerik reporrt.Using .NET Core to build backend framework based on build-in .NET Core APIs include OAuth, DI... Both authenticate with JWT & authorize user permissions based on build-in middleware.Logging with Serilog to log system errors, otherwise return semantic validation exceptions via middleware.Implement import/export excel with dynamic template.Front-end: using Angular 6 for UI. Build & optimize custom common components such asGridView, Autocomplete... able to customize DOM with Client javascript, CSS, design semantic layout.Familiar with SQL Server, can optimize & analyze query.Coding mobile app use Flutter for sales with some functions such as synchronizing data, scan bar code. Maintain Xamarin android application.Achieved FSOFT Quality Honor of quater 2018: key member take part in building framework help development more quickly.",
      "company": "FPT Software",
      "end_time": "2019-08-31T00:00:00Z",
      "industry": "High Technology",
      "position": ".NET Developer",
      "conf_score": 0.8384022261982151,
      "start_time": "2016-08-01T00:00:00Z"
    }
  ],
  "address": null
}