{
  "skills": [
    "management consulting",
    "implementation",
    "sales",
    "risks",
    "management",
    "project execution",
    "mobile application",
    "project management",
    "team management",
    "restructuring",
    "performance management",
    "insurance",
    "recruitment",
    "business goal",
    "business strategy",
    "accounting",
    "risk management",
    "sales activities",
    "operational risk",
    "innovative technology",
    "information management",
    "auditing",
    "agile"
  ],
  "fulltext": "Edited with the trial version of Foxit Advanced PDF EditorTo remove this notice, visit:www.foxitsoftware.com/shoppingNGUYEN CHI THANH (Mr.) Mobile phone: Email: Nothing is certain except for the need to have great people. I believe the key for any business success is to manage how organization works from a people and a culture perspective. Therefore, I always work to enhance and bring the best experience and values ​​to my team, my clients, and community, to inspire confidence and empower for changes. I also believe good results must come from good processes. Education background 2013: Project Management Professional (PMP), PMI, USA 2012: Bachelors degree in Accounting and Auditing, University of Economics HCMC 2011: Certified Information System Auditor (CISA), ISACA, USA 2007: Bachelors degree in Mathematics and Informatics, University of Natural Sciences HCMC Other training courses: Trusted Advisor; Fraud Risk Management; Investigation training; Advisory and Consulting Core Skills; Project Management; and Portfolio Management; Information Risk Management; and other Leadership training courses. Employment history June 2017 present: KPMG Vietnam and Cambodia Manager, Chairman and CEOs Office -Leading business transformation project such as M&A, innovative technology, agile office, etc. to achieve business goals and objectives. -Facilitating business strategy development and implementation with all Partners and management team. -Facilitating business planning and operations for all functions to ensure business strategy is aligned. -Leading Corporate Affairs. -Leading Corporate Citizenship and business sustainable development programs. -Sample project: new digital platform (web + mobile application) for offering new services to clients oLeading the business model from definition to execution, including market strategy and operations. oLeading and leveraging the resource of other functional teams to implement project activities, including designer and technical developer teams. oLeading and collaborating with suppliers / partners for the project execution. oMonitoring the project and reporting to Chairman and CEO. June 2016 Jun 2017: KPMG Vietnam and Cambodia Manager, People-Performance and Culture -Leading HR transformation from manual and administrative support to be more effective HR function as business partners and consultants to close the function gaps and enable business strategy and vision. -Leading all peoples initiatives including but not limited to Employer branding, Recruitment, Training and Development, People Engagement, and Performance Management. - Leading daily operations of People function (Recruitment, Learning and Development, Engagement). September 2014 May 2016: Prudential Vietnam Assurance Compliance Manager - Helping Head of Compliance to build the right compliance culture to enable business strategy, including awareness training programs and other initiatives. - Developing policies and control frameworks and oversight business operational risk related matters and key compliance indicators (including operational risks indicators) - Maintaining controls to prevent, detect and investigate frauds from happening, and response to fraud incidents - Planning and executing compliance reviews to provide reasonable assurance over daily operations to the Managements - Consulting and successor for Business Continuity and Information Risk Management Manager July 2008 September 2014: KPMG Vietnam and Cambodia Assistant Manager, Management Consulting Project Advisory services: - Building and maintaining client relationship, and performing pre-sale and sale activities - Leading and working with combined regional and local teams of professionals to market and deliver a range of advisory services to clients on business transformation programs and projects including business restructuring, business processes improvement, risk management and new IT systems implementation and integration across manufacturing , insurance, real estate, and retails industries. IT Assurance services: - Working with Financial Audit teams to identify IT controls and assess IT environments to give reasonable assurance over the IT systems operations. - Advise the management team for risk mitigation and controls improvements opportunities over current IT environment and system controls References (details as on request)",
  "educations": [
    {
      "id": 5631,
      "gpa": null,
      "major": "Accountant",
      "school": "University of Economics HCMC",
      "diploma": "Bachelors",
      "end_time": "2012-01-01T00:00:00Z",
      "conf_score": 0.7897513794629749,
      "start_time": null,
      "picklist_major": "Accounting",
      "major categories": "Business and management",
      "major_categories_detail": "Finance Bank Insurance"
    },
    {
      "id": 5632,
      "gpa": null,
      "major": "Maths",
      "school": "University of Natural Sciences HCMC",
      "diploma": "Bachelors",
      "end_time": "2011-01-01T00:00:00Z",
      "conf_score": 0.7761728190039863,
      "start_time": "2007-01-01T00:00:00Z",
      "picklist_major": "IT - Hardware/Networking",
      "major categories": "Math and statistics",
      "major_categories_detail": "Math"
    }
  ],
  "experiences": [
    {
      "id": 18829,
      "detail": "- Leading business transformation project such as M&A, innovative technology, agile office, etc. to achieve business goals and objectives.- Facilitating business strategy development and implementation with all Partners and management team.- Facilitating business planning and operations for all functions to ensure business strategy is aligned.- Leading Corporate Affairs. - Leading Corporate Citizenship and business sustainable development programs.- Sample project: new digital platform (web + mobile application) for offering new services to clients oLeading the business model from definition to execution, including market strategy and operations. oLeading and leveraging the resource of other functional teams to implement project activities, including designer and technical developer teams. oLeading and collaborating with suppliers / partners for the project execution. oMonitoring the project and reporting to Chairman and CEO.",
      "company": "KPMG Vietnam and Cambodia",
      "end_time": "2023-04-13T00:00:00Z",
      "industry": "Other",
      "position": "Manager, Chairman and CEOs Office",
      "conf_score": 0.9174648511369632,
      "start_time": "2017-06-01T00:00:00Z"
    },
    {
      "id": 18830,
      "detail": "Leading HR transformation from manual and administrative support to be more effective HR function as business partners and consultants to close the function gaps and enable business strategy and vision.- Leading all peoples initiatives including but not limited to Employer branding, Recruitment, Training andDevelopment, People Engagement, and Performance Management. - Leading daily operations of People function (Recruitment, Learning and Development, Engagement).",
      "company": "KPMG Vietnam and Cambodia",
      "end_time": "2017-06-30T00:00:00Z",
      "industry": "Other",
      "position": "Manager, People - Performance and Culture",
      "conf_score": 0.9091763759982866,
      "start_time": "2016-06-01T00:00:00Z"
    },
    {
      "id": 18831,
      "detail": "- Assist Head of Compliance to build the right compliance culture to enable business strategy, including awareness training programs and other initiatives.- Developing policies and control frameworks and oversight business operational risk related matters and key compliance indicators (including operational risks indicators)- Maintaining controls to prevent, detect and investigate frauds from happening, and response to fraud incidents- Planning and executing compliance reviews to provide reasonable assurance over daily operations to theManagements - Consulting and successor for Business Continuity and Information Risk Management Manager",
      "company": "Prudential Vietnam Assurance -",
      "end_time": "2016-05-31T00:00:00Z",
      "industry": "Insurance",
      "position": "Compliance Manager",
      "conf_score": 0.9147334378489395,
      "start_time": "2014-09-01T00:00:00Z"
    },
    {
      "id": 18832,
      "detail": "Project Advisory services:- Building and maintaining client relationship, and performing pre-sale and sale activities- Leading and working with combined regional and local teams of professionals to market and deliver a range of advisory services to clients on business transformation programs and projects including business restructuring, business processes improvement, risk management and new IT systems implementation and integration across manufacturing, insurance, real estate, and retails industries.IT Assurance services:- Working with Financial Audit teams to identify IT controls and assess IT environments to give reasonable assurance over the IT systems operations.- Advise the management team for risk mitigation and controls improvements over current IT environment and system controlsReferences (details as on request)",
      "company": "KPMG Vietnam and Cambodia",
      "end_time": "2014-09-30T00:00:00Z",
      "industry": "Other",
      "position": "Assistant Manager, Management Consulting",
      "conf_score": 0.9174648511369632,
      "start_time": "2008-07-01T00:00:00Z"
    }
  ],
  "address": null
}