{
  "skills": [
    "asp",
    "oracle",
    "algorithm",
    "sql",
    "css",
    "design patterns",
    "oop",
    "javascript",
    "html",
    "bug fixing",
    "education technology",
    "mvc",
    "communication skills",
    "jquery"
  ],
  "fulltext": "Hai Phong / Ha Noi http://defzone.net ABOUT Passion for programming and desire to learn, exchange knowledge and develop yourself. Hardworking, enthusiastic at work, like to interact with new technology. EDUCATION Hai Phong University (10/2014 > 07/2018) Information Technology I studied very hard, and learned a lot from my teachers and my friends Fresher Academy FPT (July 2018 > 11/2018) Fresher .NET Trained in algorithms, Design pattern, OOP and communication skills and more.. SKILLS CSS, HTML .NET, .NET Core ASP.NET MVC Javascript, JQuery SQL WORK EXPERIENCE Project Name: CEC-MUL (11/2018 > 02/2019) Position: .Net Developer - Company: FPT Software - Team Size: 20 - 30 - Used Technologies: VB.NET, MS SQL, ComponentOne- Client: CEC - Responsibilities: Bug fixing, Coding, UT & IT - Project Description: Migration from VB6 to VB.NET Project Name: TIE-UP (February 2018 > October 2019) Position: .NET Developer - Company: FPT Software - Team Size: 50 - 70 - Used Technologies: VB.NET, Oracle, ComponentOne - Client: THS / Toyota - Responsibilities: Create Details Design, Coding, Bug fixing, UT - Project Description: Migration from VB6 to VB.NET CERTIFICATIONS The third prize Student Study Of Science (2018) The best team of the year 2018 FPT Software (2018) INTERESTS Game, Anime , Draw and Music ACTIVITIES Young IT competition in Hai Phong city 2018 (05/2018 > 05/2018) Build Contest Application Build Contest Application using ASP.NET, Deploy and organize an exam Student study of science (05/2018 > 05/2018) ) Science Journal Build website Science Journal of Hai Phong University, see more at: Build website Science Journal of Hai Phong University, see more at: http://tckh.dhhp.vn",
  "educations": [
    {
      "id": 5638,
      "gpa": null,
      "major": "Fresher .NET",
      "school": "Fresher Academy FPT",
      "diploma": "Bachelors",
      "end_time": "2018-11-01T00:00:00Z",
      "conf_score": 0.8837392870189618,
      "start_time": "2018-07-01T00:00:00Z",
      "picklist_major": "Other",
      "major categories": "",
      "major_categories_detail": ""
    },
    {
      "id": 5637,
      "gpa": null,
      "major": "Information technology",
      "school": "Hai Phong University",
      "diploma": "Bachelors",
      "end_time": "2018-07-01T00:00:00Z",
      "conf_score": 0.9240662279911389,
      "start_time": "2014-10-01T00:00:00Z",
      "picklist_major": "IT - Hardware/Networking",
      "major categories": "Computer and information technology",
      "major_categories_detail": "Information technology"
    }
  ],
  "experiences": [
    {
      "id": 18842,
      "detail": "Team Size: 20 - 30 - Used Technologies: VB.NET, MS SQL, ComponentOne- Client: CEC - Responsibilities: Bug fixing, Coding, UT & IT - Project Description: Migration from VB6 to VB.NET",
      "company": "FPT Software",
      "end_time": "2019-02-28T00:00:00Z",
      "industry": "High Technology",
      "position": ".Net Developer",
      "conf_score": 0.927378441083427,
      "start_time": "2018-11-01T00:00:00Z"
    }
  ],
  "address": "Hai Phong"
}