{
  "skills": [
    "java",
    "git",
    "c++",
    "testing",
    "github",
    "rtos",
    "automation",
    "analysis",
    "golang",
    "automation testing",
    "python",
    "reactjs",
    "arduino",
    "full stack development",
    "mysql",
    "wordpress",
    "unit test",
    "sell",
    "c#",
    "stack",
    "bug fixing",
    "database",
    "excel",
    "development testing",
    "laravel",
    "docker",
    "cloud",
    "frontend development",
    "php",
    "android",
    "angularjs",
    "mongodb",
    "vuejs",
    "manage member",
    "unit testing",
    "aws",
    "communication skills",
    "asp"
  ],
  "fulltext": "Nguyen Dinh Bac ha nam, Vietnam https://github.com/NortonBen EDUCATION The Thai Nguyen University of Information And Communication Technology Major: Enginner of Software Technology GPA: 2.3/4 2013 - Present WORK EXPERIENCE Exp Solutions Inc March 2016 - December 2016 Developer - Support Main responsibilities: - Support and fix error of product Forum. - Developer plugin wordpress., laravel. Achievements and skills achieved: - Developer laravel, wordpress. - Developer Front-end with framework java script - Team work with git FPT Software July 2017 - Jan 2018 Developer Main responsibilities - Full Stack Developer. - Testing with unit test, code review. - Make reports work every day. Achievements and skills achieved: - Team work in the Scrum. - Improve code - Unit test, code review. - Team work with git standard. - Improve English Communication Skills. SKILLS Language English Base Computer Word, Excel, Powerpoint Language Programming java script 2 year, java 9 month, php 2 year, c# 1 year, c, c++, golang, python, nodejs Experience Framework React, Vuejs, Angularjs, Adonisjs,Feathersjs, ExpressJs, Laravel, ASP.net Core, Android Git Team work Testing Unit test, Automation Test Base Database MongoDB, MySQL Embedded Arduino, avr, stm32, free-rtos PROJECTS Exp Solutions Inc (3/2016 - 8/2016) Customer Thang Long Group Description - This is the application website manage member multilevel. Team size 7 My position Developer My responsibilities - Developer Technologies used - Php, laravel, git FPT Software (7/2017 - 1/2018) Customer Company japan Description - This is the app attendance, publicity Team size 8 My position Full Stack Developer My responsibilities - Full Stack Developer - Code Review - Bug Fixing Technologies used - Nodejs, Feathersjs, React - AWS cloud, Docker, CodePush, MongoDB, git Freelancer (August 2017 - October 2017) Customer OTVINA company. Description - This is the website stock information Team size 2 My position Developer My responsibilities - Developer - Review code - Bug Fixing Technologies used - Php, Laravel, mysql, git Freelancer (August 2018 - October 2018) Customer Freelancer user Description - This is the ecommerce website. Team size 3 My position Developer, Internship My responsibilities - Developer - Research Golang Technologies used - Reactjs, Golang, mysql, git Freelancer (10/2018 - 11/2018) Customer Freelancer user Description - This is the website sell Team size 1 My position Developer My responsibilities - Full Stack Developer - Review code - Bug Fixing Technologies used - Nodejs, Adonisjs, Mysql, git Freelancer (12/2018 - 1/2019) Customer Language Harvard Description - This is the website test and exercises Team size 3 My position Developer, Architectural Design My responsibilities - Design analysis - Architectural design - Full Stack Developer - Bug Fixing Technologies used - C#, Asp.net core 2, riotjs, mysql, git OBJECTIVE - There is a good chance to get promoted in my job. - Learn to develop yourself in the hardware and software segments. - Develop my skills with the development of the company, I want to prove myself ADDITIONAL INFORMATION - Always share knowledge with every one. - I like playing games. topcv.vn",
  "educations": [
    {
      "id": 5634,
      "gpa": "2.3",
      "major": "Information technology",
      "school": "The Thai Nguyen University of Information And Communication Technology",
      "diploma": "Bachelors",
      "end_time": "2023-04-01T00:00:00Z",
      "conf_score": 0.7851615749618549,
      "start_time": "2013-01-01T00:00:00Z",
      "picklist_major": "IT - Hardware/Networking",
      "major categories": "Computer and information technology",
      "major_categories_detail": "Information technology"
    }
  ],
  "experiences": [
    {
      "id": 18835,
      "detail": "Main responsibilities- Full Stack Developer. - Testing with unit test, code review.- Make reports work every day.Achievements and skills gained:- Team work in the Scrum. - Improve code- Unit test, code review.- Team work with git standard.- Improve English Communication Skill.",
      "company": "FPT Software",
      "end_time": "2018-01-31T00:00:00Z",
      "industry": "High Technology",
      "position": "Developer",
      "conf_score": 0.9512303155325736,
      "start_time": "2017-07-01T00:00:00Z"
    },
    {
      "id": 18836,
      "detail": "Main responsibilities:- Support and fix error of product Forum. - Developer plugin wordpress., laravel.Achievements and skills gained:- Developer laravel, wordpress.- Developer Front-end with framework java script- Team work with git",
      "company": "Exp Solutions Inc",
      "end_time": "2016-12-31T00:00:00Z",
      "industry": "High Technology",
      "position": "Developer - Support",
      "conf_score": 0.9512303155325736,
      "start_time": "2016-03-01T00:00:00Z"
    }
  ],
  "address": "Ha Nam, Vietnam"
}