{
  "skills": [
    "backend development",
    "frontend development",
    "css",
    "git",
    "iodine",
    "data handling",
    "responsive",
    "arduino",
    "mongodb",
    "html"
  ],
  "fulltext": "Cao Thi Yen KhoaBACK-END DEVELOPEROBJECTIVETo obtain a job in a happy and professional environmentTo challenge myselfEXPERIENCE2-6/2018: IOT BASED ANTI-THEFT SYSTEMUsing Arduino and PIR sensor for detecting, NodeJS forhandling data and displaying on web UIRole in project: developer and manager7- 11/2019: OFFICIENCE INTERNFront-end developerPSD to responsive HTML, CSS slicing6-8/2019: FIND STUDENT ACCOMMODATIONA place for posting and searching room rental informationRole in project: back-end developerCONTACTVNU dorm, Zone B, Linh Trung,Thu Duc, HCMCctykkhoa @gmail.com0971366400SKILLSHTML, CSSNodeJSMongoDBGitPhotoshopEDUCATIONUniversity of Information TechnologyComputer network and Communication2015-presentCrosstechBack-end course (NodeJS)6/2019 - 8/2019INTERESTSOPhotographyBlend and retouchACTIVITIESDigiGirlz 2018 - 2019:encourage young women topursue careers in STEM",
  "educations": [
    {
      "id": 5640,
      "gpa": null,
      "major": "Computer networks and data communication",
      "school": "University of Information Technology",
      "diploma": "Bachelors",
      "end_time": "2023-04-01T00:00:00Z",
      "conf_score": 0.9433697436645392,
      "start_time": "2015-01-01T00:00:00Z",
      "picklist_major": "IT - Hardware/Networking",
      "major categories": "Computer and information technology",
      "major_categories_detail": "Computer"
    },
    {
      "id": 5639,
      "gpa": null,
      "major": null,
      "school": "VNU dorm",
      "diploma": "Other",
      "end_time": null,
      "conf_score": 0.8937074928385723,
      "start_time": null,
      "picklist_major": "Other",
      "major categories": "",
      "major_categories_detail": ""
    }
  ],
  "experiences": [
    {
      "id": 18849,
      "detail": "to responsive HTML, CSS slicing",
      "company": "OFFICIENCE INTERNATIONAL",
      "end_time": "2019-12-31T00:00:00Z",
      "industry": "Other",
      "position": "Front-end developer",
      "conf_score": 0.7480668197796803,
      "start_time": "2019-11-01T00:00:00Z"
    },
    {
      "id": 18850,
      "detail": "ng Arduino and PIR sensor for detecting, NodeJS for handling data and displaying on web UI Role in project: deve",
      "company": "IOT BASED ANTI - THEFT SYSTEM",
      "end_time": "2018-12-31T00:00:00Z",
      "industry": "Other",
      "position": "developer and manager",
      "conf_score": 0.753066084823025,
      "start_time": "2018-06-01T00:00:00Z"
    }
  ],
  "address": "Zone B, Linh Trung, Thu Duc, Ho Chi Minh City"
}