{
  "skills": [
    "accounting standards",
    "payment",
    "accounting",
    "marketing",
    "taxation",
    "finance",
    "analysis",
    "budgeting",
    "investments",
    "system software",
    "implementation",
    "auditing",
    "tax audit",
    "management",
    "term loans",
    "communication skills",
    "insurance"
  ],
  "fulltext": "EDUCATIONTan Binh Secondary School 1998 to 2002Nguyen Thai Binh High School 2002 to 2005University of Finance - MarketingApril 4, 2011The Degree of Associate in Economic Information SystemDepartment.Institue of Accounting and Business ManagementSep 9,2012Certificate of the taxation.Accademy of FinanceApril 6,2016Certificate of general accountingUniversity of economic Ho Chi Minh CityoFeb 2, 2015Completed the Certificate of the chief accountant course.July 19, 2019Certificate in Chief Financial Offer CourseThe Association of Managers and Administrators, United KindomWORK EXPERIENCEViet Thang Long Logistic Company Accountant staffJune, 2008 to November 2010-Made receipt and Distribution of cash, and payment inadvance.-Made expense and receipt report.-Executed CIT, VAT, and other tax reports.-Executed payroll calculation and payment to employees.-Executed tax reports, and Social insurance reports.-Went to the bank for payment and withdrawal, and payroll.-Compared payable accounts with Providers, receivable accountswith customers.E M G Education Company General AccountantSince November. 2010 to February, 2013-Made receipt and Distribution of cash, and payment inadvance.-Made expense and receipt report.-Register PIT code for staff.-Prepare Social Insurance Report and submit to Social Insuranceoffice.-Prepare Labor Register Report and submit to Labor Committee.-Printout and distribute pay slips.-Executed tax reports, and Social insurance reports.-Executed CIT, VAT, PIT, and other tax reports.-Follow-up vendor contract, update vendor list.-Receipt for tuition fee. -Input and Output VAT into tax system.-Executed income report, tax report.TRUONGVU KHANHLYACCOUNTINGParkland Residential & Commercial Complex Co., LTD GeneralAccountantSince March. 2013 to May, 2016-Update move in-move out, collect money from tenant andmembership by cash.-Prepared and Issue statement of account to tenant, paymentnotification to tenant and Membership end of the month.-Prepared and issue invoice, prepared VAT output and inputreport.-Prepared payable voucher, payment voucher and paymentorder.-Post Payable voucher to sun system software.-Allocated all receivable account - Print Aging report by sunsystem.-Making Planning cash.-Amortization Unearned Revenue, membership revenue.-Amortization, accumulated, reverse accrued re-rental fee.-Prepared statistic report for Government.-Prepared Summary Fixed Assets report-Prepared P&L by month.-Prepared PIT,CIT report-Prepare file audit report ready for audit at the end of the year-Prepared audit schedule and inventory schedule for year end-Assist to Chief Accountant if any requirement.SAIGON STAR BUSINESS BRIDGE CORPORATION Chiefaccountant.Since June. 2016 untill nowResponsible for the transparency and accuracy of accountingdata.Organizing the implementation of accounting Procedure andoperations to meet annual audit work.Building a system of accounting books and vouchers, receiptsand expenditures strictly according to accounting standards.Establish accounting processes and forms to ensure theprofession is suitable for the business development of thecompany and in accordance with the provisions of the relevantagencies.Optimization cashflow by controlling sources of debt, revenueand expenditures.Analyzing situation, balancing capital sources.Monitor the Company's investment capital.Make payment plan for suppliers.-Responsible financial for approving the payment financing.Provide necessary information for the board of directors inmaking short-term, long-term decisions, such as financialdecisions, capital budgeting, project ...Checking and controlling tax reports and tax finalizationreports.- Work directly with the bank on short term and long term loanoptions.Prepare reports for foreign Loans and payment of foreigndebts.Prepare management reports as required.Control all activities in the accounting department.Working, explaining tax tax data ...Organizing periodic inventory of units' assets. Checking the preservation and archiving of accountingdocuments strictly according to the state and internalregulations.Joined and explained tax finalization for the company about2009-2012 and 2013-2016.SKILLSVHigh professional level in the field of accounting - auditing - finance. Management, control, evaluation, analysis skills.Proficient use of financial management software, financial analysis, .VAbility to use software: Misa, Sunsystem, Lac Viet, SAPVCGood communication skill.VPassion, quality of sharp thinking, gratitude to the job .. High sense of responsibility, under pressure of work.",
  "educations": [
    {
      "id": 5644,
      "gpa": null,
      "major": null,
      "school": "Nguyen Thai Binh High School",
      "diploma": "Other",
      "end_time": "2005-01-01T00:00:00Z",
      "conf_score": 0.703054895247018,
      "start_time": "2002-01-01T00:00:00Z",
      "picklist_major": "Other",
      "major categories": "",
      "major_categories_detail": ""
    },
    {
      "id": 5643,
      "gpa": null,
      "major": null,
      "school": "Tan Binh Secondary School",
      "diploma": "Other",
      "end_time": "2002-01-01T00:00:00Z",
      "conf_score": 0.703054895247018,
      "start_time": "1998-01-01T00:00:00Z",
      "picklist_major": "Other",
      "major categories": "",
      "major_categories_detail": ""
    },
    {
      "id": 5645,
      "gpa": null,
      "major": "Information system",
      "school": "University of Finance - Marketing",
      "diploma": "Bachelors",
      "end_time": "2011-04-04T00:00:00Z",
      "conf_score": 0.7968341985623422,
      "start_time": null,
      "picklist_major": "IT - Hardware/Networking",
      "major categories": "Computer and information technology",
      "major_categories_detail": "Computer"
    }
  ],
  "experiences": [
    {
      "id": 18855,
      "detail": "Responsible for the transparency and accuracy of accounting data.Organizing the implementation of accounting Procedure and operations to meet annual audit work.Building a system of accounting books and vouchers, receipts and expenditures strictly according to accounting standards.Establish accounting processes and forms to ensure the profession is suitable for the business development of the company and in accordance with the provisions of the relevant agencies.Optimization cashflow by controlling sources of debt, revenue and expenditure.Analyzing financial, balancing capital sources.Monitor the Company's investment capital.Make payment plan for suppliers.- Responsible for accepting the payment.Provide necessary information for the board of directors in making short-term, long-term decisions, such as financial decisions, capital budgeting, project financing ... Checking and controlling tax reports and tax finalization reports.- Work directly with the bank on short term and long term loan options.Prepare reports for foreign Loans and payment of foreign debts.Prepare management reports as required.Control all activities in the accounting department.Working, explaining tax audit data . .. Organizing periodic inventory of units' assets.",
      "company": "SAIGON STAR BUSINESS BRIDGE CORPORATION",
      "end_time": "2023-04-13T00:00:00Z",
      "industry": "Other",
      "position": "Chief accountant.",
      "conf_score": 0.7930238043945285,
      "start_time": "2016-06-01T00:00:00Z"
    },
    {
      "id": 18856,
      "detail": "-Update move in-move out, collect money from tenant and membership by cash.-Prepared and Issue statement of account to tenant, payment notification to tenant and Membership end of the month.-Prepared and issue invoice, prepared VAT output and input report .-Prepared payable voucher, payment voucher and payment order.-Post Payable voucher to sun system software.-Allocated all receivable account - Print Aging report by sun system.-Making Planning cash.-Amortization Unearned Revenue, membership revenue.-Amortization, accumulated, reverse accrued re-rental fee.-Prepared statistic report for Government. -Prepared Summary Fixed Assets report-Prepared P&L by month.-Prepared PIT,CIT report-Prepare file audit report ready for audit at the end of the year-Prepared audit schedule and inventory schedule for year end-Assist to Chief Accountant if any requirement .",
      "company": "Parkland Residential & Commercial Complex Co., LTD",
      "end_time": "2016-05-31T00:00:00Z",
      "industry": "Real Estate",
      "position": "Accountant",
      "conf_score": 0.9007656883663064,
      "start_time": "2013-03-01T00:00:00Z"
    },
    {
      "id": 18857,
      "detail": "-Made receipt and Disbursement of cash, and payment in advance.-Made expense and receipt report.-Register PIT code for staff.-Prepare Social Insurance Report and submit to Social Insurance office.-Prepare Labor Register Report and submit to Labor Committee. -Printout and distribute pay slips.-Executed tax reports, and Social insurance reports.-Executed CIT, VAT, PIT, and other tax reports.-Follow-up vendor contract, update vendor list.-Receipt for tuition fee.-Input and Output VAT into tax system.-Executed income report, tax report.",
      "company": "E M G Education Company",
      "end_time": "2013-02-28T00:00:00Z",
      "industry": "Education",
      "position": "General Accountant",
      "conf_score": 0.9007656883663064,
      "start_time": "2010-11-01T00:00:00Z"
    },
    {
      "id": 18858,
      "detail": "The Degree of Associate inoFeb 2, 2015 Completed the Certificate of the chief accountant course.July 19, 2019 Certificate in Chief Financial Offer Course The Association of Managers and Administrators, United Kindom",
      "company": "of Accounting and Business Management",
      "end_time": "2011-12-31T00:00:00Z",
      "industry": "Other",
      "position": null,
      "conf_score": 0.7653603027059795,
      "start_time": "2011-04-04T00:00:00Z"
    },
    {
      "id": 18859,
      "detail": "-Made receipt and Distribution employees of cash, and payment in advance.-Made expense and receipt report.-Executed CIT, VAT, and other tax reports.-Executed payroll calculation and payment to payment.-Executed tax reports, and Social insurance reports. -Went to the bank for payment and withdrawal, and payroll.-Compared payable accounts with Providers, receivable accounts with customers.",
      "company": "Viet Thang Long Logistic Company",
      "end_time": "2010-11-30T00:00:00Z",
      "industry": "Other",
      "position": "Accountant staff",
      "conf_score": 0.916424399377391,
      "start_time": "2008-06-01T00:00:00Z"
    }
  ],
  "address": null
}