{
  "skills": [
    "hard working",
    "bug fixing",
    "javascript",
    "design patterns",
    "oop",
    "oracle",
    "css",
    "jquery",
    "algorithm",
    "sql",
    "html",
    "communication skills",
    "mvc",
    "asp"
  ],
  "fulltext": "Dinh Cong Tan .NET Developer 11/20/1996 Male 0762559696 tan.dct9x@gmail.com Hai Phong / Ha Noi http://defzone.net ABOUT Passion for programming and desire to learn, exchange knowledge and develop yourself. Hard-working, enthusiastic at work, like to interact with new technology. SKILLS CSS, HTML .NET, .NET Core ASP.NET MVC Javascript, JQuery SQL CERTIFICATIONS The third prize Student Study Of Science (2018) The best team of the year 2018 FPT Software (2018) INTERESTS Game, Anime, Draw and Music EDUCATION Hai Phong University (10/2014 > 07/2018) Information Technology I studied very hard, and learned a lot from my teachers and my friends Academy FPT (July 2018 > 11/2018) Fresher .Net Dev Trained in algorithms, Design pattern , OOP and communication skills and more.. WORK EXPERIENCE Project Name: CEC-MUL (11/2018 > 02/2019) Position: .Net Developer - Company: FPT Software - Team Size: 20 - 30 - Used Technologies: VB.NET , MS SQL, ComponentOne - Client: CEC - Responsibilities: Bug fixing, Coding, UT & IT - Project Description: Migration from VB6 to VB.NET Project Name: TIE-UP (02/2019 > now) Position: .NET Developer - Company: FPT Software - Team Size: 50 - 70 - Used Technologies: VB.NET, Oracle, ComponentOne - Client: THS / Toyota - Responsibilities: Create Details Design, Coding, Bug fixing, UT - Project Description: Migration from VB6 to VB .NET ACTIVITIES Young IT competition in Hai Phong city 2018 (05/2018 > 05/2018) Build Contest Application Build Contest Application using ASP.NET, Deploy and organize an exam Student study of science (05/2018 > 05/2018) Science Journal Build website Science Journal of Hai Phong University, see more at:",
  "educations": [
    {
      "id": 5648,
      "gpa": null,
      "major": ".Net Dev",
      "school": "Academy FPT",
      "diploma": "Bachelors",
      "end_time": "2018-11-01T00:00:00Z",
      "conf_score": 0.9154503444304597,
      "start_time": "2018-07-01T00:00:00Z",
      "picklist_major": "Other",
      "major categories": "",
      "major_categories_detail": ""
    },
    {
      "id": 5647,
      "gpa": null,
      "major": "Information technology",
      "school": "Hai Phong University",
      "diploma": "Bachelors",
      "end_time": "2018-07-01T00:00:00Z",
      "conf_score": 0.9242047582276173,
      "start_time": "2014-10-01T00:00:00Z",
      "picklist_major": "IT - Hardware/Networking",
      "major categories": "Computer and information technology",
      "major_categories_detail": "Information technology"
    }
  ],
  "experiences": [
    {
      "id": 18870,
      "detail": "Team Size: 20 - 30 - Used Technologies: VB.NET, MS SQL, ComponentOne - Client: CEC - Responsibilities: Bug fixing, Coding, UT & IT - Project Description: Migration from VB6 to VB.NET",
      "company": "FPT Software",
      "end_time": "2019-02-28T00:00:00Z",
      "industry": "High Technology",
      "position": ".Net Developer",
      "conf_score": 0.927378441083427,
      "start_time": "2018-11-01T00:00:00Z"
    }
  ],
  "address": "Hai Phong / Ha Noi"
}