{
  "skills": [
    "magento",
    "responsive",
    "javascript",
    "html",
    "frontend development",
    "wordpress",
    "css",
    "website development",
    "testing",
    "analysis",
    "jquery",
    "bigcommerce",
    "tester",
    "development testing",
    "reactjs",
    "implementation",
    "react native",
    "bootstrap"
  ],
  "fulltext": "Contact+84 969005169 (Mobile)thienbuifrontend@gmail.comwww.linkedin.com/in/thien-bui- frontend (LinkedIn)Top SkillsFront-end DevelopmentMagentoShopifyThien BuiFront-End DeveloperSummaryI have over a year of experience in front end web developmentwith strong knowledge in development working with IT industry,including research and analysis, design using Adobe Photoshop,development, testing, implementation of code and website, mobileapp. Some of my key areas are HTML / CSS, JavaScript, Web/MobileDevelopment, Reactive Native, React JS, Responsive design,Testing.And some of the frameworks I have experience are Magento2,Wordpress, Shopify and Bigcommerce. I'm looking for newopportunities to broaden my knowledge, please feel free to contactme at thienbuifrontend@gmail.com.ExperienceWsoftproFrontend Web DeveloperMay 2018 - Present Hanoi- Have solid understanding of web fundamentals (HTML, CSS, JavaScript) andsome CMS such as Magento2, Wordpress, Shopify and BigCommerce, ReactNative, React JS.- Familiar with frameworks such as jQuery, Bootstrap.- Implement the web applications, mobile applications, and APIs based onReactJS, React Native, and Magento2.- Work with team of 6 or 7 people on several long term projects andcommunicate directly with customers, who are mostly from Asia Pacific,Europe and America, such as Icube (Indonesia), Mustache (New Zealand),Zago Sweden. - Have responsibility to handle a whole project or small tasks, work well withtester and project manager to delivery to customer. - Estimate time, update progress for customers at the end of the dayPage 1 of 2- Manage code and review code from other team members, support trainees tofollow work flow EducationHoa Binh UniversityBachelors, Information Technology (2015 - 2019)Vietpro AcademyBasic and Advanced in HTML , CSS & JavaScriptProgramming (2018 - 2018)Page 2 of 2",
  "educations": [
    {
      "id": 5649,
      "gpa": null,
      "major": "Information technology",
      "school": "Hoa Binh University",
      "diploma": "Bachelors",
      "end_time": "2019-01-01T00:00:00Z",
      "conf_score": 0.917841109432358,
      "start_time": "2015-01-01T00:00:00Z",
      "picklist_major": "IT - Hardware/Networking",
      "major categories": "Computer and information technology",
      "major_categories_detail": "Information technology"
    },
    {
      "id": 5650,
      "gpa": null,
      "major": ", CSS & JavaScriptProgramming",
      "school": "Vietpro Academy",
      "diploma": "Bachelors",
      "end_time": "2018-01-01T00:00:00Z",
      "conf_score": 0.873866977543044,
      "start_time": "2018-01-01T00:00:00Z",
      "picklist_major": "Other",
      "major categories": "",
      "major_categories_detail": ""
    }
  ],
  "experiences": [
    {
      "id": 18871,
      "detail": "Hanoi - Have solid understanding of web fundamentals (HTML, CSS, JavaScript) and some CMS such as Magento2, Wordpress, Shopify and BigCommerce, React Native, React JS. - Familiar with frameworks such as jQuery, Bootstrap. - Implement the web applications, mobile applications, and APIs based onReactJS, React Native, and Magento2. - Work with team of 6 or 7 people on several long term projects and communicate directly with customers, who are mostly from Asia Pacific, Europe and America, such as Icube (Indonesia), Mustache (New Zealand), Zago Sweden. - Have responsibility to handle a whole project or small tasks, work well with tester and project manager to delivery to customer.- Estimate time, update progress for customers at the end of the day- Manage code and review code from other team members, support trainees to follow work flow",
      "company": "Wsoftpro",
      "end_time": "2023-04-13T00:00:00Z",
      "industry": "Other",
      "position": "Frontend Web Developer",
      "conf_score": 0.8986425279419377,
      "start_time": "2018-05-01T00:00:00Z"
    }
  ],
  "address": null
}