{
  "skills": [
    "due diligence",
    "payment",
    "external audit",
    "accounting",
    "hudson",
    "finance",
    "leadership skills",
    "ifrs",
    "sales",
    "tax audit",
    "management",
    "accounting softwares"
  ],
  "fulltext": "TO CONG Current address: 539 CMT8 Street, District 10, HCMC. Permanent address: Phan Rang Thap Cham city, Ninh Thuan. Bachelor of Accountancy 2011 2015 University of Economics Ho Chi Minh city Chief Accountant Certificate 2018 Ministry of Finance QUALIFICATION SONKIM LAND 2019 Now General Accountant Supporting Chief Accountant in overseeing overall accounting function. Preparing financial statements/management reports under GAAP and IFRS (for Hong Kong stakeholders). Making periodical tax returns and payment (VAT, PIT, CIT, FCT). Assistant Chief Accountant in controlling budget and preparing cash forecast. Requesting and compiling funding from other departments to safeguard the companys cash position. Attending monthly BOD meetings together with Chief Accountant, drafting meeting minutes to emphasize areas of improvement. Supervising the works of AR-AP accountants, cashiers and giving advice to ensure strict compliance with the law and internal procedure. Coordinating with other departments: Finance, Sales & Customer Services, Project Development, to collect necessary information and get tasks done smoothly. SCS GLOBAL CONSULTING VIETNAM 2016 2018 Senior accounting consultant In charge of tax and accounting service for several companies from Japan, Singapore, Korea, Vietnam. WORK EXPERIENCE Involved directly in full accounting cycle for clients, i.e. helped set up client's accounting operation and procedure, prepare quarterly/yearly tax declaration/payment and financial reports. Coordinated with external audit on drafting/issuing audited financial statement. Assisted managers in tax due diligence, VAT refunding, tax audit assignments. Liaised regularly with tax officers and other government bodies (DPI, DIT) to resolve clients' business issues. HUDSON SHIPPING LINES, INC. 2015 - 2016 Operations trainee Controlled daily operations of 3-5 shipping voyages at the same time. Presented and explained financial and operational performance of voyages in-charge to US office during monthly meetings. Coordinated with various stakeholders worldwide including remote colleagues, ship captains and crew, ship-owners, charterers. IELTS 7.0 (2018) Certificate for training completion on workplace leadership skills. (Full scholarship granted by Achieve Global, 2015) CERTIFICATES First prize in academic English competition Amazing UEH- 2014 Third prize in English contest day Step Up UEH - 2014 First prize in cultural exchange competition Vietnam 3D hold by AIESEC - 2014 Prize in academic research UEH 500 - 2013 ACHIEVEMENTS English: Fluent in all 4 skills (Listening Reading Writing - Speaking). Experience in multi-cultural work settings. MS office applications: B certificate. Competent in various accounting softwares (FAST, Misa, Xero, ERP) Communication and presentation skills. SKILLS Work management skills, can work under high pressure. Careful, detail-oriented, responsible.",
  "educations": [
    {
      "id": 5654,
      "gpa": null,
      "major": "Accountancy",
      "school": "University of Economics Ho Chi Minh city",
      "diploma": "Bachelors",
      "end_time": "2015-01-01T00:00:00Z",
      "conf_score": 0.7982161229421119,
      "start_time": "2011-01-01T00:00:00Z",
      "picklist_major": "Other",
      "major categories": "",
      "major_categories_detail": ""
    }
  ],
  "experiences": [
    {
      "id": 18886,
      "detail": "Supporting Chief Accountant in overseeing overall accounting function.Preparing financial statements/management reports under GAAP and IFRS (for Hong Kong stakeholders).Making periodical tax returns and payment (VAT, PIT, CIT, FCT). Assist Chief Accountant in controlling budget and preparing cash forecast.Requesting and compiling funding from other departments to safeguard the companys cash position.Attending monthly BOD meetings together with Chief Accountant, drafting meeting minutes to emphasize areas of improvement.Supervising the works of AR-AP accountants, cashiers and giving advice to ensure strict compliance with the law and internal procedure.Coordinating with other departments: Finance, Sales & Customer Services, Project Development,... to collect necessary information and get tasks done smoothly.",
      "company": "SONKIM LAND",
      "end_time": "2023-04-13T00:00:00Z",
      "industry": "Real Estate",
      "position": "General Accountant",
      "conf_score": 0.9174648511369632,
      "start_time": "2019-01-01T00:00:00Z"
    },
    {
      "id": 18887,
      "detail": "In charge of tax and accounting service for several companies from Japan, Singapore, Korea, Vietnam.",
      "company": "SCS GLOBAL CONSULTING VIETNAM",
      "end_time": "2018-01-31T00:00:00Z",
      "industry": "Other",
      "position": "Senior accounting consultant",
      "conf_score": 0.9125776658202421,
      "start_time": "2016-01-01T00:00:00Z"
    },
    {
      "id": 18888,
      "detail": "Controlled daily operations of 3-5 shipping voyages at the same time.Presented and explained financial and operational performance of voyages in-charge to US office during monthly meetings.Coordinated with various worldwide stakeholders including remote colleagues, ship captains and crew, ship-owners , charterers.",
      "company": "HUDSON SHIPPING LINES, INC.",
      "end_time": "2016-01-31T00:00:00Z",
      "industry": "Transportation & Logistics",
      "position": "Operations trainee",
      "conf_score": 0.9174648511369632,
      "start_time": "2015-01-01T00:00:00Z"
    }
  ],
  "address": "539 Cmt8 Street, District 10, Ho Chi Minh City."
}