{
  "skills": [
    "negotiation skill",
    "digital marketing",
    "data management",
    "accounting",
    "marketing",
    "finance",
    "analysis",
    "ams",
    "sales",
    "data analysis",
    "b2b sales",
    "management",
    "communication skills"
  ],
  "fulltext": "Ly Nguyen SENIOR BUSINESS DEVELOPER Hanoi was born and based since 1990. 5 years experience in B2B sales. PERSONAL PROFILE I am dynamic, ambitious and flexible person, experienced in Marketing and Business Development with a great capacity to adapt to different working environment. SKILLS AND EXPERTISE Strong Sales Negotiation Skills Excellent Communication Skill Account Management Data Analysis Skills Digital Marketing Fast Learner Team-work spirit CONTACT ME AT: WORK EXPERIENCE ACCOUNT MANAGER Appota Corp | May 2016 - Sep 2019 Find new customers and Develop a strong working relationship with them. Drive clients mobile traffic performance and Optimize publishers revenue. MARKETING EXCUTIVE Dai Viet Group | Mar 2015 - Apr 2016 Make and execute marketing plans for Company's product. Analyze user data from Fan Page & Website. FRANCHISE CONSULTANT BBQ Vietnam | May 2013 - Feb 2015 Consult business model and convince customer to buy franchises. Customer support after sales. EDUCATION ACADEMY OF FINANCE Accounting and Finance / Bachelor of Degree ARCHIVEMENT KPI achievement in 3 quarters continuous. Best revenue team of Google Channel Partners in South East Asia.",
  "educations": [
    {
      "id": 5653,
      "gpa": null,
      "major": "Accountant",
      "school": "ACADEMY OF FINANCE",
      "diploma": "Bachelors",
      "end_time": null,
      "conf_score": 0.740186394012631,
      "start_time": null,
      "picklist_major": "Accounting",
      "major categories": "Business and management",
      "major_categories_detail": "Finance Bank Insurance"
    }
  ],
  "experiences": [
    {
      "id": 18883,
      "detail": "Find new customers and Develop a strong working relationship with them.Drive clients mobile traffic performance and Optimize publishers revenue.",
      "company": "Appota Corp",
      "end_time": "2019-09-30T00:00:00Z",
      "industry": "Other",
      "position": "ACCOUNT MANAGER",
      "conf_score": 0.9522775204635103,
      "start_time": "2016-05-01T00:00:00Z"
    },
    {
      "id": 18884,
      "detail": "Make and execute marketing plans for Company's product.Analyze user data from Fan Page & Website.",
      "company": "Dai Viet Group",
      "end_time": "2016-04-30T00:00:00Z",
      "industry": "Other",
      "position": "MARKETING EXECUTIVE",
      "conf_score": 0.9607070075537533,
      "start_time": "2015-03-01T00:00:00Z"
    },
    {
      "id": 18885,
      "detail": "Consult business model and convince customer to buy franchises.Customer support after sale.",
      "company": "Vietnamese BBQ",
      "end_time": "2015-02-28T00:00:00Z",
      "industry": "Other",
      "position": "FRANCHISE CONSULTANT",
      "conf_score": 0.9522775204635103,
      "start_time": "2013-05-01T00:00:00Z"
    }
  ],
  "address": null
}