{
  "skills": [
    "angular",
    "java",
    "javascript",
    "rxjs",
    "ams",
    "es6",
    "redux",
    "frontend development",
    "handlebar",
    "jquery",
    "vuejs",
    "firebase",
    "uikit",
    "insurance",
    "desktop",
    "website development",
    "css",
    "grunt",
    "le",
    "styled components",
    "reactjs",
    "nextjs",
    "gulp",
    "php",
    "html",
    "scripting"
  ],
  "fulltext": "Dinh Trong Nghia Date of birth: 04/07/1994 Address: Binh An Ward, District 2, HCMC. Skype: live:dtnghia47 0975439947 dtnghia47@gmail.com https://www.linkedin.com/in/meaning-dinh-b72442118/University Of Science2012 - 2016EDUCATIONBachelorsInformation TechnologyGetlinks05/2018 - PresentSutrix Solutions08/2016 - 05/2018WORK EXPERIENCEFrontend Developer- This is Product Company- Development GetlinksX (new product in Vietnam). Use React (Nextjs), Redux, Sass- Support develop, fixbug, enhancement old product (getlinks.co)- Support development project lib uikit for Thailand Team- Discuss and suggest UI and UX, estimation task- Communicate/ support/ discuss/ review /report task- Communicate with core team(Thailand Team), connect Vietnam Team and Thailand Team- Support leader review codeFrontend Developer- This is Outsourcing Company- Use Jade, Less, Javascript, Jquery, Angular and Grunt Gulp- Support fix bug, debug and troubleshoot layout and scripting issues across a variety of desktop and mobilebrowsers- Training newcomers, code review GetlinksX05/2018 - presentGetlinks10/2018 - 03/2019Insurance (AIA)ACTIVITIESFrontEnd Developer at Getlinks- Use: Reactjs(Nextjs), Redux, Sass- Research lib apply to project, create and custom component for reuse, review code for team- The purpose of project is recruit the talents for company and We want to create new project can replacegetlinks.co- And now, The project is complete and in upgrade progressFrontEnd Developer at Getlinks- Use Express, Sass, Styled Components, Reactjs, Redux, Ejs- I am first developer(VN) working in core project with Thailand Team and support team fix bug, developmentsome new feature. After that, I transfer my knowledge for VN Team and connect Thailand Team and VNTeam.Frontend Developer at Sutrix Solutions- Duration: about 8 months- Use AEM Form create html, and use Jade, Less build some html for Java Team- Write javascript plugin (follow Jquery boilerplate)- Code review and Training newcommers for companyOBJECTIVEI have over 3 years experience in web programming. I am a Frontend DeveloperMultiple Campaign project(Tiger Beer, ASUS, MSG)Wildlife Convervation (Ibf Renkin)Frontend Developer at Sutrix Solutions- Duration: about 3-4 months/project- Use Jade, Less, Handlebars, Grunt, Gulp, Woobox, Socical Network- Create animation with Css- Use Social Network: youtube, facebook, google- Create newsletter (use litmus test and develop)Frontend Developer at Sutrix Solutions- Duration: about 3 months- I maintain this project- Use Jade, Less, Handlebars and Grunt build html for PHP Team- Connect youtube apiHtml/ Jade/ NewsletterCss/ Less/ Sass/ Boostrap/ Flexbox/ Styled ComponentsJavascript/ Handlebars/ JqueryLodashejs/ es6Reactjs, Nextjs(The React Framework), reduxHaving knowledge:Angular 2+(basic), Rxjs, Firebase, Social Network, Grunt/ Gulp/ Vuejs basicSKILLS topcv.vnPowered by TCPDF (www.tcpdf.org)",
  "educations": [
    {
      "id": 5657,
      "gpa": null,
      "major": "Information technology",
      "school": "University of Science",
      "diploma": "Bachelors",
      "end_time": "2016-01-01T00:00:00Z",
      "conf_score": 0.8624879288430323,
      "start_time": "2012-01-01T00:00:00Z",
      "picklist_major": "IT - Hardware/Networking",
      "major categories": "Computer and information technology",
      "major_categories_detail": "Information technology"
    }
  ],
  "experiences": [
    {
      "id": 18895,
      "detail": "- This is Product Company - Development GetlinksX (new product in VietNam). Use React (Nextjs), Redux, Sass - Support develop, fixbug, enhancement old product (getlinks.co)- Support development project lib uikit for Thailand Team - Discuss and suggest UI and UX, estimation task- Communicate/ support/ discuss/ review /report task- Communicate with core team(Thailand Team), connect Vietnam Team and Thailand Team - Support leader review code",
      "company": "Getlinks",
      "end_time": "2023-04-13T00:00:00Z",
      "industry": "Other",
      "position": "Frontend Developer",
      "conf_score": 0.9522414576104914,
      "start_time": "2018-05-01T00:00:00Z"
    },
    {
      "id": 18896,
      "detail": "- This is Outsourcing Company - Use Jade, Less, Javascript, Jquery, Angular and Grunt Gulp - Support fix bugs, debug and troubleshoot layout and scripting issues across a variety of desktop and mobile browsers- Training newcomers, code review",
      "company": "Sutrix Solutions",
      "end_time": "2018-05-31T00:00:00Z",
      "industry": "High Technology",
      "position": "Frontend Developer",
      "conf_score": 0.9512303155325736,
      "start_time": "2016-08-01T00:00:00Z"
    }
  ],
  "address": "Binh An Ward, District 2, HCMC"
}