{
  "skills": [
    "strut",
    "Internet",
    "tomcat",
    "java",
    "digital signature",
    "jboss",
    "apache",
    "cloud",
    "matlab",
    "xml",
    "java core",
    "banking",
    "unit test",
    "google cloud platform",
    "enterprise",
    "jsf",
    "git",
    "svn",
    "html5",
    "j2ee",
    "analysis",
    "spring",
    "ajax",
    "google cloud",
    "sql",
    "maven",
    "mentor",
    "ibm",
    "optimal system",
    "oracle",
    "jsp",
    "hibernate",
    "windows server",
    "bootstrap",
    "sql server",
    "google maps"
  ],
  "fulltext": "Edited with the trial version of Foxit Advanced PDF Editor ACADEMY To remove this notice, visit:www.foxitsoftware.com/shopping UNIVERSITY OF TECHNOLOGY - VNUHN10/2011 - 01/2016Specialization: Technical Mechanics Graduated with honors, GPA 2.8 /4 WORK EXPERIENCE DAK06/2019 - PRESENT Java programmer (Internet Banking project of Lien Viet Post Bank) - Onsite at Lien Viet Post Bank, functional code as assigned by Team lead.- Technology used: ADF Oracle framework, JSF, Oracle DB, Soap Webservice, Weblogicserver, SVNDAK11/2018 - 05/2019Team lead Java Developer (VnSat project http://ppdms.mard.gov.vn - Sustainable agricultural transformation of the Ministry of Agriculture - part pest management software on plants)- Together with BA analyze requirements from customers, design detailed functions, functional codes, support team members.- Participate in training and user guidance local software.- Technology used: Springboot, Thymeleaf, Ajax, Google Maps API, MS SQL server 2012,HTML5, Bootstrap, Apache Tomcat 9, Windows Server, SVN, GIT, MavenDAK10/2018 - 11/2018Member Java Developer (GoNOW transport trading platform project for Viettel customers)- Code API server for Viettel's ride-hailing system, under the assignment of teamlead.- Technology used: Google Cloud Platform,Java Spring Hibernate, H2, SVNSEATECHIT01/ 2018 - 10/2018Sub lead Java Developer (Tax24.com.vn project - TVAN Einvoice, company's product)- Functional code, system optimization, support other team members, request analysis from BA, PM and board of directors, research and find solutions for cloud technology to meet the requirements of the board of directors.- Technology used: Java Enterprise IBM MBTT, (JSP, Ajax, XML, digital signature, Tomcat,WebSphere, Oracle 11g ), Ibatis, Bootstrap 3, SVNSEATECHIT08/2017 - 12/2017Java Developer (ICS project - Einvoice, Tecapro outsource project for Seatechit) - Onsite at Tecapro with Seatechit's team (receiving requests from customers, functional code according to the request) assigned by PM).- Technology used: Java Enterprise IBM MBTT, (JSP, Ajax, XML, digital signature, Tomcat,WebSphere, Oracle 11g), Ibatis, Bootstrap 3, SVNUSOL VIETNAM06/2016 - 6/2017Java Developer (NGIT project (Web-based application provides features to supportsalemanagement - Nihon Unisys customer)- Trained in software making technology process according to Japanese standards.- Read detailed design requirements, write test case documents , functional code and unit test.- Investigate system data according to customer's requirements.- Analyze logs, find solutions for turning functions according to customer requirements.- Technology used: Java core, Java J2EE, Maia framework, Struts 1x, DB PostgresSQL, LE VAN DAAN Team lead Java developer October 20, 1990 Male CAREER OBJECTIVES Apply experience knowledge of programming skills, technology and business understanding to become a Senior Java Developer, brings a lot of value to the company. Thereby helping the Company improve service quality and expand customer base.Skills Office IT English Hobbies Watching movies Listening to music Listening to audio books, reading books Going out Jboss server, Test UT, System Test, Eclipse, Bootstrap, SVINCE ACTIVITIES December 2015 Intern at VNSC - national satellite center- Participate in research and implementation of algorithm to determine and control micro satellite posture, under the guidance of center.- Learn algorithm , execute and simulate in Matlab, execute embedded code on embedded chip PIC16F877A, PIC18F46K20, PIC18F4550, connect to simulation module on Labview with other team members. REFERENCES Anh Duong Viet Hung - Deputy Director of DAKMail: skyc0312g @gmail.comAnh Duong Van Nhuong - PM seatechit Phone: 0986152219 topcv.vn",
  "educations": [
    {
      "id": 5670,
      "gpa": "2.8",
      "major": "Mechanical engineering",
      "school": "UNIVERSITY OF TECHNOLOGY - VNUHN",
      "diploma": "Bachelors",
      "end_time": "2016-01-01T00:00:00Z",
      "conf_score": 0.8725644145933396,
      "start_time": "2011-10-01T00:00:00Z",
      "picklist_major": "Technical",
      "major categories": "Technique",
      "major_categories_detail": "Mechanical engineering and mechanical engineering"
    }
  ],
  "experiences": [
    {
      "id": 18948,
      "detail": "(Internet Banking project of Lien Viet Post Bank) - Onsite at Lien Viet Post Bank, functional code as assigned by Team lead.- Technology used: ADF Oracle framework, JSF, Oracle DB, Soap Webservice, Weblogic server , SVN",
      "company": "DAK",
      "end_time": "2023-04-13T00:00:00Z",
      "industry": "Other",
      "position": "Java programmer",
      "conf_score": 0.9283402044765778,
      "start_time": "2019-06-01T00:00:00Z"
    },
    {
      "id": 18949,
      "detail": "(VnSat project http://ppdms.mard.gov.vn - Sustainable agriculture transformation of the Ministry of Agriculture - Pest management software on crops)- Together with BA analyze requirements from customers, design detailed function, functional code, support team members.- Participate in training and guide local software users.- Technology used: Springboot, Thymeleaf, Ajax, Google Maps API , MS SQL server 2012, HTML5, Bootstrap, Apache Tomcat 9, Windows Server, SVN, GIT, Maven",
      "company": "DAK",
      "end_time": "2019-05-31T00:00:00Z",
      "industry": "Other",
      "position": "Team lead Java Developer",
      "conf_score": 0.9125776658202421,
      "start_time": "2018-11-01T00:00:00Z"
    },
    {
      "id": 18950,
      "detail": "(GoNOW transport trading platform project for Viettel customers) - Code API server for Viettel's ride-hailing system, under the assignment of teamlead.- Technology used: Google Cloud Platform,Java Spring Hibernate, H2, SVN",
      "company": "DAK",
      "end_time": "2018-11-30T00:00:00Z",
      "industry": "Other",
      "position": "Member Java Developer",
      "conf_score": 0.9166535282364164,
      "start_time": "2018-10-01T00:00:00Z"
    },
    {
      "id": 18951,
      "detail": "(Project Tax24.com.vn - TVAN Einvoice, company's product)- Functional code, system optimization, support for other team members, request analysis from BA, PM and board of directors, research looking for cloud technology solutions to meet the requirements of the board of directors.- Technology used: Java Enterprise IBM MBTT, (JSP, Ajax, XML, digital signature, Tomcat, WebSphere, Oracle 11g), Ibatis, Bootstrap 3, SVN",
      "company": "SEATECHIT",
      "end_time": "2018-10-31T00:00:00Z",
      "industry": "High Technology",
      "position": "Sub lead Java Developer",
      "conf_score": 0.9125776658202421,
      "start_time": "2018-01-01T00:00:00Z"
    },
    {
      "id": 18952,
      "detail": "(ICS project - Einvoice, Tecapro outsourcing project for Seatechit) - Onsite at Tecapro with Seatechit's team (receiving requests from customers, functional code as assigned by PM). - Technology used: Java Enterprise IBM MBTT, (JSP, Ajax, XML, digital signature, Tomcat, WebSphere, Oracle 11g), Ibatis, Bootstrap 3, SVN",
      "company": "SEATECHIT",
      "end_time": "2017-12-31T00:00:00Z",
      "industry": "High Technology",
      "position": "Java Developer",
      "conf_score": 0.9283402044765778,
      "start_time": "2017-08-01T00:00:00Z"
    },
    {
      "id": 18953,
      "detail": "(NGIT project (Web-based application provides features to support salemanagement - Nihon Unisys customers) - Trained in software making technology process according to Japanese standards - Read detailed design requirements, write test documents case, functional code and unit test.- Investigate system data according to customer's request.- Analyze logs, find solutions for turning functions according to customer's requirements.- Technology used: Java core , Java J2EE, Maia framework, Struts 1x, DB PostgresSQL,",
      "company": "USOL VIETNAM",
      "end_time": "2017-06-30T00:00:00Z",
      "industry": "Other",
      "position": "Java Developer",
      "conf_score": 0.9166535282364164,
      "start_time": "2016-06-01T00:00:00Z"
    }
  ],
  "address": null
}