{
  "skills": [
    "studio",
    "css",
    "github",
    "html",
    "linux",
    "redis",
    "iodine",
    "mysql",
    "symfony",
    "wordpress",
    "cakephp",
    "class",
    "le",
    "netbeans",
    "sell",
    "visual studio",
    "magento",
    "javascript",
    "payment",
    "laravel",
    "ams",
    "enterprise",
    "php",
    "cdn",
    "operating system",
    "linux operating system",
    "aws"
  ],
  "fulltext": "Nhan LeDetailsProfileMy name is Le Quang Nhan and I work as a Technical Leader. I began as aprogrammer in aer graduate from the University of Technology in HoChi Minh City. I have gained valuable experience in various programminglanguages ​​such as PHP, Javascipt, MySQL and HTML. I am also experienced with the Windows and Linux operating systems as well as other programs includingeClipse, Netbeans, Macromedia DreamWeaver, Photoshop, Zend Studio, andVisual Studio. Having worked closely on Drupal over the last years and Magento years. Ican appreciate its unique qualities over other web application frameworks.Though similar to Wordpress, CakePHP, Laravel, Symfony , Zen Framework possesses its own intricacies that always keep me coming back for more. I also have experienced with AWS system, Ocean Digital, AlibabaCloud/ Street , Ward , Go Vap,Ho Chi Minh, , Viet Nam,nhanlq@outlook.comDate / Place of birth-Ho Chi MinhNationalityViet NamLinksLinkedinGithubDrupal ProfileEmployment HistoryTechnical Leader at Smartosc, Ho Chi MinhFebruary PresentProjectsUrbanfoxUrl: https://urbanfox.storeRole: Technical Leader Description: Urbanfox is ecommerce system, it is a marketplace system andallow seller register the sell their product on Urbanfox.This system integrate with Lazada, Shopee, Qoo, Zalora.The system have multi country and build on multiwebsite from Magento EnterpriseTechnical: Magento Enterprise, Mysql, Redis, CDN, AWS, Loadbalancing, EFSMembers: WineconnectionUrl: https://wineconnection.comRole: Technical Leader Description: Wineconnection is an ecommerce website. It sells the wine and gi. Itwas integrated with OCBC Bank. This is multiwebsite and base on Magento..xTechnical: Magento ..x, Mysql, Redis, CDN, AWS, LoadbalancingMembers: SkillsPHPDrupalMysqlLinuxHTMLCSSJavascriptMagentoMykingdomUrl: https://www.mykingdom.com.vn Role: Technical Leader Description: Mykingdom is an ecommerce website . It sells the toys for kids. It was integrated with ANZ Delivery, Viettel Post, Onepay Getway and MicrosoDynamic NAV. Technical: Magento , Mysql, Redis, CDNMembers: LeidosUrl: https://leidos.com Role: Technical LeaderDescription: Leidos is a website talking about Job Career. It show informationabout company and jobs.Technical: Drupal , Mysql, Acquia Site Factory service, Redis, CDNMembers: Technical Leader at Intergreat Vietnam, Ha NoiNovember June Projects IELTS Online Test - IOTUrl: https://ieltsonlinetests.com Role: Technical Leader Description : IOT is a website talking about practice test IELTS online. It have toolfor test and have buy Practice test with teacher and have Webinar. It have applydrupal commerce which integrate with Stripe payment, Paypal and Wechat. Technical: Drupal , Mysql, Redis, CDN Members: Campusmate - CMUrl: https://campusmate.com Role: Technical Leader Description: CM is a website talking about sell class online with teachers. It sellthe course with classes and webinar. It has apply Drupal commerce whichintegrate with Stripe payment, Paypal and Wechat. Technical: Drupal , Mysql, Redis, CDN Members: Technical Leader at Splash interactive Vietnam, Ho Chi MinhApril February Senior PHP Developer at Pycogroup, Ho Chi MinhFebruary September Senior Drupal Developer at Go1 Pty Ltd, Brisbane, AustraliaApril January Bachelor of Engineering, HUTECH, Ho Chi MinhSeptember October Other CertificateCertificate in Udemy https://www.udemy.com/certificate/UC-QAICV/https://www.udemy.com/certificate/UC-FSSWSU/https://www.udemy.com/ certificate/UC-ZDZHTW/ Certificate in Aquiahttps://community.acquiacademy.com/user/downloadcertification/id: EducationPowered by TCPDF (www.tcpdf.org)",
  "educations": [
    {
      "id": 5671,
      "gpa": null,
      "major": null,
      "school": "University of Technology in Ho Chi Minh City",
      "diploma": "Bachelors",
      "end_time": null,
      "conf_score": 0.8689692803656918,
      "start_time": null,
      "picklist_major": "Other",
      "major categories": "",
      "major_categories_detail": ""
    }
  ],
  "experiences": [
    {
      "id": 18954,
      "detail": "Description: Urbanfox is ecommerce system, it is a marketplace system and allow seller register the sell their product on Urbanfox. This system integrates with Lazada, Shopee, Qoo, Zalora. The system have multi country and build on multiwebsite from Magento Enterprise Technical: Magento Enterprise, Mysql, Redis, CDN, AWS, Loadbalancing, EFS Members: Wineconnection Url: https://wineconnection.comRole:",
      "company": "Smartosc",
      "end_time": "2023-12-31T00:00:00Z",
      "industry": "High Technology",
      "position": "Technical Leader",
      "conf_score": 0.851734717643533,
      "start_time": "2023-04-01T00:00:00Z"
    }
  ],
  "address": "Ho Chi Minh"
}