{
  "skills": [
    "linux",
    "java",
    "c++",
    "javascript",
    "c#",
    "sales",
    "management",
    "java core",
    "swing",
    "html5",
    "website development",
    "algorithm",
    "css",
    "oop",
    "mvc",
    "reactjs",
    "directx",
    "backend development",
    "teamwork",
    "mysql"
  ],
  "fulltext": "Summary Web Developer specializing in back end development. Basic knowledge of programming such as OOP, C/C++, C#, Java, JavaScript, HTML5, CSS, MySQL. Like programming, algorithm and be interested in Linux. Ability to access to new technologies quickly. NGUYEN DUY TAN Skills Teamwork Study quickly Time management Experience Java internship - 07/2019 to 09/2019 FPT Software HCM Complete a web project. Consolidate knowledge of Java-core, algorithm, web development. Improve teamwork skills. Familiarize with the companys working environment. Contact Address: HCMC National University Dormitory Zone A, Thu Duc District, Ho Chi Minh, Vietnam Phone: +84 (0)978301442 Email: tannguyenduy98@gmail.com Education VNUHCM-University of Information Technology 2016 2021 Software engineer Projects MegamenX game : create game based on MegamanX game with C++, directX library. Bookstore management : manage the sale of a bookstore. Using Java Swing, Mysql. Gara management web app : manage a garage including employee, customer, material, car. Using Swing MVC, Mysql, Reactjs. Languages ​​English TOEIC 550",
  "educations": [
    {
      "id": 5672,
      "gpa": null,
      "major": null,
      "school": "HCMC National University",
      "diploma": "Bachelors",
      "end_time": null,
      "conf_score": 0.8937074928385723,
      "start_time": null,
      "picklist_major": "Other",
      "major categories": "",
      "major_categories_detail": ""
    },
    {
      "id": 5673,
      "gpa": null,
      "major": "Software engineer",
      "school": "VNUHCM - University of Information Technology",
      "diploma": "Bachelors",
      "end_time": "2021-01-01T00:00:00Z",
      "conf_score": 0.9192536033612259,
      "start_time": "2016-01-01T00:00:00Z",
      "picklist_major": "Other",
      "major categories": "",
      "major_categories_detail": ""
    }
  ],
  "experiences": [
    {
      "id": 18955,
      "detail": "Complete a web project. Consolidate knowledge of Java-core, algorithm, web development. Improve teamwork skills. Familiarize with the companys working environment.",
      "company": "FPT Software HCM",
      "end_time": "2019-09-30T00:00:00Z",
      "industry": "High Technology",
      "position": "Java internship",
      "conf_score": 0.9062039189695287,
      "start_time": "2019-07-01T00:00:00Z"
    }
  ],
  "address": "Dormitory Zone A, Thu Duc District, Ho Chi Minh, Vietnam"
}