{
  "skills": [
    "warehousing",
    "smart home",
    "adobe analytics",
    "linux",
    "roof",
    "mysql",
    "wordpress",
    "security",
    "jquery",
    "angular",
    "linux system",
    "marketing",
    "navigation",
    "sales",
    "google analytics",
    "magento",
    "phpstorm",
    "responsive",
    "database",
    "analytics",
    "hubspot",
    "mongo",
    "laravel",
    "face recognition",
    "operation system",
    "affiliate marketing",
    "php",
    "angularjs",
    "vuejs",
    "restful"
  ],
  "fulltext": "359 BACH MAI STREET, HA NOI CITY (097) 217-9189 DUY310593@GMAIL.COM PHAM NGOC DUYPROFILE Nationality : Vietnamese Place of birth : Ha Noi, Viet Nam Date of birth : May 31, 1993 Gender : Male Address : 359 Bach Mai street, Hai Ba Trung district, Ha Noi city Phone : (097) 217-9189 E-mail: Duy310593@gmail.com Languages ​​: Vietnamese (Native), English (Normal) Position desired : PHP Developer Level desired : Senior SUMMARY Language : PHP, Nodejs PHP Frameworks : Laravel, Yii2 PHP Platforms : Magento 1, Magento 2 PHP CMS : Wordpress Js Frameworks : Jquery, Angularjs, Vuejs Database system : Mysql, Mongo IDE : PHPStorm, VSCode Operation system : Linux WORK EXPERIENCE NETATMO, LARAVEL COMPLETED (Smartosc) 2015 - 2015 Experience the comfort of a Smart Home: Smart Thermostat, Security Camera with Face Recognition, Weather Station. CLUB21, MAGENTO 1 COMPLETED (Smartosc) 2016 - 2017 Club21global.com offers a curation of more than 150 designer womens, mens, kids and lifestyle brands, across a diverse range of price points for the discerning fashion shopper anytime, anywhere. Responsibilities : Magento EE Set up and customize extensions : One step checkout, Improved layered navigation, Google shopping feed, Magento gift wrap, Facebook connect and like, Magento product labels, Magento mega menu, Build Google Analytics and Adobe Analytics Build Memberson Build responsive layout RAPPORTLONDON, MAGENTO 2 COMPLETED (Smartosc) 2017 - 2017 Leading manufacturer of automatic watch winders, watch collector boxes and leather goods, offering a luxury range of horological products for the connoisseur. businesses : Magento 2 CE Build responsive layout URBANFOX, MAGENTO 2 COMPLETED (Smartosc) Responsibilities 2017 - 2018 UrbanFox is an end-to-end urban logistics expert that provides reliable and economical solutions to help maximize its sales potential. We offer warehousing, multi-channel commerce and delivery solutions. As a subsidiary of Keppel Logistics, UrbanFox works closely with its ... : Magento 2 EE Build responsive layout Customize My Account Page Responsibilities Customize Shopping Cart Page OMNICHANNEL FOR CLUB21, LARAVEL COMPLETED (Smartosc) 2018 - 2018 DRAGON ACE CASINO, LARAVEL PHASE 1 COMPLETED (Kaopiz) 2018 - 2018 Dragon Ace Casino captures the excitement of playing Baccarat in MACAU or VEGAS and brings it to you for FREE. Enjoy the thrill of the game with the most advanced and authentic SQUEEZE feature on mobile! Responsibilities : Restful API FDJ, YII2 + ANGULARJS COMPLETED (Kaopiz) 2018 - 2018 TRADFIT, NODEJS + VUEJS COMPLETED (Kaopiz) 2018 - 2019 TradFit is developing a concierge application by using AI which can be used with multilingual compatibility specialized in accommodation facilities and multilingual compatible chatbots. : Add new service Update frontend MARKET PLACE, LARAVEL + ANGULAR 6 PROCESSING Responsibilities (Interspace) 2019 - current It is the largest CPA affiliate marketing network in Japan & Southeastern Asia operated by Interspace Co,.Ltd. since 2001 and now operating in Japan, Indonesia, Thailand, Vietnam, Singapore & Malaysia. : Setup core Setup admin portal, publisher portal, advertiser portal (FE & BE) Setup crawler Hubspot EDUCATION UNIVERSITY OF TRANSPORT AND COMMUNICATIONS COMPLETED 2011 - 2015 Software Engineering Thank you for your consideration of my curriculum vitae. If there is anything else you need, please contact directly to me. References and portfolio available upon request. Pham Ngoc Duy",
  "educations": [
    {
      "id": 5674,
      "gpa": null,
      "major": "Software technology",
      "school": "UNIVERSITY OF TRANSPORT AND COMMUNICATIONS",
      "diploma": "Bachelors",
      "end_time": "2015-01-01T00:00:00Z",
      "conf_score": 0.9227281548989434,
      "start_time": "2011-01-01T00:00:00Z",
      "picklist_major": "IT - Hardware/Networking",
      "major categories": "Computer and information technology",
      "major_categories_detail": "Computer"
    }
  ],
  "experiences": [
    {
      "id": 18956,
      "detail": "It is the largest CPA affiliate marketing network in Japan & Southeastern Asia operated by Interspace Co,.Ltd. since 2001 and now operating in Japan, Indonesia, Thailand, Vietnam, Singapore & Malaysia. Responsibilities: Setup core Setup admin portal, publisher portal, advertiser portal (FE & BE) Setup crawler Hubspot",
      "company": "MARKET PLACE, LARAVEL + ANGULAR 6 PROCESSING (Interspace)",
      "end_time": "2023-04-13T00:00:00Z",
      "industry": "Other",
      "position": null,
      "conf_score": 0.8086621310791741,
      "start_time": "2019-01-01T00:00:00Z"
    },
    {
      "id": 18957,
      "detail": "",
      "company": "OMNICHANNEL",
      "end_time": "2018-01-31T00:00:00Z",
      "industry": "Other",
      "position": null,
      "conf_score": 0.8068873668007818,
      "start_time": "2018-01-01T00:00:00Z"
    },
    {
      "id": 18958,
      "detail": "URBANFOX, MAGENTO 2 COMPLETED (Smartosc) 2017 - 2018 UrbanFox is an end-to-end urban logistics expert that provides reliable and economical solutions to help businesses maximize its sales potential. We offer warehousing, multi-channel commerce and delivery solutions. As a subsi",
      "company": "URBANFOX, MAGENT",
      "end_time": "2018-01-31T00:00:00Z",
      "industry": "Other",
      "position": null,
      "conf_score": 0.8086621310791741,
      "start_time": "2017-01-01T00:00:00Z"
    },
    {
      "id": 18959,
      "detail": "Club21global.com offers a curation of more than 150 designer womens, mens, kids and lifestyle brands, across a diverse range of price points for the discerning fashion shopper anytime, anywhere. : Magento EE Set up and customize extensions : One step checkout, Improved layered navigation, Google shopping feed, Magento gift wrap, Facebook connect and like, Magento product labels, Magento mega menu, ... Build Google Analytics and Adobe Analytics Build Memberson Build responsive layout",
      "company": "CLUB21, MAGENTO 1",
      "end_time": "2017-01-31T00:00:00Z",
      "industry": "Other",
      "position": null,
      "conf_score": 0.8086621310791741,
      "start_time": "2016-01-01T00:00:00Z"
    },
    {
      "id": 18960,
      "detail": "Experience the comfort of a Smart Home: Smart Thermostat, Security Camera withFace Recognition, Weather Station.",
      "company": "NETATMO",
      "end_time": "2015-01-31T00:00:00Z",
      "industry": "Other",
      "position": null,
      "conf_score": 0.8086621310791741,
      "start_time": "2015-01-01T00:00:00Z"
    }
  ],
  "address": "359 Bach Mai street, Hai Ba Trung district, Ha Noi city"
}