{
  "skills": [
    "verbal communication skills",
    "Internet",
    "self learning",
    "senior management",
    "io",
    "holistics",
    "microsoft",
    "sql",
    "sql query",
    "management information system",
    "verbal communication",
    "enquiry",
    "database",
    "diplomacy",
    "excel",
    "using computer",
    "information management",
    "analyst",
    "management",
    "communication skills",
    "problem solving"
  ],
  "fulltext": "Vo Thi Thuy Hanh Date of birth: March 27th, 1995Gender: FemalePhone: (+84) 767-154-900Email: anhvo.ussh@gmail.comAddress: Ho Chi Minh City, VietnamWebsite: https://www.linkedin.com/in /jolie-hanhvo/WORK EXPERIENCEJan 2017 - NowOnaclover Technology Joint Stock CompanyInformation System Management Senior & Data Analyst ExecutiveMain responsibilities:- Recruit, training and manage ISM team.- Use holistics.io tool to access and analyze data sets and presentanalytical findings in reports, summaries, dashboards, graphs, chartsand maps by querying SQL statements.- Measure operational efficiency & cost metric.- Use Holistic tool to transform data from CMS to Google Spreadsheetand import data from Google Spreadsheet on Holistic.- Build the system to measure the importance and - Query data and give information for other teams requests.Jun 2017 - Dec 2017Onaclover Technology Joint Stock CompanyInformation System Management JuniorMain responsibilities:- Export, import data and use excel functions on Google Spreadsheet tolink, analyze data and make report.- Operate and manage information system on Content ManagementSystem (CMS), Google Drive.- Make monthly revenue for partners.- Setup internal tool and Technical assistance for company's partners.Feb 2017 - Jun 2017Onaclover Technology Joint Stock CompanyOperation & Service Customer StaffMain responsibilities:- Receive and handle issues related to partners and customers.- Analyze customer's data and make reports for COO & CMO.- Update and maintain database, mailing, inventory, and filing systems, either by using computers.- Route, sort, and open incoming mails and prepare outgoing mails andalso answer correspondence.- Operate and maintain machines in the office, like personal computers,voice mail systems, facsimile machines, scanners, and photocopiers.- Arrange appointments, manage calendars, and complete workschedules.May 2016 - June 2016USSH LibraryAdmin Internship- Responsible for Using the library computer system to control thecirculation of library stock and give information.- Understanding enquiries using IT based research tools and theinternet.- Studying and managing the ways to operate database, website andnetwork system.Achievements and skills achieved: - Experienced in working in a customer service environment. - Good level of IT literacy. - Ability to exhibit tact & diplomacy when dealing with upset oraggressive people. - Ability to work under pressure on a busy frontline service- A pleasant manner when dealing with customers and colleagues.May 2015 - June 2016Duong Minh English CenterTA/ Teaching Assistant- Working one-to-one or with small groups of pupils.- Supporting pupils with learning difficulties or disabilities .- Preparing the classroom for lessons.- Tidying up and keeping the classroom in good order.Achievements and skills gained: - Experienced in working in professional academic environment. - Good level of communication.- Ability to work in speaking-English environment.Oct 2013 - Feb 2017University of Social Sciences and Humanities - VNU HCMMajor: Information ManagementGPA: 3.3/4EDUCATIONSQL QueryKnow how to use SQL statements & clauses.SPSSKnow how to use Statistical Package for the Social SciencesSelf - LearningAble to learn what I want when I want, and how I effectively want.Analytical SkillsAble to analyze a situation and coming forward with a logical solution.Detail OrientedPay attention to any project detail you are responsible for.Team workConfident when working in groups under any circumstances.Problem - SolvingAble to deal with problems calmly and efficiently.Microsoft OfficeGood at Excel, Google Spreadsheet, Word, etc.CommunicationConfident verbal communication skills both Vietnamese and English.Computer SkillsProficient in using Microsoft Office applications and specific softwares. Time ManagementAble to set time-lines to achieve certain goals.SKILLS",
  "educations": [
    {
      "id": 5675,
      "gpa": "3.3",
      "major": "Information manage",
      "school": "University of Social Sciences and Humanities - VNU HCM",
      "diploma": "Bachelors",
      "end_time": "2017-02-01T00:00:00Z",
      "conf_score": 0.7851615749618549,
      "start_time": "2013-10-01T00:00:00Z",
      "picklist_major": "Administrative/Clerical",
      "major categories": "Press and information",
      "major_categories_detail": "Library Information"
    }
  ],
  "experiences": [
    {
      "id": 18961,
      "detail": "Main responsibilities:- Recruit, training and manage ISM team.- Use holistics.io tool to access and analyze data sets and present analytical findings in reports, summaries, dashboards, graphs, charts and maps by querying SQL statements.- Measure operational efficiency & cost metric.- Use Holistic tool to transform data from CMS to Google Spreadsheet and import data from Google Spreadsheet on Holistic. - Build the system to measure the importance and happiness of partners.- Query data and give information for other teams requests.",
      "company": "Onaclover Technology Joint Stock Company",
      "end_time": "2023-04-13T00:00:00Z",
      "industry": "High Technology",
      "position": "Information System Management Senior & Data Analyst Executive",
      "conf_score": 0.9522414576104914,
      "start_time": "2017-01-01T00:00:00Z"
    },
    {
      "id": 18962,
      "detail": "Main responsibilities:- Export, import data and use excel functions on Google Spreadsheet to link, analyze data and make report.- Operate and manage information system on Content Management System (CMS), Google Drive. - Make monthly revenue for partners.- Setup internal tool and Technical assistance for company's partners.",
      "company": "Onaclover Technology Joint Stock Company",
      "end_time": "2017-12-31T00:00:00Z",
      "industry": "High Technology",
      "position": "Information System Management Junior",
      "conf_score": 0.9522414576104914,
      "start_time": "2017-06-01T00:00:00Z"
    },
    {
      "id": 18963,
      "detail": "Main responsibilities:- Receive and handle issues related to partners and customers.- Analyze customer's data and make reports for COO & CMO. - Update and maintain database, mailing, inventory, and filing systems, either by using computers.- Route, sort, and open incoming mails and prepare outgoing mails and also answer correspondence.- Operate and maintain machines in the office, like personal computers, voice mail systems, facsimile machines, scanners, and photocopiers.- Arrange appointments, manage calendars, and complete work schedules.",
      "company": "Onaclover Technology Joint Stock Company",
      "end_time": "2017-06-30T00:00:00Z",
      "industry": "High Technology",
      "position": "Operation & Service Customer Staff",
      "conf_score": 0.9665185576724751,
      "start_time": "2017-02-01T00:00:00Z"
    },
    {
      "id": 18964,
      "detail": "- Responsible for Using the library computer system to control the circulation of library stock and give information.- Understanding enquiries using IT based research tools and the internet.- Studying and managing the ways to operate database, website and network system.Achievements and skills achieved :- Experienced in working in a customer service environment.- Good level of IT literacy.- Ability to exhibit tact & diplomacy when dealing with upset or aggressive people.- Ability to work under pressure on a busy frontline service- A pleasant manner when dealing with customers and colleagues.",
      "company": "USSH Library",
      "end_time": "2016-06-30T00:00:00Z",
      "industry": "Other",
      "position": "Admin Internship",
      "conf_score": 0.9522414576104914,
      "start_time": "2016-05-01T00:00:00Z"
    },
    {
      "id": 18965,
      "detail": "- Working one-to-one or with small groups of pupils.- Supporting students with learning difficulties or disabilities . - Preparing the classroom for lessons.- Tidying up and keeping the classroom in good order.Achievements and skills gained:- Experienced in working in professional academic environment.- Good level of communication.- Ability to work in speaking-English environment.",
      "company": "Duong Minh English Center",
      "end_time": "2016-06-30T00:00:00Z",
      "industry": "Education",
      "position": "TA/ Teaching Assistant",
      "conf_score": 0.959206398355363,
      "start_time": "2015-05-01T00:00:00Z"
    }
  ],
  "address": "Ho Chi Minh City, Vietnam"
}