{
  "skills": [
    "kafka",
    "linux",
    "aws",
    "css3",
    "docker",
    "database schema",
    "task management",
    "java",
    "futures",
    "cassandra",
    "javascript",
    "cloud",
    "mongodb",
    "machine learning",
    "management",
    "search engine",
    "studio",
    "excel",
    "heroku",
    "io",
    "cakephp",
    "ubuntu",
    "git",
    "svn",
    "analysis",
    "redis",
    "product review",
    "spring",
    "react native",
    "ubuntu linux",
    "search",
    "trello",
    "android",
    "cache",
    "nosql",
    "linux system",
    "sql",
    "css",
    "centos",
    "oop",
    "koa",
    "visual studio",
    "microsoft project",
    "hbase",
    "microsoft visual studio",
    "le",
    "software development",
    "mvc",
    "microsoft",
    "reactjs",
    "laravel",
    "socket io",
    "oracle",
    "database",
    "clarify",
    "magento",
    "cell phone",
    "database design",
    "hibernate",
    "sqlite",
    "redmine",
    "oracle nosql",
    "php",
    "dhtml",
    "mysql",
    "html"
  ],
  "fulltext": "APPLICANT'S RESUME Position: Senior/Leader Nodejs PERSONAL INFORMATION Name Truong Vinh Khoa Sex Male Cell phone Date of Birth 17/05/1981 Status Married Address , District 3, HCMC Email PROFESSIONAL SUMMARY - Have passion in the new technology and can quickly learn a new programming language or hungry to learn new technologies. - An open-mind individual and work closely to other team members. - Work well in both member or team leader role. - Have experiences in developing Nodejs, PHP web and good knowledge in OOP and MVC framework. WORK SKILLS - Programming languages: Nodejs, PHP, Java - Good knowledge in Nodejs framework: Express, Adonis, Koa - Knowledge Javascript library: Reactjs, React Native, Socket.io, lodash - Good knowledge in framework PHP: CodeIgnitor, Zend, CakePHP , Laravel, Phalcon - Knowledge CMS PHP: OctoberCMS, Magento - Knowledge Java framework: Spring, Hibernate - Knowledge System: Search Engine (Elastic Search, Solr), System Cache (Redis, Memcache, XCache) - DBMS: MySQL, SQL Server, PosgreSql, SQLite, Oracle - Nosql: Cassandra, MongoDB, Hbase - Other: Kafka, Druid, Rabbit MQ - Cloud and system: AWS(EC2), Heroku - Environment processes and tools: Vagrant, Docker - Tasks management: Redmine, Trello - Experience in analyzing and designing database schema on SQL Server, ER Win, DB design, Database Dezign - Software programming: NetBean, Eclipse, PhpDesigner, Microsoft Visual Studio, Microsoft Visual Code, Dreamweaver, Zend Studio, Apanta Studio, - Knowledge on HTML, DHTML, CSS, CSS3 - Knowledge System Linux (Ubuntu, CentOS). OTHER SKILLS - Strong skills: team work, build and develop skill for member, research for coding - Managing source with GIT, SVN - Working with Microsoft Project, MS Word, MS Excel, MS Power Point, MindManager - Making plan for job LANGUAGE SKILLS Language Listening Speaking Writing Notes English Average Good Can effectively apply in work. WORKING EXPERIENCE Time Duration 06/2016 - now Name of Company: Atalink (Larion), QTSC1, Quang Trung Software Park, HCM city Position: Senior mentor team. Duties: Developing module of microservices and analyze feature of product Review source code Technical Cassandra, Elastic Search, Koa, React Native Time Duration 05/2016 - now Name of Company: Transcosmos Techknowlogist Art, 362 Vo Van Kiet, Co Giang Ward, 1 District , HCM city Position: Senior, Project-lead Duties: Manage and track the progress of projects. Support for technical projects when they needed Take requirement from the vendor and analyze task to do list Estimate time of tasks (Team), Planning and do WBS for each project Communicate with customer clarify requirement clearly Build development environment Review source code Retrospective when the project finished Programming language PHP, Nodejs DBMS PosgreSql, Mysql Project Lixil, JR Shikoku, Yokohama Bank, Coopkyosite, ChatBot (Express, Reactjs), SSP(Supply side platform) (Adonis, Reactjs) Research Machine learning Time Duration 04/2011 - 11/2015 Name of Company: VNG Corp (VinaGame), Flemington Tower, 182 Le Dai Hanh, 15 Ward, 11 District, HCM city Position: Leader of Mp3 Label group Duties: Manage and develop product \"Distribution Zing Mp3\" extension of Zing Mp3 (http ://mp3.zing.vn) include: - Analysis project - Take profit from Zing Me social network. - Take profit from ringtone, funring. - Revenue from upload and download manage songs - Collaborate with partner Vinaphone, Mobifone and Viettel for ringtone, (and future apply use 3G for listen not charge money on Zing Mp3 online from web, wap, iOS & Android app) - Collaborate with partner Sony , VienThong A ... for \"Active customer vip code to Zing Vip MP3\" Programming language PHP, Java DBMS MySQL, NoSQL Time Duration 04/2009 04/2011 Name of Company: Vitalify asia company, 171 Cao Thang, Duy Tan Plaza, 10 District, HCM city. Position: Senior PHP programmer, window system network Duties: - Analysis projects - Develop some product of website, for mobile. - Reference module library - Had joined some product: Sunny (http://cms.sunny-day.jp) for cms and mobile Bannam (http://puricolle.jp) for mobile D4 (Disneyland) for mobile. News ellegirl (http://m.ellegirl.nle.jp) for mobile. Programming language PHP DBMS Mysql Time Duration 07/2006 12/2008 Name of company: VON company join stock, 139 Pasteur street, 3 District, HCM city. Position: R&D Duties: - Build framework for system web site of company: portal timnhanh, HR Vietnam, Kiemviec. - Support other groups when they develop product - Develop common library. - Support develop new products. - Had joined some product: http://kiemviec.com, http://timnhanh.com EDUCATION Time Duration Certificate & Name of Institution 09/200109/2005 Graduate of Ton Duc Thang technology University. 01/200806/2008 Complete of course MCSA 03/2015 Complete course PMI",
  "educations": [
    {
      "id": 5679,
      "gpa": null,
      "major": null,
      "school": "Ton Duc Thang technology University",
      "diploma": "Bachelors",
      "end_time": "2008-06-01T00:00:00Z",
      "conf_score": 0.7653603027059795,
      "start_time": "2005-09-01T00:00:00Z",
      "picklist_major": "Other",
      "major categories": "",
      "major_categories_detail": ""
    }
  ],
  "experiences": [
    {
      "id": 18977,
      "detail": "Duties: Developing module of microservices and analyze feature of productReview source codeTechnical Cassandra, Elastic Search, Koa, React Native",
      "company": "Atalink (Larion",
      "end_time": "2023-04-13T00:00:00Z",
      "industry": "Other",
      "position": "Senior - mentor team.",
      "conf_score": 0.8167765313276547,
      "start_time": "2016-06-01T00:00:00Z"
    },
    {
      "id": 18978,
      "detail": "uties:Manage and track the progress of projects. Support for projects technical when they neededTake requirement from the vendor and analyze task to do listEstimate time of tasks (Team), Planning and do WBS for each projectCommunicate with customer clarify requirement clearlyBuild development environmentReview source codeRetrospective when the project finishedProgramming languagePHP, Nodejs DBMS PosgreSql, Mysql Project Lixil, JR Shikoku, Yokohama Bank, Coopkyosite, ChatBot (Express, Reactjs), SSP(Supply side platform) (Adonis, Reactjs) Research Machine learning",
      "company": "Transcosmos Techknowlogist Art",
      "end_time": "2023-04-13T00:00:00Z",
      "industry": "High Technology",
      "position": "Senior, Project - lead",
      "conf_score": 0.9395350664904002,
      "start_time": "2016-05-01T00:00:00Z"
    },
    {
      "id": 18979,
      "detail": "Duties: Manage and develop product \"Distribution Zing Mp3\" extension of Zing Mp3 (http://mp3.zing.vn) include:- Analysis project- Take profit from Zing Me social network.- Take profit from ringtone, funring.- Revenue from upload and download manage songs- Collaborate with partner Vinaphone, Mobifone and Viettel for ringtone, (and future apply use 3G for listen not charge money on Zing Mp3 online from web, wap, iOS & Android app) - Collaborate with partner Sony, VienThong A ... for \"Active customer vip code to Zing Vip MP3\"",
      "company": "VNG Corp (VinaGame",
      "end_time": "2015-11-30T00:00:00Z",
      "industry": "High Technology",
      "position": "Leader of Mp3 Label group",
      "conf_score": 0.8087261703987104,
      "start_time": "2011-04-01T00:00:00Z"
    },
    {
      "id": 18980,
      "detail": "Duties: - Analysis projects- Develop some product of website, for mobile.- Reference module library- Had joined some product:Sunny (http://cms.sunny-day.jp) for cms and mobileBannam (http://puricolle. jp) for mobileD4 (Disneyland) for mobile.News ellegirl (http://m.ellegirl.nle.jp) for mobile.",
      "company": "Vitalify asia company",
      "end_time": "2011-04-30T00:00:00Z",
      "industry": "Other",
      "position": "Senior PHP programmer, window system network",
      "conf_score": 0.9604287047700977,
      "start_time": "2009-04-01T00:00:00Z"
    },
    {
      "id": 18981,
      "detail": "Duties: - Build framework for system web site of company: portal timnhanh,HR Vietnam, Kiemviec. - Support other groups when they develop product- Develop common library.- Support develop new product.- Had joined some product: http://kiemviec.com, http://timnhanh.com",
      "company": "VON company join stock",
      "end_time": "2008-12-31T00:00:00Z",
      "industry": "Other",
      "position": "R&D",
      "conf_score": 0.9283169706818174,
      "start_time": "2006-07-01T00:00:00Z"
    }
  ],
  "address": "District 3, Ho Chi Minh City"
}