{
  "skills": [
    "scala",
    "investments",
    "java",
    "git",
    "css",
    "agile",
    "named entity recognition",
    "analysis",
    "python",
    "visualization",
    "html",
    "bdd",
    "tensorflow",
    "redis",
    "azure",
    "kubernetes",
    "circleci",
    "point to analysis",
    "django",
    "panda",
    "selenium",
    "elasticsearch",
    "theano",
    "numpy",
    "deep learning",
    "javascript",
    "lstm",
    "nltk",
    "object oriented",
    "ansible",
    "ams",
    "docker",
    "cloud",
    "tdd",
    "rest",
    "hadoop",
    "mongodb",
    "named entity",
    "google cloud",
    "ence",
    "aws",
    "bots"
  ],
  "fulltext": "Vu Quang Vinhvuquangvinh0412@gmail.com(+84) 906391712Gender MaleNationality VietnameseDate of BirthDec 04, 1991Vu Quang VinhSoftware/Data EngineerAbout Me I am known as outspoken, easygoing man. I love natural sci-ence and natural landscape.Objective Become a software tech lead and a senior data engineerExperiences[Sep 2017 - Now] Senior fullstack developer at Eastagile Explore Chicago police complaint dataset and make visualizations Develop a website about complaints and polices in Chicago ( andother cities in US) Technologies I used: Django REST framework Elasticsearch Postgre React Selenium/Nightwatch Enzyme D3 Agile TDD & BDD Git Flow Kubernetes CircleCI Docker Ansible Google Cloud AWS Azure Python JavaScript CSS/SASS HTML[Mar 2017 - Sep 2017] Data Scientist at Dede Working on NLP and Deep learning to develop a Japanese chat bot Technologies I used: TensorFlow Pandas Numpy Deep Leaning LSTM attention Named Entity Recognition AWS Python[Sep 2016 - Mar 2017] Software Engineer at PL lab, POSTECH Develop a Hadoop engine named MR3 What I have learned: Scala Java Bash Shell Hadoop Tez Spark Multi-thread Programming Git Clean Code[Oct 2014 - Sep 2015] Researcher at R&D department - TMA Solutions Research on ML and NLP for various potential problems Develop a demo Hadoop system for social network investment What I have learned: Theano Pandas Numpy MongoDB Redis Git NLTK Deep LearningEducation2014 - 2016, Japan Advanced Institute of Science and Technology(JAIST)M.Eng. in Information ScienceThesis title: Counterexample-guided abstraction renement for points-toanalysis of object-oriented programs2009 - 2014, Ho Chi Minh City University of TechnologyB.Eng. in Computer Science - Honor Program - GPA: 8.06/10.0LanguagesEnglish - Toeic 810",
  "educations": [
    {
      "id": 5696,
      "gpa": "8.06",
      "major": "Computer science",
      "school": "Ho Chi Minh City University of Technology",
      "diploma": "Other",
      "end_time": "2014-01-01T00:00:00Z",
      "conf_score": 0.8505486136941875,
      "start_time": "2009-01-01T00:00:00Z",
      "picklist_major": "IT - Hardware/Networking",
      "major categories": "Computer and information technology",
      "major_categories_detail": "Computer"
    },
    {
      "id": 5695,
      "gpa": null,
      "major": "Safety information",
      "school": "Japan Advanced Institute of Science and Technology(JAIST)",
      "diploma": "Other",
      "end_time": "2016-01-01T00:00:00Z",
      "conf_score": 0.8141298764232529,
      "start_time": "2014-01-01T00:00:00Z",
      "picklist_major": "IT - Hardware/Networking",
      "major categories": "Computer and information technology",
      "major_categories_detail": "Information technology"
    }
  ],
  "experiences": [
    {
      "id": 19039,
      "detail": "Explore Chicago police complaint dataset and make visualizations Develop a website about complaints and polices in Chicago (and other cities in US) Technologies I used: Django REST framework Elasticsearch Postgre React Selenium/Nightwatch Enzyme D3 Agile TDD & BDD Git Flow Kubernetes CircleCI Docker Ansible Google Cloud AWS Azure Python JavaScript CSS/SASS HTML",
      "company": "Eastagile",
      "end_time": "2023-04-13T00:00:00Z",
      "industry": "Other",
      "position": "Senior fullstack developer",
      "conf_score": 0.9125515786070235,
      "start_time": "2017-09-01T00:00:00Z"
    },
    {
      "id": 19040,
      "detail": "Working on NLP and Deep learning to develop a Japanese chat bot Technologies I used: TensorFlow Pandas Numpy Deep Leaning LSTM attention Named Entity Recognition AWS Python",
      "company": "Defide",
      "end_time": "2017-09-30T00:00:00Z",
      "industry": "Other",
      "position": "Data Scientist",
      "conf_score": 0.9125515786070235,
      "start_time": "2017-03-01T00:00:00Z"
    },
    {
      "id": 19041,
      "detail": "Develop a Hadoop engine named MR3 What I have learned: Scala Java Bash Shell Hadoop Tez Spark Multi-thread Programming Git Clean Code",
      "company": "PL lab, POSTECH",
      "end_time": "2017-03-31T00:00:00Z",
      "industry": "Transportation & Logistics",
      "position": "Software Engineer",
      "conf_score": 0.9125515786070235,
      "start_time": "2016-09-01T00:00:00Z"
    },
    {
      "id": 19042,
      "detail": "Research on ML and NLP for various potential problems Develop a demo Hadoop system for social network investment What I have learned: Theano Pandas Numpy MongoDB Redis Git NLTK Deep Learning",
      "company": "R&D department - TMA Solutions",
      "end_time": "2015-09-30T00:00:00Z",
      "industry": "High Technology",
      "position": "Researcher",
      "conf_score": 0.7707675877424722,
      "start_time": "2014-10-01T00:00:00Z"
    }
  ],
  "address": null
}