{
  "skills": [
    "regression",
    "java",
    "automation",
    "wordpress",
    "automation testing",
    "selenium",
    "sales",
    "java language",
    "studio",
    "sanity testing",
    "administration",
    "jquery",
    "hard working",
    "regression testing",
    "analysis",
    "appointment booking",
    "functional testing",
    "system testing",
    "interface testing",
    "sql",
    "css",
    "accounting",
    "maven",
    "testing",
    "quality assurance",
    "clarify",
    "testng",
    "test data",
    "erp system",
    "user interface",
    "sdlc",
    "katalon",
    "html"
  ],
  "fulltext": "AndrewNguyenNGUYEN HUYNH VIET DUNGCONTACTYoB: 1989Email: vietdung.nh@gmail.comAddress: 107/3/10, Street 1, Ward 11, Go Vap District, HCM CityPROFILELooking for a position in QC which has professional and challenging working environment which related to my knowledge as well as achieved skill from the fied.SUMMARY4 years of experience in software quality assuranceO.5 year of experience in Web automationExtensive work experience on software testing techniquesExpertise in Test documentation such as Test Plan, Test Data..+_Well yersed in.Defect Iracking & Bug-Reportingusing Defect Tracking toolHave general knowledge of methodology followed in the SDLC and STLCHaving good knowledge inautomation with Selenium as wellas Katalon tol, building framework with SeleniumHaving basic knowledge in ERP systemManual skillsExtensive work experience on Sanity Testing, Regression Testing,Functional testing, and System Testing, User Interface Testing and Ad-hoc testingHaving basic knowledge with APl testingEExpertise in documentation including preparation of Test Plan, TestSpecification and Test Procedure, Test DataWellversed in Defect Tracking & Bug Reporting using Defect TrackingtoolHave general knowledge of methodology folowed in the SDLC andSTLCAutomation skillsHaving basic knowledge with programming language: JavaBuildingframework with eleniumHaving good knowledge in automated testing tool: Selenium,CucumberHaving good knowledge in automation testing framework: TestNGHaving good knowledge in automation tool with Selenium as we asKatalon StudioHaving experience with using IDEs: Eclipse, Intell IDEAHaving good knowledge in web technologies: HTML, CSS, JquerySKILLSRequirements AnalysisSoftware testingSQL Server basicWeb Automation with Katalon, SeleniumBuilding framework with SeleniumHave good knowledge with build tools: MavenHTML, CSS, WordpressProgramming language: JavaSOFT SKILLSAbility to acquire new knowledgeWillig to study new technologiesHard-workingDynamic, and both team and in -dependencyEXPERIENCEKMS Technology, Inc. - QA EngineerOctober 2017 - PresentProject: ERTParticipating in all reviews of the project at offshoreCreating testig artifacts: test cases, test reports, testscripts, test summary, test outputs..Reviewing documents testing and estimating testing effortManaging and performing develop test scriptsManaging and performing the testing executionCoordinating and communicating with others (including PGH Coordinators and offshore members) in carrying out testing and maintaining testscheduleUsing Katalon Studio tool to implement some parts of the projectSynova Solutions - QA EngineerApril 2017 - October 2017Project: VCCI HCM | EDEELEexecuted Test, developed Test casesPrepared Environment testingGathering requirement with the internal team to clarify the requirementSupported team leader to trained new team memberCommunicated and solved the problem with clientsSolved problem in QA teamCommGate - QC cum support coordinate ProjectJan 2015 - Mar 2017Work with internal teams to obtain an in-depth understanding of the product and the documentation requirementsAnalyze existing and potential content, focusing on reuse and single-sourcing opportunitiesGathering requirements on internal ERP project about Sales, Accounting, Purchasing, Warehouse..Develop and Execute Test Cases for testing Website, Landing page , Appointment BookingSupported team leader to train new team memberWriting technical documentCommunicated between VN team and SG team to clarify and gather requirementManage and make sure project go live on-timeEDUCATIONISTQB Course - 2016TVN - TESTING VN Limited CompanyBachelor in Business Administration - 2015FPT - University of Greenwicho",
  "educations": [
    {
      "id": 5682,
      "gpa": null,
      "major": "Urban and construction management",
      "school": "FPT - University of Greenwich",
      "diploma": "Bachelors",
      "end_time": "2015-01-01T00:00:00Z",
      "conf_score": 0.8464256548178335,
      "start_time": null,
      "picklist_major": "Architecture / Interior Design",
      "major categories": "Architecture and construction",
      "major_categories_detail": "Architecture and planning"
    }
  ],
  "experiences": [
    {
      "id": 18997,
      "detail": "Project: ERT Participating in all reviews of the project at offshoreCreating testig artifacts: test cases, test reports, testscripts, test summary, test outputs..Reviewing documents testing and estimating testing effortManaging and performing test scriptsManaging and performing the testing executionCoordinating and communicating with others (including PGH Coordinators and offshore members) in carrying out testing and maintaining test scheduleUsing Katalon Studio tool to implement some parts of the project",
      "company": "KMS Technology, Inc.",
      "end_time": "2023-04-13T00:00:00Z",
      "industry": "High Technology",
      "position": "QA Engineer",
      "conf_score": 0.9192536033612259,
      "start_time": "2017-10-01T00:00:00Z"
    },
    {
      "id": 18998,
      "detail": "Project: VCCI HCM | EDEEL Executed Test, developed Test casesPrepared Environment testingGathering requirement with the internal team to clarify the requirementSupported team leader to trained new team memberCommunicated and solved the problem with clientsSolved problem in QA team",
      "company": "Synova Solutions",
      "end_time": "2017-10-31T00:00:00Z",
      "industry": "High Technology",
      "position": "QA Engineer",
      "conf_score": 0.9210088910403198,
      "start_time": "2017-04-01T00:00:00Z"
    },
    {
      "id": 18999,
      "detail": "Work with internal teams to obtain an in-depth understanding of the product opportunities and the documentation requirementsAnalyze existing and potential content, focusing on reuse and single-sourcingGathering requirement on internal ERP project about Sales, Accounting, Purchasing, Warehouse.. Develop and Execute Test Cases for testing Website, Landing page, Appointment Booking Supported team leader to train new team memberWriting technical documentCommunicated between VN team and SG team to clarify and gather requirementManage and make sure project go live on-time",
      "company": "CommGate",
      "end_time": "2017-03-31T00:00:00Z",
      "industry": "Other",
      "position": "QC cum support coordinate Project",
      "conf_score": 0.9192536033612259,
      "start_time": "2015-01-01T00:00:00Z"
    }
  ],
  "address": "107/3/10, Street 1, Ward 11, Go Vap District, Hcm City"
}