{
  "skills": [
    "rss",
    "lantern",
    "teamwork",
    "din",
    "hp",
    "cotton"
  ],
  "fulltext": "QUOC HUNG DANGabout meHello, my name is Hung Dang, I'm a young designer withcreative and passion on my blood who always try to catch upnew things beside make client happy with my artwork. I havea few years experience in this industry but I always feel everythingis so fresh and I have to learn more and more to be fullfl my skillsand pleasure my ambitions.contact6 Duong Van Nga Street,Ward 3, Tan Binh District033 948 1226dangquhung1902@gmail.comeducation2012 -2016| graphic design at HCM University of Architecturemy skillsPhotoshopIllustratorAfter EffectsSketchingTeamworkPersional WorkAAIMexperienceGraphic Design2016/At ARTBUSMaking artwork on printing T-shirt.2016 At EDELMANPackaging Design, Online Digital Ads Designs.Brain storming, Sketching Characters, Storyboard.2017 - NowAt AMA (American English Center )Brain storming , SketchingMaking POSM, Book Layout, Online Digital Ads Design.Photographymy hobbiesSingingDancingPOSM DESIGN ENGLISH AMAWONDERSylvanAMAKIDS20187-1tutBeyond EnglishPAS10/2018 - 01/2019glanAMAWONDERRIDS2018ndEngh10/2018 - 01/2019KETWONDERTOASANG52018TOENGAGEN TAITHUONG01602019 CHUNG ENGLISH ASSISTANCE HUNG TELEPHONETotal Price Prize value500trieuTotal prize pool100Learning ballRoboticsldnhe totnnammy100MR100LEGOFIRSTandSTEMEnglishLEAGUEL@www.ama.com.vnA/SsPOSMfaientU259.3cmDESIGN4SeSPSIB 178.51ASilanAeAnglicanLEPAAD6-11SYLANDYNYUN Ọ FEES FOR LEARNING THROUGH THOUSANDS OF GOOD THOUSANDS OF ORIGINAL AGES 10/6-19/16-11 years oldCANH NGUAMAHAICHUONGMAINGOAL20H0209m25 EXTERNAL COURSE HBBOARDS FOR CHILDREN10/6-19/716/7ENGLISHTANGCOMBOVOUCHERBackSchool500Kgegdown30%FACEBOOKPOSTHP.EliteOne 800 AIOSetting high-level experiencesASylivanINTERNATIONALWW/SBacktoLIBERATION ENGLISH DAY AMAICHOOLAMALABOUR DAYME2019 ICMI8.CuaconbFACEBOOK- POSTUi.KEEPHALLOWTNPARIYLANTERN9loc-Cotton t0050%BRICHThnieEverPOSTERCAMPAIGNDESIGNSylanTHONG THIENHINANYEARR0difficults20CLOSE GLASSAYWEBSITEDESIGN100501A12AERAMSylenAtThuaAmap September 13, Gielarvi",
  "educations": [
    {
      "id": 5686,
      "gpa": null,
      "major": "Graphic design",
      "school": "HCM University of Architecture",
      "diploma": "Bachelors",
      "end_time": "2016-01-01T00:00:00Z",
      "conf_score": 0.902768374209996,
      "start_time": "2012-01-01T00:00:00Z",
      "picklist_major": "Art/Design",
      "major categories": "Art",
      "major_categories_detail": "Applied Arts"
    }
  ],
  "experiences": [
    {
      "id": 19011,
      "detail": "Brainstorming, Sketching Making POEM, Book Layout, Online Digital Ads Design. Photography",
      "company": "AMA (American English Center)",
      "end_time": "2023-04-13T00:00:00Z",
      "industry": "Education",
      "position": null,
      "conf_score": 0.762719725555039,
      "start_time": "2017-01-01T00:00:00Z"
    },
    {
      "id": 19012,
      "detail": "Making artwork on printing T-shirt.",
      "company": "ARTBUS",
      "end_time": "2016-12-31T00:00:00Z",
      "industry": "Other",
      "position": "Graphic Design",
      "conf_score": 0.740186394012631,
      "start_time": "2016-01-01T00:00:00Z"
    }
  ],
  "address": "6 Duong Van Nga Street, Ward 3, Tan Binh District"
}