{
  "skills": [
    "ruby",
    "agile",
    "github",
    "testing",
    "Internet",
    "python",
    "reactjs",
    "linux",
    "roof",
    "mysql",
    "bitbucket",
    "io",
    "class",
    "sql",
    "sales",
    "c#",
    "magento",
    "stack",
    "electrical engineering",
    "xml",
    "ams",
    "enterprise",
    "php",
    "software development",
    "android",
    "rail",
    "maintenance",
    "unit testing",
    "asp"
  ],
  "fulltext": "CURICULLUM VITAE Full name: Nguyen Ngoc Tuyen Date of Birth: 24th February 1989 Address: 2416 CT12B, Kim Van Kim Lu, Dai Kim Ward, Hoang Mai District, Hanoi Mobile: +84 973874452 E-mail: thinghost76@gmail.com Info: http://thinghost.info/ Profile Summary: I am a passionate and proficient in PHP programming especially in Magento Framework. Im also a Magento Dveloper, a Team Project Leader mentor team of skilled Magento developers with best development practices, develop excellent eCommerce projects. Also a Freelance Magento Ecommerce Development built magento extensions (free for all) to help increasing overall experiences of Ecommerce as well. Skills Summary: PHP MySQL Linux XML, API and Web Services Other programming languages: a bit Python, C#, Ruby & Rails Qualifications: HDSE of Hanoi Aptech Education Bachelor of Information Technology of Hanoi University Education: 2011 - 2015 Hanoi University Degree: Bachelor of Information Technology 2011 - 2014 Hanoi Aptech Education Training Higher Diploma in Software Engineering 2008 - 2011 Hanoi University of Science and Technology(Unfinished) School of Electrical Engineering - Electrical System 2004 - 2007 Phu Xuyen A High School A11 Specialized Mathematic Class Employment History: Shopstack Asia Project LeaderApril 2018 - Present MentorteamofskilledMagentodeveloperswithbestdevelopmentpractices,developexcellent eCommerce projects and value myself. PHP Magento DeveloperJan 2018 - Present DevelopandmaintainMagentoeCommercewebsites,we'recreatingeCommercesitesandMagentoextensionsbycoveringanycustomerandclientsrequestsfrompresaleadvice to complex technical requirements. Scrum Methodology and Agile Software Development Following. Balance Internet Pty, Ltd PHP Magento DeveloperApril 2017- Jan 2018 Enterprise Ecommerce Development FullymasterAtlassian'scollaborationsoftware-includingJIRA,HipChat,Bitbucket,andConfluence. PHP Frameworks, Magento 2 Training and Researching Seamug LLP PHP Magento DeveloperJuly 2016- April 2017 Magento Ecommerce Development English Business and Technology Conversations. QSoft Vietnam Corp PHP Magento DeveloperApril2015July2016 Extensions, Theme and Project Base Development English Business and Technology Conversations. Scrum Methodology and Agile Software Development Following. PHP Frameworks, Magento 2 Training and Researching HiNet Vietnam JSC C# Developer TraineeJan 2015 - April 2015 Ongoing ASP.NET website development utilising C#. Developed C# application using SQL Server 2008. SQL Server Reporting. MakeresearchaboutunderstandingofC#and.NETframeworkandapplythisaccordingly. Viettorrent(NetHD.org) Junior PHP DeveloperJune 2010 - June 2013 Development of new features and testing of functionality the main tracker and forum. Web application maintenance. Ensured development was signed off prior to unit testing. Projects (Some of the best): TopsThailand Use reactjs as a frontend application and connect it with node powered backend. API calls to magento were performed by the node on the server side. This meant no calls to magento were sent from the browser, API for mobile(Android and iOS application) From the API point of view it is good but there are some problems that we've met during the development. Magento2 endpoints are sometimes very limited. By default endpoint handler does not allow to inject additional data to the response as they are not provide extension_attributes to each one. https://www.tops.co.th LANCOME Malaysia Official Magento 2 with an intergration with a CPRV system which controls all the redemption products, redemption orders, customer identify numbers and information. The checkout was deep down customized like Magento 1 old fashion way. https://www.lancome.com.my shu uemura singapore Magento 2 with no checkout and order functionning but integrated with a system to control the redemption products, redemption orders, coupon codes and customer information on multiple sites of an eco system. https://www.shuuemura.com.sg Philips Thailand Also a Magento 2 integrated, sharing resources with several system to control the stocks, inventory products, redemption, coupon codes and customer information, sales orders between platforms. https://www.philips.co.th City Winery(Freelance) A multiple Magento 2 sites(with 10 stores), founded by Michael Dorf, City Winery is a unique, combining a fully functioning winery with intimate concerts, food & wine classes, private events in a variety of configurations, and fine dining. A challenging turns a big problem, how to choose good way to approach with a numerous tickets and events data every day. https://citywinery.com And so many other projects which I cannot list them here even theyre companies or freelance project both Magento 2 and Magento 1. I also contribute and developed several individual projects on other program languages ​​Python such as Mage2gen, some personal Magento extension public for free on my GitHub. Sometimes you could easily find me on Magento Stack Exchange Network or Magento 2 main GitHub repository.",
  "educations": [
    {
      "id": 5692,
      "gpa": null,
      "major": "Software technology",
      "school": "Hanoi Aptech Education Training",
      "diploma": "Other",
      "end_time": "2014-01-01T00:00:00Z",
      "conf_score": 0.9201489608858643,
      "start_time": "2011-01-01T00:00:00Z",
      "picklist_major": "IT - Hardware/Networking",
      "major categories": "Computer and information technology",
      "major_categories_detail": "Computer"
    },
    {
      "id": 5691,
      "gpa": null,
      "major": "Information technology",
      "school": "Hanoi University",
      "diploma": "Bachelors",
      "end_time": null,
      "conf_score": 0.7830457219728418,
      "start_time": null,
      "picklist_major": "IT - Hardware/Networking",
      "major categories": "Computer and information technology",
      "major_categories_detail": "Information technology"
    },
    {
      "id": 5693,
      "gpa": null,
      "major": "Mechatronic engineering technology",
      "school": "Hanoi University of Science and Technology",
      "diploma": "Bachelors",
      "end_time": "2011-01-01T00:00:00Z",
      "conf_score": 0.9183786131457875,
      "start_time": "2008-01-01T00:00:00Z",
      "picklist_major": "Technical",
      "major categories": "Technology",
      "major_categories_detail": "Mechanical engineering technology"
    },
    {
      "id": 5694,
      "gpa": null,
      "major": "Mathematica",
      "school": "Phu Xuyen A High School",
      "diploma": "Other",
      "end_time": "2007-01-01T00:00:00Z",
      "conf_score": 0.8179384944541656,
      "start_time": "2004-01-01T00:00:00Z",
      "picklist_major": "Other",
      "major categories": "",
      "major_categories_detail": ""
    }
  ],
  "experiences": [
    {
      "id": 19032,
      "detail": "MentorteamofskilledMagentodeveloperswithbestdevelopmentpractices,develop excellent eCommerce projects and value myself.",
      "company": "Shopstack Asia",
      "end_time": "2023-04-13T00:00:00Z",
      "industry": "Other",
      "position": "Project Leader",
      "conf_score": 0.9181269048441778,
      "start_time": "2018-04-01T00:00:00Z"
    },
    {
      "id": 19033,
      "detail": "DevelopandmaintainMagentoeCommercewebsites,we'recreatingeCommercesites andMagentoextensionsbycoveringanycustomerandclientsrequestsfrompresale advice to complex technical requirements. Scrum Methodology and Agile Software Development Following.",
      "company": "Shopstack Asia",
      "end_time": "2023-04-13T00:00:00Z",
      "industry": "Other",
      "position": "PHP - Magento Developer",
      "conf_score": 0.6981244904084882,
      "start_time": "2018-01-01T00:00:00Z"
    },
    {
      "id": 19034,
      "detail": "Enterprise Ecommerce Development FullymasterAtlassian'scollaborationsoftware-includingJIRA,HipChat,Bitbucket,and Confluence. PHP Frameworks, Magento 2 Training and Research",
      "company": "Balance Internet Pty, Ltd",
      "end_time": "2018-01-31T00:00:00Z",
      "industry": "Other",
      "position": "PHP - Magento Developer",
      "conf_score": 0.9181269048441778,
      "start_time": "2017-04-01T00:00:00Z"
    },
    {
      "id": 19035,
      "detail": "Magento Ecommerce Development English Business and Technology Conversations.",
      "company": "Seamug LLP",
      "end_time": "2017-04-30T00:00:00Z",
      "industry": "Other",
      "position": "PHP - Magento Developer",
      "conf_score": 0.9181269048441778,
      "start_time": "2016-07-01T00:00:00Z"
    },
    {
      "id": 19036,
      "detail": "Extensions, Theme and Project Base Development English Business and Technology Conversations. Scrum Methodology and Agile Software Development Following. PHP Frameworks, Magento 2 Training and Research",
      "company": "QSoft Vietnam Corp",
      "end_time": "2016-07-31T00:00:00Z",
      "industry": "Other",
      "position": "PHP - Magento Developer",
      "conf_score": 0.9164848862000111,
      "start_time": "2015-04-01T00:00:00Z"
    },
    {
      "id": 19037,
      "detail": "Ongoing ASP.NET website development utilising C#. Developed C# application using SQL Server 2008. SQL Server Reporting. MakeresearchaboutunderstandingofC#and.NETframeworkandapplythis accordingly.",
      "company": "HiNet Vietnam JSC",
      "end_time": "2015-04-30T00:00:00Z",
      "industry": "Other",
      "position": "C# Developer Trainee",
      "conf_score": 0.8167547004921527,
      "start_time": "2015-01-01T00:00:00Z"
    },
    {
      "id": 19038,
      "detail": "Development of new features and testing of functionality the main tracker and forum. Web application maintenance. Ensured development was signed off prior to unit testing.Projects (Some of the best):TopsThailand Use reactjs as a frontend application and connect it with node powered backend. API calls to magento were performed by the node on the server side. This meant no calls to magento were sent from the browser, API for mobile(Android and iOS application)From the API point of view it is good but there are some problems that we've met during the development.Magento2 endpoints sometimes are very limited . By default endpoint handler does not allow to inject additional data to the response as they are not provide extension_attributes to each one. https://www.tops.co.th",
      "company": "Viettorrent(NetHD.org)",
      "end_time": "2013-06-30T00:00:00Z",
      "industry": "Other",
      "position": "Junior PHP Developer",
      "conf_score": 0.9164848862000111,
      "start_time": "2010-06-01T00:00:00Z"
    }
  ],
  "address": "2416 CT12b, Kim Van Kim Lu, Dai Kim Ward, Hoang Mai District, Hanoi"
}