{
  "skills": [
    "aws",
    "flutter",
    "docker",
    "java",
    "mongo",
    "javascript",
    "cloud",
    "metasploit",
    "c#",
    "bootstrap",
    "redux",
    "io",
    "xamarin",
    "git",
    "elasticsearch",
    "kotlin",
    "firebase",
    "redis",
    "typescript",
    "sell",
    "react native",
    "computer science education",
    "android",
    "search",
    "ecs",
    "desktop",
    "nosql",
    "serverless",
    "sql",
    "restful",
    "signalr",
    "css",
    "css framework",
    "software development",
    "mvc",
    "laravel",
    "aws lambda",
    "socket io",
    "dynamodb",
    "dart",
    "guidance system",
    "sqlite",
    "cloud messaging",
    "php",
    "aws ec",
    "mysql",
    "html"
  ],
  "fulltext": "DINH TRUONG THAO NGUYENSoftware Developer25/8 Thanh My, Ward 8, Tan Binh District, Ho Chi Minh - Sex : Malespikewuller@gmail.com 0907007620 12/12/1992ProfileWork with 5+ years experience in Computer ScienceLearn others from, improve and improve my skillsEducationComputer Science | HCMC University of Technology09/2010 - 04/2015ExperienceFresher Developer | Techlove08/2015 - 12/2017Mobile Developer | Beeknights01/2018 - 12/2018Software Developer | Devblock01/2019 - PresentLanguagesVietnamese - NativeEnglish - IntermediateInterestsMusic, SoccerSkillKotlinSocket io/ SignalrJavaKEEERestful APIFirebaseTEEEYredisxamarin android YnosqlReact nativereduxNode.jsKXEILphp laravelGitEC/C+C#KXXXKawshtmlFXXEkk KXIEYrealm/sqlite/roomElastic SearchKKkLLreactisDockerKKLUAdarttypescriptkkkkLFlutterkkkuLxkkktkkkLKKIULKIIULKKLAEKKLUAKXLUAKKIAAKKkWAKXIUKKKUUAkkikKKKKKKLKKUAKKIULProjectProjectPlatform/TechnicalDescription the Windows API Javascript/Multiple choice Test OnlinePHP/MySQLTopTraderAndroid NativeTrading ContestWalletAndroid NativeDownload Offer app and earn moneyNightingalesXamarin AndroidThe app like Uber with same feature(For doctor and patient)Alarm AppAndroid NativeSet your morning alarm and wake up every daywith Manny Pacquiao calling you in themorning! Fight with Manny Pacquiao to turnthe alarm off!https://play.google.com/store/apps/details?id=sg.megapixel.manny.alarmVietnamworksAndroid NativeJob Searchhttps://lay.google.com/store/apps/details ?idStrawberryAndroid NativeJob Search In SingaporeDriver Guidance SystemAndroid NativeAssist taxi drivers to locate the current demandof passengers near themhttps://play.google.com/store/apps/detail?id=sg.edu.smu.dgsSony Demo AppAndroid NativeBuild utility with sensor for Sony deviceFake Device InfoXposed Framework/C/C+Hook everything in Android OS to fake deviceinformation.E-commerce WebsiteHTML/CS/Javascript/Botstrap/FiView and order shop's products easily within 3steps without account.rebase/Algolia/Support Desktop/Mobile/ TabletNodejs/Redis/AWSWebsite: htps://doraeshop.vn/DynamoDB/One Signal/TawkTo/Minify/LazyLoading/GoogleAnalyticsLuxstayReact NativeSearch hotels & book easilyedyzoNodeJS/Typescript/Docker/MongoAn e-commerce system that help admin,DB/Redis/ElasticSearch /AWScompany and user connecting easilyEC2/AWS S3/Firebase CloudMessagingERP appAndroid NativeFull ERP SolutionStark CIReact NativeManage the worker and report dailyOriginsNodeJS/Typescript/Docker/MySQLBuy/Sell medicine/AWS ECS/AWS Lambda Function(Serverless)",
  "educations": [
    {
      "id": 5690,
      "gpa": null,
      "major": "Computer science",
      "school": "HCMC University of Technology",
      "diploma": "Bachelors",
      "end_time": "2015-04-01T00:00:00Z",
      "conf_score": 0.9333149135004584,
      "start_time": "2010-09-01T00:00:00Z",
      "picklist_major": "IT - Hardware/Networking",
      "major categories": "Computer and information technology",
      "major_categories_detail": "Computer"
    }
  ],
  "experiences": [
    {
      "id": 19029,
      "detail": "",
      "company": "Beeknights",
      "end_time": "2023-04-13T00:00:00Z",
      "industry": "Other",
      "position": "Software Developer | Devblock",
      "conf_score": 0.6996816990411938,
      "start_time": "2019-01-01T00:00:00Z"
    },
    {
      "id": 19030,
      "detail": "",
      "company": "Beeknights",
      "end_time": "2018-12-31T00:00:00Z",
      "industry": "Other",
      "position": "Mobile Developer",
      "conf_score": 0.9050765977702602,
      "start_time": "2018-01-01T00:00:00Z"
    },
    {
      "id": 19031,
      "detail": "",
      "company": "Techlove",
      "end_time": "2017-12-31T00:00:00Z",
      "industry": "High Technology",
      "position": "Fresher Developer",
      "conf_score": 0.9050765977702602,
      "start_time": "2015-08-01T00:00:00Z"
    }
  ],
  "address": "25/8 Thanh My, Ward 8, Tan Binh District, Ho Chi Minh"
}