{
  "skills": [
    "competitor analysis",
    "sage",
    "market analysis",
    "analysis",
    "marketing",
    "index",
    "market research",
    "sales",
    "sell"
  ],
  "fulltext": "WORKING EXPERIENCE OF VINGROUPJuly 2017 Currently Head of Marketing Department in charge of Marketing some of Vingroup's retail systems: VinPro Electronics Vien Thong A, VinDS Fashion, Index Living Mall Furniture, VinMart, VinMart+ Planning, coordinating the implementation and measuring the results of Marketing/Branding/Communication/Trade Marketing activities by year/quarter/month Develop plans and implement push sale promotions, cooperate with VinID to implement programs close customer service program in Vingroup ecosystem Organize community events aimed at Vinhomes resident customers Achievements Participate in the M&A project of Vien Thong A store chain, increase the number of points of sale by 5 times Join the event Development strategy consulting project for VinPro with Mc Kinsey Successfully implementing brand communication campaigns, changing brand identity, covering selling points, big promotion programs during the year with retail systems CANIFA FASHIONDecember /2015 7/2017 Trade Marketing Specialist Market research, analysis of competitors in the same industry. Develop a Trade marketing plan Implement and measure the results of Trade Marketing activities (Promotion, Experience at the point of sale, Event Actaivation, Design and production of POSM and point of sale communication publications, Visual Merchandising, Product launch New, New opening, Dealer support)Achievements Revenue growth of provincial channels in 2016 reached 150% compared to 2015 Growth in number of points of sale from 20 to 47 stores Implemented Big promotions (Black Friday , Dress well for Tet) revenue increased 6 times compared to before. Successfully implemented Campaign Color Your Summer, Fashion Street In The City - 2016, 2017APEC GROUP KASA GRAND FURNITURE SUPERMARKET May 2015 11/2015 Marketing team leader HELEN KELLER INTERNATIONAL VIETNAM (Non-Governmental Organization)April 2013 April 2015Communication Officer OTHER ACTIVITIES PERSONAL INFORMATION April 12, 1991 ADVANTAGES Having formal marketing knowledge Strategic marketing thinking Working mindset towards the end result. TRAINING DEVELOPMENT Master of Business Administration National Economics University2016 2018Bachelor of Economics National Economics University2009 20138.3/10 (Graduate with Distinction)Other Courses Strategic Communication Planning | SAGE Digitalized Marketing | SAGE Marketing Thinking | Markus IMC | Markus SKILLS Team management skills Ability to work under high pressure English Office informatics Final list of 5 excellent candidates/2000 candidates in Unilever Vietnam's Ufresh 2015 recruitment (Marketing Department) First prize in Talent Search Contest Young scientific talent in Vietnam 2012",
  "educations": [
    {
      "id": 5700,
      "gpa": null,
      "major": "Business administration",
      "school": "National University of Economics",
      "diploma": "Masters",
      "end_time": "2018-01-01T00:00:00Z",
      "conf_score": 0.8934356695649784,
      "start_time": "2016-01-01T00:00:00Z",
      "picklist_major": "Economical",
      "major categories": "Business and management",
      "major_categories_detail": "Business"
    },
    {
      "id": 5701,
      "gpa": "8.3",
      "major": null,
      "school": "National University of Economics",
      "diploma": "Bachelors",
      "end_time": "2013-01-01T00:00:00Z",
      "conf_score": 0.8745980622209724,
      "start_time": "2009-01-01T00:00:00Z",
      "picklist_major": "Other",
      "major categories": "",
      "major_categories_detail": ""
    }
  ],
  "experiences": [
    {
      "id": 19058,
      "detail": "In charge of Marketing 1 of Vingroup's retail systems: VinPro Electronics - Vien Thong A, VinDS Fashion, Index Living Mall Furniture, VinMart, VinMart+ Develop plans, coordinate implementation and measure performance - ing/Branding/Communication/Trade Marketing by Year/Quarterly/Monthly Develop plans and implement push sale promotions, cooperate with VinID to implement loyalty programs in the Vingroup ecosystem Organize events Community event aimed at Vinhomes resident customer groups Achievements Participated in the M&A project of Vien Thong A store chain, increasing the number of points of sale by 5 times Joining the project of consulting development strategies for VinPro with Mc Kinsey Successfully implemented brand communication campaigns, changed brand identity, covered selling points, big promotion programs during the year with retail systems",
      "company": "VINGROUP COMPANY",
      "end_time": "2023-04-13T00:00:00Z",
      "industry": "Real Estate",
      "position": "Head of Marketing",
      "conf_score": 0.8855279524477552,
      "start_time": "2017-07-01T00:00:00Z"
    },
    {
      "id": 19059,
      "detail": "Market research, competitor analysis in the same industry. Develop a Trade marketing plan Implement and measure the results of Trade Marketing activities (Promotion, Experience at the point of sale, Event Actaivation, Design and production of POSM and point of sale communication publications, Visual Merchandising, New product launch , New opening, Dealer support)Achievements Revenue growth of provincial channels in 2016 reached 150% compared to 2015 Growth in number of points of sale from 20 to 47 stores Implemented Big promotions (Black Friday, Dress well for Tet) revenue increased 6 times compared to before. Successfully implemented Campaign Color Your Summer, Fashion Street In The City - 2016, 2017",
      "company": "CANIFA FASHION",
      "end_time": "2017-07-31T00:00:00Z",
      "industry": "Other",
      "position": "Trade Marketing Specialist",
      "conf_score": 0.8855279524477552,
      "start_time": "2015-12-01T00:00:00Z"
    },
    {
      "id": 19060,
      "detail": "",
      "company": "APEC GROUP - KASA GRAND FURNITURE SUPERMARKET",
      "end_time": "2015-11-30T00:00:00Z",
      "industry": "Other",
      "position": "Marketing Team Leader",
      "conf_score": 0.9004514612842877,
      "start_time": "2015-05-01T00:00:00Z"
    },
    {
      "id": 19061,
      "detail": "",
      "company": "HELEN KELLER INTERNATIONAL VIETNAM (Non-Governmental Organization)",
      "end_time": "2015-04-30T00:00:00Z",
      "industry": "Other",
      "position": "Communication officer",
      "conf_score": 0.7625990117186952,
      "start_time": "2013-04-01T00:00:00Z"
    }
  ],
  "address": null
}