{
  "skills": [
    "budgeting",
    "managing information",
    "human resources",
    "insurance",
    "analysis",
    "finance",
    "accounting",
    "management",
    "le",
    "implementation"
  ],
  "address": "Me Tri Ha Street, South Tuliem District, Ha Noicity",
  "fulltext": "C&B SPECIALISTEXPERIENCEParticipate in proposals, construction processes, regulations, remuneration;Implement tracking, calculation, and implementation procedures for paying salaries, bonuses, and remuneration for all employees; Management and implementation of social insurance and other benefits for employees;Transactions on PIT: Register PIT code, tax settlement year, ;Laborrelations: laborcontract, leave, change the status HR, change of salary and bonus regime, rank, appointment, dismissal, transfer, reward, discipline,...;Participate in planning and managing information on staffing and budgeting;Human resources reports: analysis of the Company's personnel costs, employee income, cost components, income components, etc., thus making assessments and recommendations suitable to the business situation.LE, CAO THIAugust 1, 1992 0974 049 792Lect.ns2015@gmail.com .comMe Tri Ha Street, Nam TuLiemDistrict, Ha NoiCity.HOBBYReading book TravelingWORKING TIMECompany Title TimelineTay Bac GroupC&B Specialist03/2022currentlyTan Hoang Minh GroupHR Specialist08/202002/2022GofastJsc-Sea Group(Now.vn)C&B Specialist09/2017 03/2020Volex Vietnam Co. LtdHuman Resource cum Admin Assistant09/2016 09/2017Panasonic Vietnam Co., Ltd Temporary C&B Clerk03/2016 09/2016Production Supporter04/2014 02/2016Sam Sung Electronic Vietnam Thai Nguyen Co., Ltd EDUCATIONAcademy Of Finance -AccountingOTHER COURSESC&B course by Nguyen ThiThanh XuanThe training courses on Labor and social insurance lawSKILLSComputer skillsIdentify and solve problemsPlanning and managing workAnalytical & reporting skills",
  "educations": [],
  "experiences": [
    {
      "id": 19065,
      "detail": "",
      "company": "Tay Bac Group",
      "end_time": "2023-04-13T00:00:00Z",
      "industry": "Other",
      "position": "C&B Specialist",
      "conf_score": 0.9125515786070235,
      "start_time": "2022-03-01T00:00:00Z"
    },
    {
      "id": 19066,
      "detail": "",
      "company": "Tan Hoang Minh Group",
      "end_time": "2022-02-28T00:00:00Z",
      "industry": "Other",
      "position": "HR Specialist",
      "conf_score": 0.9050765977702602,
      "start_time": "2020-08-01T00:00:00Z"
    },
    {
      "id": 19067,
      "detail": "",
      "company": "GofastJsc - Sea Group(Now.vn)",
      "end_time": "2020-03-31T00:00:00Z",
      "industry": "Other",
      "position": "C&B Specialist",
      "conf_score": 0.7761728190039863,
      "start_time": "2017-09-01T00:00:00Z"
    },
    {
      "id": 19068,
      "detail": "",
      "company": "Volex Vietnam Co. Ltd",
      "end_time": "2017-09-30T00:00:00Z",
      "industry": "Other",
      "position": "Human Resource cum Admin Assistant",
      "conf_score": 0.9085716158340945,
      "start_time": "2016-09-01T00:00:00Z"
    },
    {
      "id": 19069,
      "detail": "",
      "company": "Panasonic Vietnam Co., Ltd",
      "end_time": "2016-09-30T00:00:00Z",
      "industry": "Manufacturing",
      "position": "C&B Clerk",
      "conf_score": 0.8336597938982235,
      "start_time": "2016-03-01T00:00:00Z"
    },
    {
      "id": 19070,
      "detail": "",
      "company": "Samsung Electronics Vietnam Thai Nguyen Co., Ltd",
      "end_time": "2016-02-29T00:00:00Z",
      "industry": "Other",
      "position": "Production Supporter",
      "conf_score": 0.948012992388952,
      "start_time": "2014-04-01T00:00:00Z"
    }
  ]
}