{
  "skills": [
    "copper",
    "human resources",
    "analysis",
    "scheduling",
    "data analysis",
    "can",
    "reporting and analysis",
    "personal income tax",
    "management",
    "benefits",
    "welfare policies",
    "insurance",
    "general management"
  ],
  "address": "21b7 Greenstar, 234 Pham Van Dong, Co Nhue 1, Bac Tu Liem, Hanoi, Bac Tu Liem, Hanoi",
  "fulltext": "Tam Ngo PhucC&B Specialist | Male | 11/10/1994Working Experience6 YearsRecent CompanyC&B Specialist at VIETNAM INVESTMENT & DEVELOPMENT SECURITIES COMPANY (BSC)Highest DegreeBachelor's DegreeEnglish Language - Advanced | Japanese - IntermediateEmail ngophuctam.neu@gmail.comPhone+84-383610263Address21B7 GreenStar, 234 Pham Van Dong, Co Nhue 1, Bac Tu Liem, Hanoi, Bac Tu Liem, Hanoi GENERAL INFORMATION Career goals: - Applying skills, knowledge, & experience in human resource management to apply to the job position, bringing benefits to the business promote in career. Personal qualities: - Ability to adapt quickly, withstand high pressure at work. - Responsible and progressive work - Know how to organize work, plan and work scientifically Skills: - Proficient in office technology - Good communication skills - Can use 2 foreign languages: English and Japanese can communicate normally - Good support skills, good teamwork, can work well under group or independent- Knowledge of labor lawSkillsC&BTime ManagementMS OfficeData Analysis WORK EXPERIENCE05/2020 - PresentExpert C&B SECURITIES CORPORATION VIETNAM INVESTMENT & DEVELOPMENT (BSC)- Calculation and payment procedures, Monthly bonus and holiday gifts - Participate in the development of salary plans, welfare regimes, policies on salary, bonuses and gifts of the Company - Synthesize, analyze and report salary data , income of employees of the Corporation - Carrying out the work on insurance, personal income tax for employees - Assessing personal KPIs and evaluating emulation and commendation - Evaluate, review and adjust salary employees09/2016 - 04/2020 C&B SPECIALIST OF VIETTEL POST JOINT STOCK COMPANY (VIETTELPOST) General manager of staff in the C&B Group Directly performing the work of the group including:- Calculating and carrying out salary payment procedures , monthly bonus and holiday gifts.- Participate in the development of policies, welfare regimes, policies on salary, bonus and gifts of the Corporation.- Synthesize, analyze and report number data on salary and income of employees of the Corporation.- Carrying out the work of insurance and personal income tax for employees.- Evaluation of personal KPI- Overdraft, deposit EDUCATION 07/2016 - 08/2016 Senior C&B ProfessionOther - SENIOR HUMAN RESOURCES COMPANY09/2012 - 09/2016Human Resource ManagementBachelor - National Economics University REFERENCING INFORMATION Do Thi Thu TrangDeputy Head of Administration Department at INVESTMENT BANK SECURITIES COMPANY & DEVELOPMENT OF VIETNAM (BSC)trangdtt@bsc.com.vn | +84-983153399Nguyen Thi LoanHead of Labor Organization Department at VIETTEL Postal Joint Stock Corporation(VIETTELPOST)loannt@viettelpost.com.vn | +84-984369488",
  "educations": [
    {
      "id": 5703,
      "gpa": null,
      "major": "Managing human resource",
      "school": "National Economics University",
      "diploma": "Bachelors",
      "end_time": "2016-09-01T00:00:00Z",
      "conf_score": 0.9265487929128834,
      "start_time": "2012-09-01T00:00:00Z",
      "picklist_major": "Human Resources",
      "major categories": "Business and management",
      "major_categories_detail": "Management Management"
    }
  ],
  "experiences": [
    {
      "id": 19071,
      "detail": "- Calculating and processing monthly salary, bonus and holiday gifts - Participating in the development of salary fund plan, welfare regime, salary policy, bonus and gifts of the Company - General Collect, analyze and report salary and income data of the Corporation's employees- Perform insurance and personal income tax work for employees- Evaluate individual KPIs and evaluate emulation reward- Evaluation, review and adjustment of employee's salary",
      "company": "VIETNAM BANK FOR INVESTMENT & DEVELOPMENT SECURITIES COMPANY (BSC)",
      "end_time": "2023-04-13T00:00:00Z",
      "industry": "Banking",
      "position": "C&B Specialist",
      "conf_score": 0.959177526346337,
      "start_time": "2020-05-01T00:00:00Z"
    },
    {
      "id": 19072,
      "detail": "General management of staff in the C&B Group Directly performing the work of the group including:- Calculating and carrying out procedures for payment of monthly salaries, bonuses and holiday gifts.- Participating in the development of policies, welfare regimes, policies on salary, bonuses and gifts of the Corporation.- Synthesize, analyze and report data on salary and income of employees of the Corporation.- Carry out work on insurance Insurance, personal income tax for employees.- Personal KPI assessment- Overdraft, deposit",
      "company": "VIETTEL Postal Joint Stock Corporation (VIETTELPOST)",
      "end_time": "2020-04-30T00:00:00Z",
      "industry": "Transportation & Logistics",
      "position": "C&B SPECIALIST",
      "conf_score": 0.9542271074073599,
      "start_time": "2016-09-01T00:00:00Z"
    },
    {
      "id": 19073,
      "detail": "High-class C&B businessOther -",
      "company": "SENIOR HUMAN RESOURCES COMPANY",
      "end_time": "2016-08-31T00:00:00Z",
      "industry": "Other",
      "position": null,
      "conf_score": 0.7050867654707917,
      "start_time": "2016-07-01T00:00:00Z"
    }
  ]
}