{
  "skills": [
    "payment",
    "internal audit",
    "accounting",
    "finance",
    "association of chartered certified accountants (ac",
    "microsoft",
    "analysis",
    "investments",
    "implementation",
    "auditing",
    "financial process control",
    "management",
    "excel",
    "microsoft excel"
  ],
  "address": "Hanoi, Vietnam",
  "fulltext": "Vu Thi Minh Hoa Financial Controller vuthiminhhoa39@gmail.com 0399 808 392 Hanoi, Vietnam 05 September, 1995 WORK EXPERIENCE Financial Controller Vinmec International Hospital Joint Stock Company 01/2022 - Present, Build financial models, appraisal long-term business plans and new projects .Internal audit of important business/operating policies, review and revisefinancial control processes Evaluate the effectiveness of bonuses and commissions policies for SalesDepartment Organize and control budget preparation and implementation in hospitals Management of The Kind Heart Fund operations Senior Accounting Officer IDJ Investment Joint Stock Company 01 /2020 - 12/2021, Prepare financial statements and tax reports, manage tax payments forsubsidiaries Control the cash inflows, outflows and receivables of the largest project inthe Group (with about 3,000 customers) and prepare internal reports tomeasure its cash position and determine the sources of finance Monitor cash balance in the bank along with preparation of cash positionsupon request and notify manager of account shortfalls Reviews requests for payments and the appropriateness of expendituresthat in line with budgets and construction contracts. Process payments forsuppliers Issue invoices to customers, record accounting transactions and work withbank clerks to prepare business loan proposals Audit Senior 1 Deloitte Vietnam Company Limited 12/2016 - 11/2019, Review the accounts of companies and organizations to ensure the validity and legality of their financial records Analyze the financial statements and other non-financial information todemonstrate an understanding and industry knowledge in various sectors Assist clients in preparing financial statements and other financial reports Provide recommendations for financial and business process improvementsbased upon knowledge gained relative to the clients operations, processes,and business objectives Achievements/Tasks EDUCATION Auditing and Accounting National Economics University 2013 - 2017, GPA: 8.6/10 ACCA Qualification FTMS Global, Hanoi 2016 - Present, ACCA Foundation Level completed SKILLS Accounting Auditing Financial Reporting Tax Accounting and Tax Law Microsoft Excel Financial Analysis Presentation and Pitching Ideas Time Management LANGUAGES English (TOEIC 895/990, Listening & Reading) Professional Working Proficiency INTERESTS Reading Biographies and Novels Thriller and Action Films Traveling",
  "educations": [
    {
      "id": 5704,
      "gpa": "8.6",
      "major": "Accountant",
      "school": "National Economics University",
      "diploma": "Bachelors",
      "end_time": "2017-01-01T00:00:00Z",
      "conf_score": 0.7851615749618549,
      "start_time": "2013-01-01T00:00:00Z",
      "picklist_major": "Accounting",
      "major categories": "Business and management",
      "major_categories_detail": "Finance Bank Insurance"
    }
  ],
  "experiences": [
    {
      "id": 19074,
      "detail": "Build financial models, appraisal long-term business plans and new projects.Internal audit of important business/operating policies, review and revise financial control processesEvaluate the effectiveness of bonuses and commissions policies for Sales Department Organize and control budget preparation and implementation in hospitalsManagement of The Kind Heart Fund operationsAchievements/Tasks",
      "company": "Vinmec International Hospital Joint Stock Company",
      "end_time": "2023-04-13T00:00:00Z",
      "industry": "Other",
      "position": "Financial Controller",
      "conf_score": 0.9230513043345034,
      "start_time": "2022-01-01T00:00:00Z"
    },
    {
      "id": 19075,
      "detail": ", Prepare financial statements and tax reports, manage tax payments for subsidiariesControl the cash inflows, outflows and receivables of the largest project in the Group (with about 3,000 customers) and prepare internal reports to measure its cash position and determine the sources of financeMonitor cash balance in the bank along with preparation of cash positions upon request and notify manager of account shortfallsReviews requests for payments and the appropriateness of expenditures that in line with budgets and construction contracts. Process payments for suppliersIssue invoices to customers, record accounting transactions and work with bank clerks to prepare business loan proposals",
      "company": "IDJ Investment Joint Stock Company",
      "end_time": "2021-12-31T00:00:00Z",
      "industry": "Other",
      "position": "Senior Accounting Officer",
      "conf_score": 0.9542271074073599,
      "start_time": "2020-01-01T00:00:00Z"
    },
    {
      "id": 19076,
      "detail": ", Review the accounts of companies and organizations to ensure the validity and legality of their financial recordsAnalyze the financial statements and other non-financial information to demonstrate an understanding and industry knowledge in various sectorsAssist clients in preparing financial statements and other financial reportsProvide recommendations for financial statements and business process based improvements upon knowledge gained relative to the clients operations, processes, and business objectives",
      "company": "Deloitte Vietnam Company Limited",
      "end_time": "2019-11-30T00:00:00Z",
      "industry": "Other",
      "position": "Audit Senior 1",
      "conf_score": 0.9542271074073599,
      "start_time": "2016-12-01T00:00:00Z"
    }
  ]
}